GEO_ID,B11001_E001,B11001_M001,B11001_E002,B11001_M002,B11001_E003,B11001_M003,B11001_E004,B11001_M004,B11001_E005,B11001_M005,B11001_E006,B11001_M006,B11001_E007,B11001_M007,B11001_E008,B11001_M008,B11001_E009,B11001_M009
860Z200US90001,13416,568,11275,620,5969,438,5306,481,2122,309,3184,405,2141,270,1458,229,683,174
860Z200US90002,13319,438,10522,489,4693,428,5829,461,1660,276,4169,453,2797,366,2342,343,455,148
860Z200US90003,17634,686,13952,673,6424,493,7528,590,2368,395,5160,474,3682,316,2821,282,861,208
860Z200US90004,23735,778,12501,697,7907,494,4594,437,1558,321,3036,358,11234,777,8085,687,3149,443
860Z200US90005,17477,638,8111,578,4921,483,3190,389,1335,271,1855,335,9366,669,7576,681,1790,310
860Z200US90006,19268,666,12273,673,6462,530,5811,527,1864,299,3947,405,6995,489,5181,465,1814,243
860Z200US90007,12451,577,5406,400,2605,287,2801,352,916,197,1885,289,7045,514,3814,439,3231,283
860Z200US90008,14740,843,7094,611,3796,496,3298,482,898,310,2400,351,7646,762,6784,752,862,289
860Z200US90010,2488,303,823,176,628,160,195,91,67,50,128,73,1665,257,1116,210,549,191
860Z200US90011,24156,841,19862,679,9869,599,9993,644,3448,435,6545,554,4294,548,2999,483,1295,263
860Z200US90012,15236,778,5312,412,3585,363,1727,302,836,214,891,255,9924,669,7245,590,2679,406
860Z200US90013,8399,707,1215,301,973,253,242,142,185,143,57,52,7184,728,6201,678,983,303
860Z200US90014,6450,565,1090,324,795,324,295,151,120,107,175,148,5360,524,4636,500,724,266
860Z200US90015,13180,716,4695,600,3075,494,1620,368,753,328,867,218,8485,669,6593,637,1892,496
860Z200US90016,17844,760,10327,643,5481,455,4846,480,1428,302,3418,455,7517,669,5591,574,1926,329
860Z200US90017,14148,702,5338,518,2520,411,2818,371,1065,244,1753,281,8810,714,7063,614,1747,269
860Z200US90018,16646,574,10770,586,6118,525,4652,492,1560,359,3092,400,5876,509,4730,484,1146,223
860Z200US90019,23724,887,12868,842,7351,621,5517,630,1910,334,3607,492,10856,728,7699,521,3157,547
860Z200US90020,17563,803,8492,610,5754,619,2738,384,977,258,1761,320,9071,684,7358,669,1713,318
860Z200US90021,1541,247,455,152,240,138,215,61,71,47,144,61,1086,191,951,186,135,83
860Z200US90022,17007,577,13642,635,7088,483,6554,684,2544,420,4010,446,3365,384,2462,358,903,198
860Z200US90023,11842,411,9772,440,5176,391,4596,367,1554,266,3042,314,2070,211,1526,202,544,157
860Z200US90024,16847,813,5549,486,4741,471,808,243,286,137,522,207,11298,796,7348,610,3950,519
860Z200US90025,22875,864,8742,663,6345,573,2397,465,1005,335,1392,287,14133,808,9686,659,4447,588
860Z200US90026,26461,769,11942,578,6684,428,5258,462,1923,355,3335,417,14519,788,9380,683,5139,476
860Z200US90027,21736,540,8498,553,6044,509,2454,340,813,214,1641,319,13238,585,9586,559,3652,362
860Z200US90028,17643,962,4712,588,3162,513,1550,343,507,165,1043,323,12931,996,10398,921,2533,487
860Z200US90029,13089,473,6291,511,4035,461,2256,301,718,189,1538,251,6798,379,5163,387,1635,283
860Z200US90031,12166,557,8168,444,4959,433,3209,300,930,174,2279,263,3998,517,2875,469,1123,219
860Z200US90032,13372,440,9525,432,5971,427,3554,288,1162,188,2392,261,3847,311,2627,273,1220,208
860Z200US90033,13149,495,9212,467,4396,401,4816,432,1652,262,3164,375,3937,360,2964,320,973,192
860Z200US90034,25628,1029,10362,715,7376,623,2986,501,781,240,2205,466,15266,891,10764,895,4502,484
860Z200US90035,11997,690,5749,476,4654,433,1095,275,374,152,721,200,6248,678,4161,584,2087,455
860Z200US90036,19985,642,7054,472,5570,476,1484,251,395,140,1089,219,12931,596,9441,650,3490,401
860Z200US90037,17709,592,13257,539,5969,503,7288,434,2753,319,4535,414,4452,438,3237,419,1215,237
860Z200US90038,13344,656,4522,396,2635,426,1887,302,812,250,1075,225,8822,591,6390,620,2432,368
860Z200US90039,12351,667,5930,379,4262,316,1668,264,739,224,929,191,6421,607,4501,567,1920,331
860Z200US90040,3344,202,2537,177,1606,214,931,214,432,169,499,143,807,181,715,171,92,71
860Z200US90041,9790,529,5950,449,4494,405,1456,260,498,185,958,175,3840,476,2701,403,1139,270
860Z200US90042,21490,712,13236,626,9217,631,4019,332,1395,274,2624,299,8254,648,5501,540,2753,375
860Z200US90043,16883,698,10331,650,5696,597,4635,530,1315,273,3320,481,6552,648,5768,634,784,241
860Z200US90044,27423,899,19925,902,8651,576,11274,797,2818,409,8456,654,7498,625,6106,585,1392,285
860Z200US90045,16311,667,9026,587,7205,515,1821,396,577,206,1244,336,7285,580,4916,501,2369,434
860Z200US90046,28716,830,8348,615,6284,607,2064,392,670,264,1394,278,20368,936,15487,960,4881,562
860Z200US90047,17198,829,11715,779,5233,525,6482,767,1475,456,5007,667,5483,541,4702,522,781,226
860Z200US90048,11838,662,3770,322,2966,323,804,219,402,174,402,136,8068,649,6361,633,1707,355
860Z200US90049,16605,635,8414,535,7158,494,1256,259,519,157,737,183,8191,576,6062,547,2129,341
860Z200US90052,0,14,0,14,0,14,0,14,0,14,0,14,0,14,0,14,0,14
860Z200US90056,3531,390,2457,402,1338,293,1119,322,426,256,693,226,1074,312,902,272,172,105
860Z200US90057,16688,553,8725,542,4228,408,4497,434,1904,319,2593,365,7963,470,6012,459,1951,289
860Z200US90058,1105,235,740,208,317,185,423,137,54,47,369,132,365,126,267,117,98,103
860Z200US90059,10245,488,7895,560,3792,509,4103,472,840,207,3263,454,2350,309,2154,317,196,99
860Z200US90061,7729,580,5594,398,2382,249,3212,373,1173,260,2039,286,2135,446,1914,440,221,106
860Z200US90062,9626,445,7051,435,3295,407,3756,368,960,282,2796,368,2575,243,1964,234,611,176
860Z200US90063,13229,486,10392,547,5856,459,4536,432,1617,284,2919,382,2837,372,1929,309,908,216
860Z200US90064,11807,523,6356,441,5362,355,994,288,366,171,628,218,5451,505,4018,537,1433,284
860Z200US90065,16441,741,10499,601,7395,565,3104,379,1108,249,1996,281,5942,522,4060,506,1882,235
860Z200US90066,24867,846,12392,723,9612,616,2780,443,1100,248,1680,339,12475,763,9291,749,3184,378
860Z200US90067,1918,263,676,203,537,177,139,120,121,116,18,30,1242,247,1171,240,71,55
860Z200US90068,12103,663,4120,394,3126,430,994,270,313,115,681,245,7983,696,6248,645,1735,271
860Z200US90069,13068,768,3104,412,2376,397,728,218,133,82,595,197,9964,810,7641,819,2323,352
860Z200US90071,0,14,0,14,0,14,0,14,0,14,0,14,0,14,0,14,0,14
860Z200US90073,0,14,0,14,0,14,0,14,0,14,0,14,0,14,0,14,0,14
860Z200US90077,3225,293,2287,275,1942,268,345,142,103,56,242,124,938,181,784,168,154,92
860Z200US90079,0,14,0,14,0,14,0,14,0,14,0,14,0,14,0,14,0,14
860Z200US90089,6,8,0,14,0,14,0,14,0,14,0,14,6,8,0,14,6,8
860Z200US90094,6075,468,2802,388,2350,423,452,230,111,83,341,216,3273,455,2351,502,922,349
860Z200US90095,0,14,0,14,0,14,0,14,0,14,0,14,0,14,0,14,0,14
860Z200US90201,24358,538,20430,413,10250,641,10180,588,3303,430,6877,486,3928,496,2929,455,999,234
860Z200US90210,8025,501,5020,388,4330,358,690,216,341,130,349,142,3005,441,2437,397,568,181
860Z200US90211,3693,346,2160,272,1644,261,516,135,146,78,370,120,1533,318,1247,250,286,163
860Z200US90212,5439,462,2725,344,2089,295,636,268,144,129,492,269,2714,429,2335,398,379,226
860Z200US90220,13595,510,10607,466,5530,551,5077,499,1725,333,3352,417,2988,442,2633,397,355,203
860Z200US90221,12397,422,9897,400,5539,421,4358,451,1535,267,2823,394,2500,282,2080,264,420,159
860Z200US90222,8519,499,6799,483,3670,440,3129,440,932,240,2197,341,1720,298,1448,291,272,112
860Z200US90230,13243,690,7401,521,5889,505,1512,250,183,80,1329,252,5842,725,4841,742,1001,250
860Z200US90232,7337,481,3929,385,3126,396,803,225,335,169,468,162,3408,486,2575,466,833,222
860Z200US90240,7675,436,6262,468,4040,381,2222,346,836,217,1386,350,1413,282,1178,261,235,123
860Z200US90241,14481,597,11080,458,6405,535,4675,499,1752,335,2923,378,3401,461,2475,384,926,265
860Z200US90242,12571,620,9698,505,6102,480,3596,467,1140,318,2456,351,2873,463,2339,433,534,177
860Z200US90245,7125,267,4029,298,3164,320,865,185,284,127,581,167,3096,417,2074,351,1022,260
860Z200US90247,16158,651,11450,612,6732,578,4718,492,1737,395,2981,367,4708,584,3986,531,722,144
860Z200US90248,4068,373,2892,367,1875,279,1017,288,210,106,807,257,1176,220,829,163,347,138
860Z200US90249,8880,490,6047,463,3842,357,2205,401,655,200,1550,376,2833,471,2073,336,760,277
860Z200US90250,32712,774,21703,586,12659,719,9044,683,2532,415,6512,590,11009,872,8759,854,2250,336
860Z200US90254,8922,359,4483,279,3747,261,736,151,297,121,439,153,4439,494,3329,422,1110,230
860Z200US90255,18714,530,15191,423,8375,580,6816,469,1897,261,4919,431,3523,399,2647,368,876,213
860Z200US90260,10330,524,7626,392,4574,403,3052,438,1185,328,1867,303,2704,377,1887,299,817,192
860Z200US90262,15130,523,12954,350,7514,520,5440,480,2004,362,3436,371,2176,384,1835,375,341,114
860Z200US90263,0,14,0,14,0,14,0,14,0,14,0,14,0,14,0,14,0,14
860Z200US90265,6219,414,4179,352,3495,350,684,153,207,110,477,111,2040,306,1541,297,499,172
860Z200US90266,13323,478,9287,337,8011,378,1276,231,550,168,726,179,4036,549,3081,485,955,265
860Z200US90270,6341,265,5365,231,2988,314,2377,286,925,220,1452,239,976,207,716,186,260,101
860Z200US90272,8282,440,5766,421,4895,412,871,162,303,101,568,153,2516,330,2030,305,486,183
860Z200US90274,9182,440,7152,306,6004,394,1148,321,464,227,684,222,2030,341,1810,315,220,85
860Z200US90275,15335,424,11974,367,10199,470,1775,414,393,149,1382,385,3361,411,2963,371,398,139
860Z200US90277,16393,600,8194,531,6895,452,1299,322,411,165,888,308,8199,735,6662,693,1537,371
860Z200US90278,15863,560,10545,501,8459,432,2086,374,452,182,1634,355,5318,568,3452,418,1866,380
860Z200US90280,24791,688,20303,581,12032,633,8271,515,3000,377,5271,484,4488,554,3307,471,1181,234
860Z200US90290,2236,253,1453,256,1183,232,270,116,114,82,156,88,783,184,538,165,245,104
860Z200US90291,14247,782,4774,488,3850,418,924,233,408,147,516,169,9473,794,7667,744,1806,283
860Z200US90292,13198,948,4875,681,3932,682,943,361,261,222,682,292,8323,859,5860,686,2463,595
860Z200US90293,6573,452,2894,349,2477,344,417,152,202,96,215,113,3679,409,2579,361,1100,194
860Z200US90301,12165,586,8069,540,4351,600,3718,449,1277,290,2441,403,4096,496,3462,494,634,201
860Z200US90302,10464,553,6764,500,3101,360,3663,463,798,278,2865,432,3700,364,2921,346,779,216
860Z200US90303,6932,374,5256,415,2926,305,2330,388,763,178,1567,328,1676,259,1278,209,398,159
860Z200US90304,7253,527,5846,428,3914,410,1932,369,799,234,1133,226,1407,402,1032,338,375,170
860Z200US90305,5897,386,3652,350,1824,201,1828,304,383,155,1445,280,2245,306,1903,307,342,137
860Z200US90401,4942,436,1242,236,1077,217,165,102,110,91,55,53,3700,444,2905,413,795,295
860Z200US90402,4742,310,3109,249,2680,272,429,147,152,88,277,124,1633,288,1382,281,251,142
860Z200US90403,13372,677,5818,527,4576,535,1242,361,219,108,1023,342,7554,719,6589,669,965,267
860Z200US90404,10512,611,4717,441,3045,406,1672,310,640,230,1032,260,5795,545,4588,624,1207,256
860Z200US90405,13972,766,5589,499,3934,385,1655,413,526,189,1129,395,8383,715,6664,709,1719,286
860Z200US90501,14512,615,9772,522,6906,510,2866,357,797,255,2069,297,4740,524,3647,434,1093,242
860Z200US90502,6533,556,4664,534,3204,474,1460,299,365,183,1095,232,1869,373,1416,302,453,173
860Z200US90503,17091,675,11240,568,8439,421,2801,438,861,266,1940,374,5851,540,4749,513,1102,235
860Z200US90504,11664,574,8392,477,6279,522,2113,317,552,184,1561,280,3272,541,2432,426,840,335
860Z200US90505,13925,588,9191,502,7768,520,1423,309,294,162,1129,241,4734,520,3924,506,810,210
860Z200US90506,0,14,0,14,0,14,0,14,0,14,0,14,0,14,0,14,0,14
860Z200US90601,10789,546,7610,553,5440,471,2170,394,596,177,1574,315,3179,360,2553,360,626,187
860Z200US90602,7950,408,5629,377,3747,387,1882,280,569,190,1313,206,2321,347,1957,326,364,145
860Z200US90603,6425,402,5078,369,3667,418,1411,293,407,161,1004,268,1347,278,1075,241,272,127
860Z200US90604,11630,429,9254,407,6713,461,2541,300,962,187,1579,240,2376,298,1755,270,621,173
860Z200US90605,10816,436,8867,409,6541,395,2326,282,861,222,1465,271,1949,350,1520,309,429,138
860Z200US90606,8705,419,7122,406,4692,406,2430,341,762,221,1668,293,1583,293,1421,285,162,70
860Z200US90620,13111,593,11049,495,8426,469,2623,422,910,270,1713,310,2062,363,1586,327,476,161
860Z200US90621,10950,596,8734,539,5742,560,2992,451,1201,337,1791,372,2216,356,1414,266,802,243
860Z200US90623,5093,266,3926,184,3114,233,812,182,238,104,574,156,1167,274,956,260,211,100
860Z200US90630,16018,444,12675,359,9687,386,2988,334,762,147,2226,299,3343,413,2430,355,913,309
860Z200US90631,22673,648,17282,524,12549,638,4733,442,1761,349,2972,390,5391,687,4196,622,1195,238
860Z200US90638,15120,561,11966,327,9062,413,2904,383,923,206,1981,340,3154,541,2818,514,336,114
860Z200US90639,0,14,0,14,0,14,0,14,0,14,0,14,0,14,0,14,0,14
860Z200US90640,19722,417,14526,485,8361,522,6165,552,2039,397,4126,458,5196,548,3841,460,1355,357
860Z200US90650,26801,579,21705,579,14342,560,7363,544,2603,401,4760,449,5096,454,3865,459,1231,272
860Z200US90660,16804,514,13554,380,8776,525,4778,424,1662,255,3116,381,3250,580,2565,511,685,204
860Z200US90670,5614,312,4216,251,2803,264,1413,251,350,161,1063,206,1398,278,1145,240,253,125
860Z200US90680,10350,564,7062,365,5005,420,2057,329,820,173,1237,265,3288,605,2695,577,593,196
860Z200US90701,4379,275,3583,273,2496,353,1087,216,351,150,736,196,796,247,587,201,209,117
860Z200US90703,15869,443,13328,358,10369,484,2959,352,983,229,1976,314,2541,433,2210,417,331,109
860Z200US90704,1231,179,982,141,651,158,331,131,87,97,244,107,249,165,219,160,30,51
860Z200US90706,23669,510,17651,483,10566,459,7085,489,2196,299,4889,388,6018,524,4374,458,1644,405
860Z200US90710,9388,538,6799,479,4683,418,2116,332,470,137,1646,311,2589,296,2115,267,474,132
860Z200US90712,9997,387,7705,350,5858,413,1847,306,530,206,1317,274,2292,317,1784,285,508,164
860Z200US90713,9361,381,7581,397,5879,348,1702,324,563,249,1139,221,1780,291,1338,257,442,135
860Z200US90715,6372,334,4935,338,2878,258,2057,344,605,202,1452,308,1437,243,1134,236,303,90
860Z200US90716,3807,227,3025,220,1653,268,1372,245,468,182,904,229,782,223,608,198,174,107
860Z200US90717,7845,345,5306,251,3772,366,1534,321,502,153,1032,295,2539,315,2060,302,479,156
860Z200US90720,8383,362,6532,328,4946,364,1586,275,447,127,1139,232,1851,293,1517,253,334,118
860Z200US90723,14348,408,11729,335,6631,495,5098,543,1690,382,3408,374,2619,347,2060,326,559,154
860Z200US90731,23131,780,14460,678,8670,617,5790,552,1949,314,3841,458,8671,729,6786,629,1885,367
860Z200US90732,9178,502,6040,525,4666,463,1374,259,540,164,834,235,3138,385,2740,364,398,139
860Z200US90740,12752,452,5995,262,4973,268,1022,256,460,215,562,144,6757,586,6044,596,713,202
860Z200US90742,251,81,76,47,67,44,9,15,0,14,9,15,175,71,154,68,21,24
860Z200US90743,192,73,101,50,94,48,7,12,7,12,0,14,91,64,55,43,36,39
860Z200US90744,14959,411,11753,473,7157,499,4596,355,1767,270,2829,308,3206,344,2623,318,583,166
860Z200US90745,15606,540,12559,544,8832,583,3727,408,1598,298,2129,326,3047,431,2473,384,574,176
860Z200US90746,8599,534,6634,496,3631,445,3003,482,1071,315,1932,398,1965,326,1670,282,295,145
860Z200US90747,0,14,0,14,0,14,0,14,0,14,0,14,0,14,0,14,0,14
860Z200US90755,4710,482,2734,184,1896,236,838,210,393,167,445,160,1976,476,1421,382,555,203
860Z200US90802,22334,922,6704,573,3958,521,2746,425,1131,300,1615,306,15630,839,12130,749,3500,482
860Z200US90803,17038,848,7355,582,5644,512,1711,369,578,302,1133,231,9683,735,7432,769,2251,344
860Z200US90804,15041,623,8446,598,4533,446,3913,514,1444,346,2469,425,6595,560,4483,450,2112,390
860Z200US90805,28256,706,20382,822,11142,549,9240,757,2031,372,7209,693,7874,652,5668,571,2206,412
860Z200US90806,12347,538,8772,523,4871,514,3901,449,1183,263,2718,373,3575,397,2694,322,881,199
860Z200US90807,12808,565,7780,555,5566,445,2214,386,616,223,1598,256,5028,578,3882,553,1146,220
860Z200US90808,14217,480,10633,497,8414,480,2219,328,488,206,1731,320,3584,411,2936,383,648,167
860Z200US90810,9970,512,7743,563,4781,419,2962,427,853,246,2109,388,2227,306,1815,247,412,166
860Z200US90813,17336,592,10371,565,5308,440,5063,452,1762,351,3301,394,6965,550,5232,503,1733,294
860Z200US90814,9521,472,4264,507,3108,407,1156,304,392,143,764,292,5257,448,3569,377,1688,326
860Z200US90815,15457,592,10405,593,8167,499,2238,373,616,154,1622,358,5052,465,3684,394,1368,254
860Z200US90822,0,14,0,14,0,14,0,14,0,14,0,14,0,14,0,14,0,14
860Z200US90831,0,14,0,14,0,14,0,14,0,14,0,14,0,14,0,14,0,14
860Z200US90840,0,14,0,14,0,14,0,14,0,14,0,14,0,14,0,14,0,14
860Z200US91001,12724,580,9125,545,6695,490,2430,490,498,152,1932,481,3599,357,2879,321,720,190
860Z200US91006,10623,437,8764,439,6405,438,2359,403,689,217,1670,373,1859,290,1468,261,391,158
860Z200US91007,11705,568,8380,547,6181,478,2199,430,548,216,1651,387,3325,505,2679,465,646,218
860Z200US91008,314,54,272,50,242,51,30,16,10,8,20,16,42,19,35,18,7,6
860Z200US91010,8579,356,6386,287,4244,335,2142,306,716,216,1426,243,2193,318,1852,308,341,143
860Z200US91011,6403,263,5601,206,5068,221,533,152,129,71,404,139,802,183,689,160,113,73
860Z200US91016,15312,569,10146,373,6780,456,3366,425,1051,286,2315,371,5166,512,3895,458,1271,284
860Z200US91020,3212,343,1718,338,1143,288,575,174,203,129,372,159,1494,301,1271,299,223,132
860Z200US91024,4711,254,2940,220,2307,247,633,196,81,53,552,190,1771,371,1509,348,262,130
860Z200US91030,10413,387,6760,317,5147,321,1613,262,413,155,1200,215,3653,495,2971,503,682,193
860Z200US91040,7513,387,5431,370,3861,361,1570,247,533,166,1037,210,2082,363,1785,331,297,135
860Z200US91042,10190,567,7145,502,4976,435,2169,372,890,239,1279,266,3045,442,2547,402,498,176
860Z200US91046,88,54,54,55,54,55,0,14,0,14,0,14,34,28,34,28,0,14
860Z200US91101,11332,625,3852,424,2721,385,1131,278,353,152,778,213,7480,635,6119,657,1361,252
860Z200US91103,8496,472,5428,474,3292,395,2136,366,578,174,1558,322,3068,339,2315,292,753,196
860Z200US91104,13490,665,8764,606,6048,581,2716,393,898,241,1818,377,4726,523,3580,471,1146,219
860Z200US91105,5771,365,3030,256,2496,260,534,132,174,88,360,118,2741,290,2066,263,675,174
860Z200US91106,10546,604,5221,496,3670,412,1551,374,417,190,1134,290,5325,530,3621,471,1704,350
860Z200US91107,13048,599,8415,510,6526,414,1889,369,904,298,985,194,4633,474,3554,464,1079,255
860Z200US91108,3934,390,3288,330,2673,299,615,163,215,104,400,121,646,213,577,201,69,47
860Z200US91125,85,113,0,14,0,14,0,14,0,14,0,14,85,113,14,22,71,113
860Z200US91201,8031,420,5236,401,3958,377,1278,265,487,151,791,219,2795,428,2166,350,629,229
860Z200US91202,8779,589,5654,419,4093,428,1561,277,456,192,1105,208,3125,516,2578,484,547,173
860Z200US91203,6938,419,3879,379,2341,317,1538,295,552,187,986,252,3059,363,2437,315,622,192
860Z200US91204,6805,443,4167,330,2845,352,1322,268,378,150,944,240,2638,480,2118,484,520,174
860Z200US91205,13572,515,8290,492,5803,412,2487,367,838,206,1649,284,5282,509,4242,447,1040,245
860Z200US91206,12449,648,8480,524,6199,563,2281,383,875,230,1406,283,3969,434,3219,454,750,172
860Z200US91207,3995,349,2866,335,2129,336,737,241,136,112,601,223,1129,312,907,301,222,118
860Z200US91208,6029,535,4251,504,3215,361,1036,411,308,356,728,230,1778,286,1469,283,309,110
860Z200US91210,167,73,127,69,100,64,27,30,18,27,9,13,40,36,40,36,0,14
860Z200US91214,10638,657,8461,588,7075,564,1386,256,303,110,1083,252,2177,301,1900,318,277,104
860Z200US91301,8730,457,6503,268,5378,288,1125,235,388,150,737,184,2227,397,1787,387,440,129
860Z200US91302,9711,475,7189,406,5949,390,1240,318,381,138,859,281,2522,345,1694,290,828,276
860Z200US91303,10484,452,6267,582,3631,389,2636,520,666,228,1970,447,4217,475,2789,369,1428,357
860Z200US91304,18369,579,13442,645,8861,620,4581,413,1235,279,3346,346,4927,546,3842,518,1085,190
860Z200US91306,14697,507,11070,527,7359,496,3711,434,1080,227,2631,422,3627,421,2891,386,736,168
860Z200US91307,8735,481,6802,477,5561,481,1241,233,561,180,680,160,1933,288,1455,238,478,194
860Z200US91311,14391,541,10377,611,7721,568,2656,389,708,145,1948,366,4014,398,3306,364,708,175
860Z200US91316,12874,647,7716,607,6091,498,1625,354,428,177,1197,315,5158,681,4337,612,821,270
860Z200US91320,15043,512,11420,507,9583,530,1837,284,646,185,1191,242,3623,428,2708,394,915,220
860Z200US91321,10764,550,7677,485,5323,417,2354,416,949,273,1405,308,3087,438,2533,439,554,167
860Z200US91324,10445,646,6634,493,4837,480,1797,342,750,275,1047,248,3811,504,2828,417,983,278
860Z200US91325,12795,636,8026,558,5730,497,2296,391,641,171,1655,352,4769,565,3391,488,1378,285
860Z200US91326,12948,419,9819,409,8209,393,1610,303,647,205,963,227,3129,349,2428,348,701,200
860Z200US91330,4,7,4,7,0,14,4,7,0,14,4,7,0,14,0,14,0,14
860Z200US91331,23036,619,19566,570,12113,557,7453,465,2783,331,4670,398,3470,453,2895,427,575,154
860Z200US91335,24234,787,17300,697,11919,604,5381,563,1529,299,3852,471,6934,584,5507,493,1427,301
860Z200US91340,8542,401,7197,317,4590,383,2607,310,1008,292,1599,280,1345,280,971,247,374,175
860Z200US91342,25205,668,20626,666,13509,649,7117,617,2232,313,4885,529,4579,430,3636,386,943,224
860Z200US91343,18175,514,13733,577,8742,650,4991,422,1760,262,3231,378,4442,396,3361,381,1081,202
860Z200US91344,17774,731,13552,737,10176,635,3376,455,1196,243,2180,376,4222,427,3467,400,755,175
860Z200US91345,5489,339,4039,321,2573,310,1466,251,517,192,949,204,1450,251,969,180,481,199
860Z200US91350,13734,589,11203,562,9623,542,1580,334,358,117,1222,314,2531,301,1926,318,605,180
860Z200US91351,10420,606,8262,590,5972,600,2290,454,917,243,1373,369,2158,378,1435,291,723,201
860Z200US91352,12402,477,9894,475,6441,446,3453,379,1253,282,2200,291,2508,267,1991,255,517,145
860Z200US91354,10967,508,8912,520,7242,480,1670,398,422,140,1248,376,2055,305,1591,261,464,183
860Z200US91355,11788,526,7402,509,5943,526,1459,260,266,118,1193,226,4386,490,3452,485,934,257
860Z200US91356,12155,503,7731,425,6089,403,1642,279,401,139,1241,269,4424,468,3454,432,970,277
860Z200US91360,15161,607,10310,519,8220,497,2090,435,951,412,1139,220,4851,494,4160,489,691,178
860Z200US91361,7773,448,5069,401,4017,340,1052,217,355,167,697,181,2704,327,2223,310,481,139
860Z200US91362,13823,678,9437,570,7818,512,1619,378,491,218,1128,289,4386,588,3455,538,931,249
860Z200US91364,10219,466,7336,552,5929,448,1407,377,328,138,1079,344,2883,306,2086,265,797,192
860Z200US91367,18919,846,11607,750,8367,615,3240,517,875,242,2365,430,7312,701,5740,581,1572,508
860Z200US91371,0,14,0,14,0,14,0,14,0,14,0,14,0,14,0,14,0,14
860Z200US91377,5006,348,3821,313,3267,322,554,160,99,65,455,146,1185,253,994,243,191,92
860Z200US91381,7267,474,5815,535,4841,500,974,290,553,226,421,155,1452,327,1149,320,303,149
860Z200US91384,7136,322,5957,344,4868,346,1089,223,419,147,670,158,1179,195,1010,197,169,89
860Z200US91387,14233,462,11317,516,8453,545,2864,429,957,290,1907,332,2916,442,2034,344,882,222
860Z200US91390,6326,418,5023,441,4287,458,736,201,269,135,467,153,1303,183,993,173,310,143
860Z200US91401,15053,482,8797,495,5887,538,2910,381,1000,225,1910,366,6256,414,4714,435,1542,234
860Z200US91402,20147,718,15119,601,8641,573,6478,487,2498,348,3980,445,5028,515,3665,471,1363,274
860Z200US91403,11892,558,5933,419,4651,436,1282,238,459,151,823,188,5959,483,4170,423,1789,316
860Z200US91405,18722,737,12172,720,7222,656,4950,521,1665,298,3285,436,6550,568,4562,390,1988,465
860Z200US91406,19154,727,12008,621,7781,555,4227,484,1363,261,2864,432,7146,531,5235,473,1911,313
860Z200US91411,9346,510,5057,441,3089,383,1968,333,617,190,1351,283,4289,404,3279,390,1010,255
860Z200US91423,15475,656,7312,611,5440,499,1872,400,549,198,1323,330,8163,636,5913,546,2250,422
860Z200US91436,6012,459,4297,399,3579,301,718,302,195,126,523,289,1715,372,1254,304,461,216
860Z200US91501,8029,436,5279,430,3570,450,1709,331,578,230,1131,278,2750,409,2210,360,540,162
860Z200US91502,5322,462,2440,348,1487,285,953,310,300,209,653,233,2882,371,2055,303,827,275
860Z200US91504,10067,599,6981,557,5219,529,1762,377,474,164,1288,357,3086,321,2441,324,645,195
860Z200US91505,12975,590,7470,504,5575,478,1895,327,493,159,1402,300,5505,601,4009,482,1496,313
860Z200US91506,7908,487,4680,463,3478,347,1202,399,552,351,650,211,3228,500,2931,482,297,122
860Z200US91601,18732,833,6787,476,4502,476,2285,369,675,197,1610,292,11945,850,8479,787,3466,432
860Z200US91602,10064,602,4274,402,3133,382,1141,252,333,153,808,245,5790,597,4020,518,1770,283
860Z200US91604,14848,769,7243,557,5765,499,1478,283,349,122,1129,273,7605,678,5183,624,2422,507
860Z200US91605,16139,639,11613,609,6917,500,4696,470,1617,292,3079,397,4526,442,3329,355,1197,243
860Z200US91606,15589,653,9646,605,6066,482,3580,429,1037,228,2543,353,5943,533,4534,517,1409,223
860Z200US91607,13929,603,6805,573,5063,551,1742,285,460,144,1282,257,7124,589,4988,513,2136,439
860Z200US91608,29,27,9,14,9,14,0,14,0,14,0,14,20,31,20,31,0,14
860Z200US91701,12947,577,10283,594,7975,531,2308,452,819,240,1489,331,2664,296,2166,288,498,163
860Z200US91702,17555,558,12980,457,8168,400,4812,419,1567,278,3245,383,4575,586,2924,441,1651,335
860Z200US91706,18485,491,15603,366,9718,405,5885,388,2154,238,3731,369,2882,370,2302,341,580,147
860Z200US91708,5272,492,4443,506,3438,486,1005,349,398,290,607,230,829,350,528,179,301,348
860Z200US91709,25548,629,21131,628,16941,551,4190,462,1610,389,2580,364,4417,638,3278,582,1139,335
860Z200US91710,22987,723,18344,594,13538,536,4806,472,1658,332,3148,404,4643,563,3633,550,1010,230
860Z200US91711,12589,447,8786,368,6889,447,1897,314,490,193,1407,300,3803,506,3066,467,737,172
860Z200US91722,9960,494,7636,465,5065,350,2571,379,868,222,1703,316,2324,424,1698,378,626,194
860Z200US91723,6256,434,4336,345,2791,376,1545,255,394,138,1151,235,1920,303,1602,291,318,122
860Z200US91724,9018,516,7017,481,5003,397,2014,314,514,180,1500,302,2001,342,1369,273,632,222
860Z200US91730,25333,677,17789,746,11739,813,6050,572,1674,283,4376,548,7544,611,6078,550,1466,317
860Z200US91731,8361,371,6230,398,3308,386,2922,334,1169,236,1753,225,2131,310,1725,304,406,135
860Z200US91732,15616,574,12686,517,7335,553,5351,411,1873,272,3478,405,2930,324,2136,288,794,213
860Z200US91733,10816,382,9245,344,5376,372,3869,381,1611,269,2258,300,1571,262,1224,276,347,138
860Z200US91737,7880,463,6149,427,4720,357,1429,271,455,150,974,220,1731,293,1329,285,402,177
860Z200US91739,11823,547,9601,573,7644,633,1957,418,795,353,1162,317,2222,424,1870,404,352,133
860Z200US91740,8144,401,6140,387,4403,375,1737,360,550,189,1187,304,2004,331,1534,272,470,143
860Z200US91741,8777,442,6770,429,5595,471,1175,202,399,143,776,159,2007,310,1535,277,472,165
860Z200US91744,18227,498,16078,496,9974,543,6104,528,2123,365,3981,381,2149,278,1467,195,682,186
860Z200US91745,16499,588,13662,649,9256,501,4406,415,1776,342,2630,312,2837,283,2130,247,707,176
860Z200US91746,7096,398,6147,413,3990,354,2157,280,668,198,1489,264,949,176,748,161,201,93
860Z200US91748,13793,592,11385,613,7992,505,3393,441,1022,218,2371,379,2408,344,1853,327,555,154
860Z200US91750,12368,439,8749,364,6763,453,1986,315,552,176,1434,270,3619,391,2969,355,650,183
860Z200US91752,10142,531,8170,530,6271,580,1899,307,743,220,1156,261,1972,327,1405,195,567,213
860Z200US91754,12041,493,8516,421,5601,427,2915,344,1103,258,1812,300,3525,370,2739,331,786,232
860Z200US91755,8685,433,6730,421,4855,407,1875,288,576,130,1299,250,1955,300,1317,231,638,181
860Z200US91759,162,64,100,48,92,48,8,9,8,9,0,14,62,39,62,39,0,14
860Z200US91761,17807,789,14179,581,9586,570,4593,492,1462,321,3131,422,3628,662,2817,652,811,207
860Z200US91762,19133,639,14928,624,9185,577,5743,577,2347,365,3396,454,4205,414,3148,390,1057,247
860Z200US91763,10267,437,8377,363,5076,429,3301,434,825,210,2476,414,1890,314,1525,283,365,121
860Z200US91764,16595,772,12678,659,7541,565,5137,555,1622,354,3515,433,3917,573,2696,463,1221,321
860Z200US91765,15420,473,12180,437,9568,469,2612,343,946,240,1666,292,3240,497,2617,455,623,245
860Z200US91766,19399,650,15256,688,10235,682,5021,441,1841,328,3180,397,4143,521,2780,413,1363,283
860Z200US91767,14874,714,10779,578,6575,514,4204,457,1423,313,2781,397,4095,653,2856,611,1239,275
860Z200US91768,8524,452,6854,433,4415,449,2439,360,823,226,1616,278,1670,294,1244,270,426,126
860Z200US91770,16728,481,13434,533,9149,486,4285,394,1696,250,2589,295,3294,470,2577,396,717,243
860Z200US91773,12178,435,8820,394,6362,451,2458,412,965,308,1493,271,3358,458,2692,414,666,194
860Z200US91775,8317,463,5982,335,4519,316,1463,221,376,115,1087,202,2335,404,1709,302,626,253
860Z200US91776,11769,504,8910,432,5699,359,3211,421,1239,284,1972,366,2859,406,1993,341,866,234
860Z200US91780,11336,423,9221,324,6371,344,2850,361,1126,281,1724,269,2115,331,1712,288,403,145
860Z200US91784,8962,381,7292,345,6070,353,1222,223,347,128,875,205,1670,223,1298,187,372,146
860Z200US91786,19408,553,13669,552,8710,530,4959,423,1555,261,3404,412,5739,528,3902,407,1837,355
860Z200US91789,12716,406,10980,414,8812,451,2168,252,783,191,1385,180,1736,302,1349,253,387,145
860Z200US91790,12711,506,10289,503,6795,599,3494,451,1127,282,2367,378,2422,332,1720,291,702,187
860Z200US91791,10896,465,8026,432,5374,361,2652,324,658,193,1994,309,2870,445,2196,335,674,298
860Z200US91792,9475,396,7438,366,4824,367,2614,346,812,193,1802,279,2037,271,1550,262,487,138
860Z200US91801,20219,503,13723,544,9114,496,4609,518,1413,298,3196,469,6496,491,4669,447,1827,292
860Z200US91803,9884,351,6855,381,4557,401,2298,291,879,215,1419,255,3029,382,2246,349,783,158
860Z200US91901,6386,392,4739,384,3959,394,780,201,254,132,526,161,1647,308,1174,285,473,191
860Z200US91902,6106,493,4252,368,3507,356,745,197,214,111,531,164,1854,490,1494,487,360,157
860Z200US91905,487,152,298,115,283,116,15,16,6,9,9,12,189,136,152,133,37,58
860Z200US91906,1238,175,862,148,547,124,315,131,75,73,240,122,376,123,273,109,103,80
860Z200US91910,26383,803,19314,807,13024,763,6290,518,1996,383,4294,449,7069,494,5433,538,1636,321
860Z200US91911,25375,967,19604,957,12973,903,6631,649,1723,312,4908,606,5771,569,4667,549,1104,260
860Z200US91913,17086,906,14063,842,11059,859,3004,467,801,264,2203,440,3023,681,2114,580,909,337
860Z200US91914,4869,439,4283,472,3542,472,741,211,205,123,536,173,586,163,531,160,55,46
860Z200US91915,10494,561,8839,631,6492,697,2347,463,1003,342,1344,375,1655,385,1332,341,323,184
860Z200US91916,618,146,429,133,364,122,65,66,13,21,52,63,189,90,165,96,24,27
860Z200US91917,236,98,208,87,141,83,67,51,22,36,45,38,28,33,9,15,19,29
860Z200US91931,280,178,140,92,121,89,19,30,19,30,0,14,140,153,104,141,36,56
860Z200US91932,9308,374,6079,325,3624,340,2455,368,902,274,1553,261,3229,435,2392,370,837,228
860Z200US91934,436,171,364,182,155,134,209,165,0,14,209,165,72,70,31,41,41,59
860Z200US91935,2953,381,2365,368,2161,365,204,87,66,46,138,72,588,132,479,129,109,60
860Z200US91941,12689,638,9122,600,7326,562,1796,319,398,144,1398,284,3567,421,2563,355,1004,226
860Z200US91942,17575,742,8944,407,6105,434,2839,439,555,183,2284,450,8631,779,6747,715,1884,382
860Z200US91945,9420,408,6544,284,4180,329,2364,297,649,197,1715,271,2876,405,2270,391,606,165
860Z200US91948,49,37,16,29,16,29,0,14,0,14,0,14,33,36,16,26,17,27
860Z200US91950,17951,667,13101,513,7730,470,5371,516,1453,311,3918,423,4850,639,4054,603,796,208
860Z200US91962,1056,417,791,410,736,410,55,46,17,25,38,37,265,115,202,80,63,95
860Z200US91963,140,73,98,62,66,64,32,47,0,14,32,47,42,39,24,29,18,28
860Z200US91977,19420,763,14546,529,9871,587,4675,460,1702,335,2973,374,4874,626,3418,432,1456,441
860Z200US91978,3268,277,2673,304,1994,273,679,205,214,122,465,176,595,204,386,122,209,170
860Z200US91980,22,26,22,26,0,14,22,26,0,14,22,26,0,14,0,14,0,14
860Z200US92003,1704,188,1272,194,959,148,313,171,122,80,191,147,432,110,313,98,119,69
860Z200US92004,1649,349,886,297,793,292,93,89,23,39,70,81,763,277,714,271,49,51
860Z200US92007,4392,287,3026,346,2585,362,441,145,208,129,233,105,1366,268,827,227,539,211
860Z200US92008,11814,558,6994,494,5736,448,1258,333,469,268,789,201,4820,486,3675,482,1145,272
860Z200US92009,16223,642,12695,648,10599,599,2096,440,379,172,1717,406,3528,432,2739,384,789,204
860Z200US92010,6795,500,4592,480,3667,454,925,306,249,158,676,218,2203,459,1686,442,517,168
860Z200US92011,9149,429,6521,424,5571,425,950,234,188,108,762,201,2628,372,2033,361,595,209
860Z200US92014,5753,458,3850,339,3414,296,436,199,210,151,226,137,1903,417,1406,371,497,195
860Z200US92019,14988,735,11879,648,8965,611,2914,418,1086,317,1828,304,3109,429,2670,427,439,147
860Z200US92020,19507,733,13991,556,9342,539,4649,437,1237,257,3412,435,5516,593,4297,557,1219,248
860Z200US92021,22573,857,16442,847,11035,675,5407,657,1654,275,3753,595,6131,501,4404,447,1727,295
860Z200US92024,19740,814,13011,705,10740,658,2271,376,904,227,1367,257,6729,620,4713,491,2016,349
860Z200US92025,16612,715,10904,495,7797,528,3107,309,893,202,2214,309,5708,692,4671,637,1037,229
860Z200US92026,19153,759,13360,725,10087,658,3273,424,1287,343,1986,409,5793,668,4448,512,1345,390
860Z200US92027,17038,705,12556,574,9009,619,3547,437,1220,237,2327,381,4482,728,3607,706,875,198
860Z200US92028,16836,634,13227,588,10338,528,2889,407,1142,228,1747,347,3609,430,2720,352,889,240
860Z200US92029,7704,412,5105,311,4207,306,898,202,370,171,528,125,2599,423,1824,347,775,269
860Z200US92036,1472,338,752,184,541,165,211,116,53,56,158,101,720,294,535,280,185,114
860Z200US92037,16519,563,9692,508,8329,444,1363,264,566,221,797,177,6827,462,5067,433,1760,270
860Z200US92040,15438,720,11358,795,8469,647,2889,518,936,242,1953,484,4080,585,2886,471,1194,374
860Z200US92054,15064,660,8762,556,6432,497,2330,365,846,245,1484,278,6302,632,4414,519,1888,318
860Z200US92055,0,21,0,21,0,21,0,21,0,21,0,21,0,21,0,21,0,21
860Z200US92056,19512,677,13513,713,10733,727,2780,332,938,280,1842,250,5999,552,4504,512,1495,282
860Z200US92057,18762,657,14003,687,10803,672,3200,394,1212,254,1988,279,4759,441,3565,364,1194,264
860Z200US92058,14274,873,11260,718,9557,682,1703,337,631,205,1072,292,3014,502,2215,482,799,216
860Z200US92059,426,90,364,82,273,77,91,27,20,13,71,22,62,27,53,26,9,8
860Z200US92060,157,107,125,99,124,99,1,2,0,14,1,2,32,47,32,47,0,14
860Z200US92061,742,133,556,128,478,128,78,42,12,9,66,42,186,85,112,65,74,71
860Z200US92064,16421,387,13052,315,10790,410,2262,305,722,189,1540,246,3369,388,2572,342,797,197
860Z200US92065,12371,660,9389,555,7594,542,1795,340,719,231,1076,256,2982,544,2350,529,632,179
860Z200US92066,157,61,64,37,64,37,0,14,0,14,0,14,93,49,69,47,24,19
860Z200US92067,2971,460,2357,439,1877,315,480,297,180,258,300,155,614,232,484,230,130,69
860Z200US92069,15042,676,11198,515,8081,445,3117,402,871,265,2246,331,3844,456,2757,387,1087,261
860Z200US92070,296,107,141,47,91,37,50,31,35,26,15,15,155,97,59,36,96,92
860Z200US92071,21036,532,15245,436,11932,557,3313,443,1093,242,2220,378,5791,593,4439,508,1352,279
860Z200US92075,5100,338,3097,194,2646,251,451,142,141,83,310,139,2003,337,1616,327,387,128
860Z200US92078,18327,616,13156,610,10893,714,2263,418,465,169,1798,378,5171,532,4224,508,947,279
860Z200US92081,10645,566,7108,555,5320,457,1788,384,518,213,1270,341,3537,473,2706,443,831,231
860Z200US92082,6388,589,5229,573,4012,430,1217,491,479,448,738,212,1159,258,920,202,239,160
860Z200US92083,11486,544,8253,474,5578,417,2675,339,796,200,1879,309,3233,386,2174,359,1059,233
860Z200US92084,15025,581,11365,486,7757,499,3608,455,1456,280,2152,382,3660,461,2719,398,941,259
860Z200US92086,593,88,358,75,252,65,106,44,96,44,10,12,235,72,166,62,69,35
860Z200US92091,663,160,351,121,321,125,30,35,13,20,17,27,312,110,301,113,11,17
860Z200US92092,0,14,0,14,0,14,0,14,0,14,0,14,0,14,0,14,0,14
860Z200US92093,0,14,0,14,0,14,0,14,0,14,0,14,0,14,0,14,0,14
860Z200US92096,0,14,0,14,0,14,0,14,0,14,0,14,0,14,0,14,0,14
860Z200US92101,28670,1020,6930,643,5835,604,1095,271,496,159,599,215,21740,876,16977,799,4763,763
860Z200US92102,14608,696,7778,590,4983,505,2795,389,729,195,2066,346,6830,712,4866,684,1964,362
860Z200US92103,19557,748,6843,464,5413,451,1430,323,450,196,980,254,12714,858,9425,751,3289,449
860Z200US92104,23142,797,8911,641,6066,519,2845,457,788,214,2057,401,14231,806,9552,744,4679,571
860Z200US92105,22657,1027,14646,718,8433,619,6213,720,1666,437,4547,537,8011,903,5253,850,2758,530
860Z200US92106,7552,424,5045,380,4154,396,891,226,263,122,628,213,2507,359,2148,350,359,92
860Z200US92107,13688,646,6383,655,5072,570,1311,305,619,198,692,230,7305,573,4961,526,2344,343
860Z200US92108,13119,611,4855,613,3632,520,1223,400,383,247,840,318,8264,567,5984,553,2280,405
860Z200US92109,22218,822,7374,543,5830,512,1544,299,600,160,944,242,14844,819,8823,642,6021,734
860Z200US92110,12377,636,5810,508,4355,439,1455,293,533,201,922,230,6567,525,4571,451,1996,396
860Z200US92111,17041,699,10608,710,7805,707,2803,381,720,220,2083,324,6433,522,4743,450,1690,329
860Z200US92113,13575,535,10237,521,5457,432,4780,507,1235,283,3545,400,3338,396,2751,380,587,164
860Z200US92114,18210,611,15025,619,9985,598,5040,506,1400,264,3640,461,3185,370,2727,375,458,161
860Z200US92115,21728,911,11953,762,7956,625,3997,479,1400,348,2597,379,9775,731,5783,609,3992,533
860Z200US92116,16583,816,6387,537,4798,485,1589,259,585,183,1004,220,10196,761,6730,579,3466,515
860Z200US92117,20773,909,13097,881,9259,755,3838,536,1048,289,2790,461,7676,639,5140,533,2536,456
860Z200US92118,6989,419,5018,268,4297,287,721,182,214,90,507,165,1971,356,1675,308,296,154
860Z200US92119,9464,456,5882,448,4716,402,1166,230,206,93,960,212,3582,394,2690,379,892,277
860Z200US92120,12357,676,7678,541,5980,435,1698,369,453,153,1245,332,4679,554,3175,554,1504,259
860Z200US92121,1647,130,972,131,850,112,122,69,65,59,57,33,675,109,335,96,340,89
860Z200US92122,19706,643,8946,636,7137,592,1809,313,708,260,1101,245,10760,702,6237,593,4523,496
860Z200US92123,12364,843,7909,832,5857,786,2052,384,816,247,1236,319,4455,424,2937,354,1518,317
860Z200US92124,11475,507,8067,444,6913,474,1154,332,286,113,868,309,3408,396,2324,347,1084,280
860Z200US92126,25230,751,18391,839,14294,773,4097,579,1911,461,2186,324,6839,519,4138,415,2701,390
860Z200US92127,16026,786,13413,839,11192,709,2221,677,606,311,1615,561,2613,356,1881,310,732,240
860Z200US92128,20306,731,13627,773,11490,793,2137,439,527,191,1610,377,6679,566,5575,541,1104,275
860Z200US92129,18425,664,14506,621,12182,637,2324,328,604,175,1720,289,3919,479,2647,339,1272,284
860Z200US92130,21546,801,16855,854,14296,898,2559,415,767,190,1792,371,4691,585,3578,501,1113,288
860Z200US92131,12873,497,10120,542,8967,548,1153,268,409,145,744,213,2753,394,2068,331,685,226
860Z200US92132,0,14,0,14,0,14,0,14,0,14,0,14,0,14,0,14,0,14
860Z200US92134,16,17,16,17,16,17,0,14,0,14,0,14,0,14,0,14,0,14
860Z200US92135,0,14,0,14,0,14,0,14,0,14,0,14,0,14,0,14,0,14
860Z200US92136,16,27,0,19,0,19,0,19,0,19,0,19,16,27,16,27,0,19
860Z200US92139,10031,463,8020,525,5521,455,2499,407,653,225,1846,361,2011,271,1648,246,363,112
860Z200US92140,0,14,0,14,0,14,0,14,0,14,0,14,0,14,0,14,0,14
860Z200US92145,0,14,0,14,0,14,0,14,0,14,0,14,0,14,0,14,0,14
860Z200US92147,0,14,0,14,0,14,0,14,0,14,0,14,0,14,0,14,0,14
860Z200US92154,22987,678,18730,715,13094,738,5636,512,1809,334,3827,460,4257,604,3203,556,1054,258
860Z200US92155,0,14,0,14,0,14,0,14,0,14,0,14,0,14,0,14,0,14
860Z200US92161,0,14,0,14,0,14,0,14,0,14,0,14,0,14,0,14,0,14
860Z200US92173,7735,552,5720,456,3748,465,1972,316,413,124,1559,308,2015,439,1810,433,205,93
860Z200US92179,0,14,0,14,0,14,0,14,0,14,0,14,0,14,0,14,0,14
860Z200US92182,0,14,0,14,0,14,0,14,0,14,0,14,0,14,0,14,0,14
860Z200US92201,22617,1020,15149,697,10779,532,4370,514,1106,266,3264,435,7468,846,6523,792,945,255
860Z200US92203,11740,604,8605,551,7001,503,1604,399,655,227,949,298,3135,473,2479,421,656,196
860Z200US92210,2457,159,1477,183,1337,175,140,96,16,21,124,94,980,212,718,164,262,218
860Z200US92211,13473,815,7871,525,6754,500,1117,302,170,77,947,298,5602,637,4307,504,1295,383
860Z200US92220,12194,456,8290,318,5579,503,2711,393,890,309,1821,281,3904,494,3036,450,868,255
860Z200US92222,0,14,0,14,0,14,0,14,0,14,0,14,0,14,0,14,0,14
860Z200US92223,20011,667,15144,485,11122,752,4022,669,1759,473,2263,492,4867,551,4004,555,863,252
860Z200US92225,5492,319,3816,281,2452,281,1364,189,310,132,1054,155,1676,297,1344,253,332,139
860Z200US92227,8109,404,6156,388,3681,435,2475,440,758,261,1717,376,1953,343,1608,357,345,193
860Z200US92230,702,160,447,150,345,140,102,86,0,14,102,86,255,152,152,134,103,91
860Z200US92231,9933,523,7524,382,4753,386,2771,362,536,221,2235,377,2409,548,2239,532,170,108
860Z200US92233,1178,154,915,136,550,164,365,100,92,60,273,102,263,148,226,147,37,27
860Z200US92234,19157,543,12012,396,8735,441,3277,348,1095,253,2182,254,7145,473,5848,465,1297,208
860Z200US92236,12438,633,9843,415,6498,443,3345,417,844,214,2501,381,2595,597,2286,546,309,165
860Z200US92239,64,32,43,26,42,25,1,3,0,14,1,3,21,21,14,18,7,11
860Z200US92240,14104,676,9495,546,5457,501,4038,532,1206,355,2832,464,4609,564,3781,477,828,207
860Z200US92241,3846,366,2034,260,1477,231,557,156,246,122,311,113,1812,311,1552,252,260,146
860Z200US92242,675,79,293,63,231,62,62,31,27,22,35,21,382,67,270,66,112,40
860Z200US92243,13981,511,10857,453,6983,476,3874,443,1266,275,2608,388,3124,487,2667,424,457,195
860Z200US92249,1667,254,1405,276,882,174,523,271,231,220,292,159,262,128,175,108,87,84
860Z200US92250,2141,235,1681,184,1346,160,335,119,42,43,293,110,460,154,427,148,33,35
860Z200US92251,6797,472,5238,281,3787,378,1451,305,510,253,941,285,1559,454,1380,443,179,137
860Z200US92252,3350,373,1737,297,1218,286,519,158,101,83,418,134,1613,343,1228,304,385,163
860Z200US92253,15735,775,10576,519,8513,571,2063,356,730,295,1333,239,5159,747,4231,690,928,264
860Z200US92254,3219,539,2402,433,1433,263,969,385,106,101,863,373,817,395,736,383,81,87
860Z200US92256,1695,200,926,184,600,139,326,119,110,81,216,96,769,164,555,135,214,111
860Z200US92257,698,259,315,120,197,93,118,82,43,50,75,66,383,248,349,239,34,32
860Z200US92258,177,79,101,68,80,53,21,35,0,14,21,35,76,41,56,43,20,19
860Z200US92259,157,98,83,60,83,60,0,14,0,14,0,14,74,78,70,78,4,7
860Z200US92260,14525,626,8059,432,6088,380,1971,313,602,212,1369,257,6466,747,5227,654,1239,290
860Z200US92262,13213,473,5808,382,4146,377,1662,303,692,303,970,190,7405,460,5811,441,1594,193
860Z200US92264,11480,402,4640,274,3847,243,793,135,270,90,523,115,6840,338,5371,356,1469,148
860Z200US92266,102,72,47,63,47,63,0,14,0,14,0,14,55,43,55,43,0,14
860Z200US92267,0,14,0,14,0,14,0,14,0,14,0,14,0,14,0,14,0,14
860Z200US92268,167,64,85,52,85,52,0,14,0,14,0,14,82,52,82,52,0,14
860Z200US92270,8686,266,4998,303,4354,344,644,165,151,75,493,161,3688,443,2745,392,943,218
860Z200US92273,428,143,388,143,121,71,267,132,160,120,107,80,40,43,40,43,0,14
860Z200US92274,5796,499,3913,335,2759,318,1154,200,260,117,894,194,1883,444,1684,435,199,125
860Z200US92275,536,200,278,136,221,125,57,65,0,14,57,65,258,179,242,177,16,27
860Z200US92276,2700,403,1837,403,1349,396,488,169,106,95,382,158,863,227,740,210,123,66
860Z200US92277,10893,585,7126,395,5401,517,1725,316,648,221,1077,212,3767,486,3170,496,597,182
860Z200US92278,0,14,0,14,0,14,0,14,0,14,0,14,0,14,0,14,0,14
860Z200US92280,0,14,0,14,0,14,0,14,0,14,0,14,0,14,0,14,0,14
860Z200US92281,498,92,358,96,196,60,162,79,20,19,142,78,140,49,118,46,22,19
860Z200US92282,515,77,358,78,243,76,115,54,41,38,74,46,157,54,107,47,50,34
860Z200US92283,589,121,378,90,170,74,208,59,55,31,153,53,211,65,159,57,52,30
860Z200US92284,10579,426,5934,356,3947,454,1987,356,870,287,1117,299,4645,507,3535,475,1110,366
860Z200US92285,1126,179,613,157,487,139,126,70,109,66,17,28,513,145,401,133,112,70
860Z200US92301,9413,421,7572,378,4190,443,3382,433,941,243,2441,361,1841,380,1503,344,338,154
860Z200US92304,0,14,0,14,0,14,0,14,0,14,0,14,0,14,0,14,0,14
860Z200US92305,129,49,111,49,106,49,5,9,5,9,0,14,18,16,18,16,0,14
860Z200US92307,13313,603,10091,508,7509,545,2582,408,659,234,1923,329,3222,566,2483,494,739,265
860Z200US92308,14028,510,10270,547,7201,507,3069,404,983,252,2086,333,3758,500,3011,382,747,247
860Z200US92309,202,85,129,64,86,63,43,28,16,18,27,21,73,55,62,50,11,19
860Z200US92310,2828,421,2067,397,1665,327,402,291,196,221,206,177,761,285,692,267,69,82
860Z200US92311,12279,709,8002,501,4406,468,3596,505,1022,270,2574,526,4277,648,3555,637,722,254
860Z200US92313,4543,296,3139,249,2101,270,1038,216,322,144,716,186,1404,295,1122,295,282,143
860Z200US92314,4365,416,2703,353,1846,298,857,252,417,167,440,221,1662,300,1372,292,290,127
860Z200US92315,2321,220,1323,159,1064,175,259,82,131,66,128,59,998,209,819,186,179,85
860Z200US92316,8011,552,6745,534,4533,551,2212,332,782,179,1430,274,1266,332,969,268,297,212
860Z200US92317,348,148,209,120,142,84,67,78,39,66,28,44,139,91,108,73,31,49
860Z200US92320,3877,246,2678,172,2297,179,381,122,92,74,289,104,1199,256,957,244,242,140
860Z200US92321,371,99,234,90,234,90,0,14,0,14,0,14,137,58,137,58,0,14
860Z200US92322,266,139,194,126,194,126,0,14,0,14,0,14,72,64,72,64,0,14
860Z200US92324,18210,628,13797,508,8309,579,5488,648,1803,449,3685,510,4413,583,3291,517,1122,283
860Z200US92325,3732,403,2463,394,1784,385,679,221,164,103,515,190,1269,255,923,219,346,154
860Z200US92327,378,155,192,110,87,53,105,92,61,67,44,65,186,129,129,99,57,90
860Z200US92328,405,157,167,114,163,113,4,6,0,14,4,6,238,115,163,77,75,75
860Z200US92332,26,26,12,18,0,14,12,18,0,14,12,18,14,18,14,18,0,14
860Z200US92333,206,80,97,57,75,45,22,35,0,14,22,35,109,60,91,57,18,22
860Z200US92335,25070,815,20658,643,12535,539,8123,601,2539,394,5584,459,4412,506,3400,488,1012,222
860Z200US92336,28225,941,24649,964,18031,968,6618,910,2099,433,4519,753,3576,512,2626,443,950,227
860Z200US92337,9494,425,8458,472,6200,500,2258,312,781,212,1477,277,1036,219,728,162,308,160
860Z200US92338,0,14,0,14,0,14,0,14,0,14,0,14,0,14,0,14,0,14
860Z200US92339,536,144,258,91,154,64,104,76,57,30,47,70,278,135,185,78,93,96
860Z200US92341,133,79,105,65,105,65,0,14,0,14,0,14,28,29,20,24,8,14
860Z200US92342,2545,261,1703,328,1297,278,406,158,133,110,273,116,842,227,606,206,236,139
860Z200US92344,5942,525,4984,537,3800,582,1184,257,457,194,727,220,958,267,610,196,348,184
860Z200US92345,26086,895,20378,665,13521,913,6857,667,2457,419,4400,630,5708,738,4338,695,1370,297
860Z200US92346,17510,689,13920,711,8636,630,5284,620,1901,370,3383,530,3590,474,2793,436,797,223
860Z200US92347,257,109,125,65,106,68,19,21,0,14,19,21,132,92,101,85,31,39
860Z200US92350,13,21,13,21,13,21,0,14,0,14,0,14,0,14,0,14,0,14
860Z200US92352,2517,347,1916,385,1708,365,208,82,88,50,120,76,601,181,476,161,125,79
860Z200US92354,8199,492,5503,390,4179,384,1324,296,260,129,1064,281,2696,417,1883,340,813,299
860Z200US92356,2404,296,1545,262,954,225,591,201,261,153,330,143,859,220,676,170,183,137
860Z200US92358,301,99,190,77,159,75,31,25,13,15,18,21,111,51,67,34,44,37
860Z200US92359,3330,415,2161,352,1539,348,622,176,220,125,402,161,1169,292,881,286,288,137
860Z200US92363,2319,187,1527,178,918,185,609,148,180,109,429,111,792,245,603,217,189,100
860Z200US92364,15,17,0,14,0,14,0,14,0,14,0,14,15,17,15,17,0,14
860Z200US92365,936,228,648,188,491,184,157,87,4,10,153,88,288,164,268,161,20,21
860Z200US92368,284,67,181,52,93,34,88,33,32,20,56,24,103,46,63,27,40,36
860Z200US92369,0,14,0,14,0,14,0,14,0,14,0,14,0,14,0,14,0,14
860Z200US92371,6278,547,5005,552,3474,449,1531,357,510,263,1021,313,1273,334,989,295,284,175
860Z200US92372,1729,204,1238,217,1035,220,203,133,103,96,100,94,491,195,381,182,110,102
860Z200US92373,13384,691,8491,693,6285,506,2206,544,535,176,1671,536,4893,631,3748,597,1145,288
860Z200US92374,14443,662,10167,568,6658,520,3509,551,1078,326,2431,475,4276,624,3037,523,1239,311
860Z200US92376,21819,686,17643,584,10980,614,6663,559,2327,368,4336,480,4176,505,3220,493,956,204
860Z200US92377,5497,296,4951,321,3452,357,1499,260,351,148,1148,213,546,168,468,155,78,73
860Z200US92378,197,71,115,63,92,52,23,33,17,28,6,10,82,47,82,47,0,14
860Z200US92382,2159,223,1471,220,962,210,509,155,228,110,281,129,688,164,604,169,84,59
860Z200US92384,10,16,10,16,10,16,0,14,0,14,0,14,0,14,0,14,0,14
860Z200US92385,114,51,64,41,64,41,0,14,0,14,0,14,50,29,39,24,11,16
860Z200US92386,906,195,455,160,334,149,121,80,46,54,75,70,451,155,323,134,128,86
860Z200US92389,98,52,43,34,29,31,14,16,8,14,6,7,55,34,49,33,6,8
860Z200US92391,955,289,580,271,398,227,182,163,109,142,73,80,375,138,248,103,127,100
860Z200US92392,17104,830,14602,752,9605,760,4997,606,1662,369,3335,558,2502,503,1883,439,619,231
860Z200US92394,9856,704,8139,638,5178,642,2961,445,863,254,2098,414,1717,387,1320,347,397,173
860Z200US92395,15583,772,11254,607,6581,697,4673,607,1325,335,3348,553,4329,629,3402,618,927,287
860Z200US92397,2619,364,1684,386,1451,378,233,124,99,80,134,102,935,225,811,208,124,91
860Z200US92398,655,304,264,117,228,114,36,45,11,18,25,41,391,292,329,289,62,63
860Z200US92399,18274,648,13914,376,10430,507,3484,532,1064,298,2420,459,4360,640,3694,573,666,207
860Z200US92401,734,159,453,134,208,101,245,115,58,56,187,102,281,92,241,89,40,47
860Z200US92404,18702,838,13816,823,7549,527,6267,629,2067,354,4200,496,4886,471,3487,386,1399,405
860Z200US92405,9382,611,6706,487,3595,410,3111,445,753,181,2358,422,2676,444,2069,357,607,261
860Z200US92407,18346,612,14657,759,9196,750,5461,616,1922,429,3539,474,3689,486,2608,452,1081,292
860Z200US92408,4093,334,2762,310,1633,251,1129,205,323,137,806,190,1331,276,853,206,478,229
860Z200US92410,13379,507,9926,415,5526,452,4400,435,1645,317,2755,320,3453,367,2609,343,844,201
860Z200US92411,6650,425,5212,390,2959,384,2253,321,520,184,1733,267,1438,238,942,186,496,162
860Z200US92415,0,14,0,14,0,14,0,14,0,14,0,14,0,14,0,14,0,14
860Z200US92501,6912,479,4750,467,2551,368,2199,412,531,165,1668,416,2162,292,1393,239,769,210
860Z200US92503,24727,705,19742,774,13822,735,5920,582,1988,383,3932,477,4985,518,3917,466,1068,253
860Z200US92504,16108,828,12350,751,8368,682,3982,489,1392,345,2590,386,3758,411,2810,399,948,260
860Z200US92505,14538,521,11567,512,7879,566,3688,327,1242,200,2446,316,2971,314,2107,287,864,213
860Z200US92506,14891,748,11353,636,8789,692,2564,418,616,211,1948,376,3538,481,2762,458,776,188
860Z200US92507,18314,547,11019,527,6769,441,4250,401,1245,181,3005,410,7295,508,4363,455,2932,407
860Z200US92508,10251,508,8983,470,7207,545,1776,319,416,154,1360,272,1268,362,1022,328,246,128
860Z200US92509,20138,581,16595,490,10896,563,5699,513,2042,429,3657,376,3543,414,2401,285,1142,323
860Z200US92518,552,170,196,88,196,88,0,14,0,14,0,14,356,155,235,88,121,134
860Z200US92521,0,14,0,14,0,14,0,14,0,14,0,14,0,14,0,14,0,14
860Z200US92530,17430,851,13503,642,9581,664,3922,474,1119,273,2803,384,3927,623,3012,572,915,248
860Z200US92532,7933,561,6648,542,5069,511,1579,401,468,196,1111,342,1285,299,810,246,475,198
860Z200US92536,1085,227,795,211,705,214,90,105,20,18,70,100,290,124,254,118,36,35
860Z200US92539,1258,275,755,196,604,187,151,70,64,59,87,49,503,207,399,188,104,83
860Z200US92543,13939,766,9279,673,5608,638,3671,524,1304,314,2367,458,4660,615,3658,508,1002,312
860Z200US92544,16300,814,12399,751,8525,702,3874,407,908,189,2966,365,3901,425,2990,364,911,235
860Z200US92545,16457,690,10963,545,7962,617,3001,381,856,238,2145,336,5494,611,4456,603,1038,308
860Z200US92548,2100,432,1455,373,1101,355,354,168,122,98,232,136,645,205,485,186,160,115
860Z200US92549,1648,197,798,163,608,162,190,80,67,54,123,64,850,195,692,174,158,87
860Z200US92551,8348,390,7407,418,4267,423,3140,365,852,216,2288,342,941,193,653,164,288,99
860Z200US92553,19504,627,16081,672,9516,519,6565,500,2109,361,4456,464,3423,428,2438,357,985,213
860Z200US92555,11864,550,10030,538,7228,512,2802,407,698,207,2104,397,1834,356,1081,254,753,223
860Z200US92557,15272,527,12709,561,7888,559,4821,625,1533,318,3288,518,2563,338,1952,288,611,158
860Z200US92561,803,160,550,155,323,128,227,132,72,89,155,99,253,92,232,91,21,22
860Z200US92562,21365,771,16626,633,12671,680,3955,494,1225,319,2730,344,4739,600,3993,562,746,209
860Z200US92563,22989,810,18652,788,15379,703,3273,631,1160,313,2113,558,4337,524,3044,484,1293,366
860Z200US92567,2825,252,2354,238,1764,227,590,212,232,112,358,184,471,153,314,114,157,89
860Z200US92570,14289,775,11798,709,8023,659,3775,550,1366,296,2409,449,2491,394,1980,402,511,179
860Z200US92571,14286,543,12771,484,8854,593,3917,575,1425,437,2492,420,1515,338,1032,320,483,269
860Z200US92582,5555,406,4854,412,3536,416,1318,323,522,218,796,259,701,252,351,150,350,200
860Z200US92583,9682,642,7230,583,4424,555,2806,446,988,297,1818,357,2452,411,1801,346,651,229
860Z200US92584,17356,736,14514,821,11832,774,2682,400,1030,226,1652,319,2842,479,2241,401,601,223
860Z200US92585,8190,656,7061,641,5473,540,1588,422,513,316,1075,295,1129,294,854,234,275,168
860Z200US92586,9177,617,4784,489,3521,431,1263,285,273,121,990,264,4393,487,3901,471,492,149
860Z200US92587,6119,409,4581,328,3523,344,1058,280,356,133,702,282,1538,307,1163,294,375,131
860Z200US92590,1949,243,1345,211,908,195,437,131,120,73,317,117,604,229,494,215,110,95
860Z200US92591,13891,532,10526,619,8571,609,1955,336,598,187,1357,315,3365,550,2539,465,826,276
860Z200US92592,24914,767,20744,709,16853,741,3891,511,1242,313,2649,389,4170,499,3174,424,996,255
860Z200US92595,9891,416,8180,383,6280,438,1900,338,738,267,1162,219,1711,324,1298,282,413,172
860Z200US92596,9646,597,8460,580,6342,590,2118,436,896,255,1222,397,1186,345,616,189,570,291
860Z200US92602,9495,680,6895,568,5163,514,1732,527,689,282,1043,396,2600,585,1972,533,628,228
860Z200US92603,7379,491,5249,469,4480,467,769,191,252,111,517,172,2130,365,1390,233,740,324
860Z200US92604,10037,726,7247,597,5608,496,1639,323,506,142,1133,298,2790,475,2034,481,756,194
860Z200US92606,8925,755,5966,617,4660,610,1306,372,356,171,950,318,2959,565,1999,485,960,358
860Z200US92610,4605,436,3757,364,3299,396,458,156,183,110,275,110,848,317,596,295,252,119
860Z200US92612,14328,721,6540,631,4982,565,1558,334,526,287,1032,217,7788,829,4820,724,2968,493
860Z200US92614,12018,735,6942,538,5175,429,1767,423,584,159,1183,439,5076,793,3341,653,1735,426
860Z200US92617,4296,436,1843,402,1551,406,292,173,19,31,273,172,2453,376,776,247,1677,358
860Z200US92618,24179,800,14827,885,11644,868,3183,509,1307,342,1876,383,9352,718,6920,620,2432,373
860Z200US92620,21322,949,16671,926,13151,895,3520,481,1118,318,2402,436,4651,776,3331,629,1320,430
860Z200US92624,2736,282,1818,245,1408,262,410,161,166,111,244,114,918,252,711,234,207,127
860Z200US92625,5604,453,3294,388,2693,347,601,238,181,174,420,155,2310,316,1885,279,425,173
860Z200US92626,19484,755,11541,636,8896,591,2645,420,936,292,1709,315,7943,707,5172,615,2771,410
860Z200US92627,22389,711,12870,566,8778,600,4092,406,1318,269,2774,364,9519,626,6296,576,3223,413
860Z200US92629,11216,501,7240,393,5788,493,1452,328,409,176,1043,261,3976,409,2858,395,1118,300
860Z200US92630,23242,649,16663,594,13721,671,2942,367,830,211,2112,321,6579,723,4671,655,1908,346
860Z200US92637,11797,347,4206,345,3651,361,555,154,110,75,445,142,7591,632,6823,619,768,217
860Z200US92646,21419,882,15271,681,11850,547,3421,522,1271,337,2150,375,6148,644,5016,577,1132,299
860Z200US92647,21315,676,14059,659,9602,591,4457,515,1469,426,2988,341,7256,644,5061,532,2195,453
860Z200US92648,20023,829,11140,735,8600,614,2540,472,743,221,1797,429,8883,857,6306,659,2577,477
860Z200US92649,14545,606,9634,668,7603,608,2031,359,836,243,1195,271,4911,490,3616,404,1295,366
860Z200US92651,11141,407,6200,337,5488,361,712,191,303,134,409,143,4941,610,4077,586,864,214
860Z200US92653,10685,408,7768,332,6362,408,1406,359,360,136,1046,342,2917,482,2282,397,635,227
860Z200US92655,2557,297,1828,310,1166,301,662,204,261,141,401,163,729,200,615,167,114,106
860Z200US92656,20226,542,13538,448,10783,480,2755,368,679,192,2076,277,6688,672,5354,561,1334,293
860Z200US92657,3810,285,2808,239,2375,273,433,178,61,69,372,162,1002,235,766,204,236,135
860Z200US92660,15496,660,9351,528,7453,546,1898,407,550,205,1348,334,6145,647,5034,641,1111,288
860Z200US92661,1645,360,1022,339,911,333,111,64,8,13,103,64,623,208,517,203,106,78
860Z200US92662,1196,223,639,176,452,129,187,123,46,27,141,121,557,177,444,138,113,103
860Z200US92663,10352,696,4813,589,3646,479,1167,415,602,245,565,295,5539,610,3803,526,1736,409
860Z200US92672,15293,792,9532,631,7995,588,1537,300,417,163,1120,260,5761,647,4294,603,1467,310
860Z200US92673,9569,406,7912,414,7014,461,898,267,139,92,759,263,1657,376,1025,253,632,263
860Z200US92675,12095,477,8959,386,7553,439,1406,388,337,168,1069,354,3136,459,2421,405,715,255
860Z200US92676,732,77,509,78,413,86,96,52,20,17,76,48,223,64,177,56,46,31
860Z200US92677,25486,694,18103,538,14619,597,3484,445,784,196,2700,432,7383,672,5776,577,1607,308
860Z200US92678,235,54,136,45,108,37,28,34,23,35,5,9,99,54,51,33,48,40
860Z200US92679,10521,523,9065,525,8120,487,945,210,381,170,564,143,1456,280,1280,273,176,66
860Z200US92683,27858,665,21338,583,15270,607,6068,571,2063,332,4005,452,6520,613,5133,557,1387,284
860Z200US92688,15958,597,11858,485,10004,478,1854,304,471,150,1383,280,4100,568,3141,492,959,305
860Z200US92691,16172,692,12440,514,10390,518,2050,303,687,188,1363,213,3732,431,2853,368,879,243
860Z200US92692,17063,581,12921,557,11127,579,1794,311,598,176,1196,249,4142,462,3490,421,652,171
860Z200US92694,11805,504,9573,477,7690,456,1883,390,549,220,1334,312,2232,389,1951,361,281,129
860Z200US92697,0,14,0,14,0,14,0,14,0,14,0,14,0,14,0,14,0,14
860Z200US92701,12908,640,9910,598,6486,533,3424,389,910,222,2514,382,2998,507,2212,459,786,311
860Z200US92703,14355,601,12101,531,7904,472,4197,420,1624,271,2573,324,2254,374,1628,363,626,195
860Z200US92704,20281,583,16329,518,10829,537,5500,473,2095,354,3405,352,3952,450,2455,391,1497,364
860Z200US92705,15997,705,12500,656,10081,783,2419,402,860,238,1559,323,3497,438,2706,389,791,199
860Z200US92706,10195,565,8214,580,5948,533,2266,315,473,115,1793,273,1981,298,1490,252,491,158
860Z200US92707,14198,699,11544,734,7898,669,3646,438,1139,286,2507,351,2654,349,1652,290,1002,204
860Z200US92708,18840,676,13755,427,10683,550,3072,433,1279,364,1793,291,5085,641,3860,590,1225,247
860Z200US92780,17397,601,12820,473,9163,461,3657,376,1056,203,2601,356,4577,528,3234,467,1343,285
860Z200US92782,11227,702,8271,732,6358,789,1913,510,831,334,1082,394,2956,486,2287,473,669,202
860Z200US92801,18783,796,13668,762,8238,747,5430,512,1561,345,3869,480,5115,613,3697,512,1418,331
860Z200US92802,12156,680,9184,649,5751,514,3433,489,1107,245,2326,403,2972,545,2185,483,787,193
860Z200US92804,24644,841,17626,865,11678,683,5948,649,1832,426,4116,466,7018,735,5319,624,1699,405
860Z200US92805,21718,733,15347,780,10115,694,5232,747,2035,485,3197,516,6371,654,4520,636,1851,409
860Z200US92806,12545,582,8672,558,6183,489,2489,355,738,215,1751,327,3873,496,2492,348,1381,377
860Z200US92807,12640,593,9482,593,7203,542,2279,348,832,225,1447,346,3158,443,2381,353,777,273
860Z200US92808,7628,511,5448,423,4650,395,798,204,304,146,494,163,2180,473,1738,385,442,271
860Z200US92821,14784,530,10783,457,8603,551,2180,416,442,153,1738,359,4001,524,3071,458,930,288
860Z200US92823,1782,355,1435,321,1104,209,331,225,90,98,241,195,347,169,269,146,78,66
860Z200US92831,12823,455,7662,478,5370,382,2292,362,767,243,1525,303,5161,482,3293,418,1868,284
860Z200US92832,8546,441,5554,425,3742,389,1812,333,847,298,965,205,2992,358,2325,344,667,178
860Z200US92833,16568,706,13102,625,10040,642,3062,440,1070,285,1992,355,3466,476,2445,424,1021,341
860Z200US92835,9387,481,6933,483,5948,487,985,225,254,128,731,225,2454,340,2025,302,429,147
860Z200US92840,15891,674,12357,580,8142,509,4215,445,1003,203,3212,395,3534,390,2392,338,1142,265
860Z200US92841,9619,475,7287,477,5068,441,2219,308,833,220,1386,263,2332,300,1762,298,570,132
860Z200US92843,11630,488,9578,528,6607,500,2971,400,953,222,2018,308,2052,297,1414,237,638,193
860Z200US92844,6910,376,5213,398,3168,319,2045,314,868,237,1177,247,1697,278,1211,227,486,184
860Z200US92845,5481,267,4117,250,3189,240,928,191,313,106,615,137,1364,222,1107,199,257,104
860Z200US92860,6803,271,5564,261,4525,340,1039,217,434,137,605,165,1239,209,979,175,260,97
860Z200US92861,1895,146,1627,133,1459,139,168,74,97,57,71,45,268,94,182,78,86,55
860Z200US92865,6999,486,4863,327,3708,283,1155,231,473,152,682,176,2136,432,1199,318,937,306
860Z200US92866,5591,364,3207,292,2152,297,1055,291,419,155,636,279,2384,391,1822,341,562,200
860Z200US92867,13317,490,10359,477,7929,415,2430,268,857,216,1573,260,2958,329,2203,235,755,208
860Z200US92868,8585,544,5415,484,3598,392,1817,428,377,184,1440,369,3170,427,1914,386,1256,285
860Z200US92869,11647,522,8930,439,7207,496,1723,252,684,195,1039,200,2717,475,1985,452,732,155
860Z200US92870,16979,469,13009,388,9814,417,3195,392,963,244,2232,358,3970,528,3007,432,963,255
860Z200US92879,14427,621,11289,536,7819,507,3470,339,935,227,2535,274,3138,387,2460,358,678,192
860Z200US92880,20092,782,17624,691,14950,757,2674,376,927,287,1747,305,2468,443,1867,402,601,206
860Z200US92881,9043,427,7817,498,6148,451,1669,336,497,231,1172,275,1226,249,1045,244,181,89
860Z200US92882,20168,595,16353,628,12490,595,3863,369,1339,236,2524,317,3815,463,3009,394,806,212
860Z200US92883,12405,756,9810,636,7961,551,1849,417,549,200,1300,356,2595,513,2202,485,393,163
860Z200US92886,16688,512,13287,438,11339,442,1948,328,696,287,1252,262,3401,446,2800,421,601,173
860Z200US92887,6967,367,5889,397,5109,381,780,187,307,109,473,139,1078,213,867,201,211,109
860Z200US93001,12932,539,7233,509,4780,449,2453,401,554,205,1899,378,5699,612,4100,544,1599,279
860Z200US93003,19917,581,12843,522,9437,524,3406,486,1308,291,2098,449,7074,563,5388,542,1686,325
860Z200US93004,11281,517,7985,431,6428,441,1557,280,635,210,922,221,3296,378,2438,414,858,241
860Z200US93010,16273,601,11479,514,9030,502,2449,326,813,192,1636,282,4794,467,3870,445,924,216
860Z200US93012,13658,485,9149,568,7432,492,1717,436,379,151,1338,412,4509,481,3140,393,1369,358
860Z200US93013,6392,489,4203,284,3366,305,837,233,360,195,477,136,2189,455,1933,436,256,97
860Z200US93015,5813,357,4600,299,3345,377,1255,347,409,303,846,238,1213,324,994,304,219,101
860Z200US93021,11716,376,9503,349,7834,477,1669,290,677,224,992,188,2213,324,1758,282,455,146
860Z200US93022,2136,236,1483,177,1210,171,273,87,147,77,126,60,653,167,455,130,198,105
860Z200US93023,8490,561,5686,422,4248,479,1438,294,383,189,1055,307,2804,457,2371,420,433,154
860Z200US93030,15190,620,12154,559,7940,553,4214,469,1531,320,2683,340,3036,383,2113,368,923,207
860Z200US93033,16903,485,14819,505,9417,488,5402,380,1832,286,3570,347,2084,306,1542,253,542,144
860Z200US93035,9398,615,6454,638,4998,387,1456,443,603,352,853,298,2944,404,2248,341,696,214
860Z200US93036,14167,599,10865,557,7064,510,3801,523,1162,388,2639,408,3302,459,2343,355,959,357
860Z200US93040,469,96,407,98,329,94,78,52,37,42,41,35,62,40,41,32,21,24
860Z200US93041,7889,410,5602,375,3679,451,1923,414,523,231,1400,411,2287,364,1796,309,491,191
860Z200US93042,0,14,0,14,0,14,0,14,0,14,0,14,0,14,0,14,0,14
860Z200US93043,0,14,0,14,0,14,0,14,0,14,0,14,0,14,0,14,0,14
860Z200US93060,10358,427,8098,316,5500,375,2598,318,646,186,1952,278,2260,348,1940,337,320,127
860Z200US93063,19770,723,14314,637,11254,598,3060,417,988,243,2072,390,5456,508,4167,500,1289,285
860Z200US93064,0,14,0,14,0,14,0,14,0,14,0,14,0,14,0,14,0,14
860Z200US93065,25632,708,17630,744,13565,735,4065,498,1356,304,2709,408,8002,717,6092,629,1910,387
860Z200US93066,1065,121,876,130,783,121,93,57,48,41,45,40,189,65,122,52,67,39
860Z200US93067,398,131,245,125,223,126,22,36,22,36,0,14,153,99,128,90,25,43
860Z200US93101,12758,537,5686,492,3482,347,2204,431,855,373,1349,261,7072,527,4872,411,2200,381
860Z200US93103,7621,517,4871,530,3328,401,1543,373,475,173,1068,379,2750,408,2012,394,738,164
860Z200US93105,10588,522,5842,388,5085,387,757,170,239,103,518,136,4746,449,3586,456,1160,224
860Z200US93106,38,37,6,8,6,8,0,19,0,19,0,19,32,35,12,15,20,33
860Z200US93108,4724,325,3070,247,2678,243,392,139,39,28,353,132,1654,273,1385,274,269,90
860Z200US93109,4567,312,2353,220,1795,245,558,179,224,115,334,149,2214,284,1369,261,845,172
860Z200US93110,6515,585,4044,417,3250,379,794,201,86,55,708,200,2471,416,1983,428,488,130
860Z200US93111,6346,433,4447,421,3724,418,723,202,258,116,465,164,1899,295,1303,247,596,175
860Z200US93117,16964,569,8244,473,6224,454,2020,351,446,133,1574,311,8720,572,3823,455,4897,390
860Z200US93201,271,82,222,82,156,76,66,29,27,21,39,24,49,27,39,24,10,13
860Z200US93202,946,212,748,213,495,177,253,126,120,116,133,74,198,89,166,85,32,47
860Z200US93203,4768,214,4245,174,2639,226,1606,243,536,155,1070,206,523,158,423,146,100,61
860Z200US93204,2949,260,2643,256,1754,320,889,277,363,185,526,183,306,145,306,145,0,21
860Z200US93205,839,206,543,175,369,152,174,117,84,89,90,98,296,134,280,129,16,30
860Z200US93206,551,97,448,94,275,79,173,61,49,37,124,52,103,48,103,48,0,14
860Z200US93207,81,40,76,40,47,26,29,29,11,19,18,21,5,8,5,8,0,14
860Z200US93208,148,123,28,42,28,42,0,14,0,14,0,14,120,118,120,118,0,14
860Z200US93210,4656,264,3349,235,2182,261,1167,282,437,166,730,213,1307,279,1126,277,181,86
860Z200US93212,4607,350,3545,283,2020,272,1525,244,198,96,1327,236,1062,319,912,297,150,90
860Z200US93215,12681,564,10750,549,7515,556,3235,385,1068,256,2167,353,1931,409,1535,380,396,151
860Z200US93218,155,61,142,59,92,48,50,34,6,11,44,32,13,17,13,17,0,14
860Z200US93219,2298,232,1995,267,1155,178,840,237,152,88,688,233,303,126,278,118,25,42
860Z200US93220,0,14,0,14,0,14,0,14,0,14,0,14,0,14,0,14,0,14
860Z200US93221,4719,360,3562,266,2307,327,1255,243,394,156,861,213,1157,296,1008,283,149,84
860Z200US93222,1211,223,732,214,675,202,57,67,38,63,19,23,479,141,394,125,85,77
860Z200US93223,2644,227,2274,184,1282,156,992,217,272,104,720,190,370,148,252,115,118,76
860Z200US93224,144,33,104,31,61,23,43,23,24,15,19,17,40,22,35,20,5,5
860Z200US93225,2007,277,1043,256,864,248,179,106,20,26,159,103,964,218,846,201,118,107
860Z200US93226,33,27,23,22,23,22,0,14,0,14,0,14,10,11,2,3,8,10
860Z200US93227,59,64,33,53,0,14,33,53,0,14,33,53,26,42,0,14,26,42
860Z200US93230,21947,530,16177,533,11058,636,5119,527,1735,341,3384,406,5770,489,4589,490,1181,225
860Z200US93234,1637,154,1346,121,864,190,482,150,139,103,343,116,291,130,246,123,45,54
860Z200US93235,1207,289,1032,301,435,136,597,304,379,275,218,125,175,110,99,71,76,78
860Z200US93237,68,72,17,19,15,19,2,6,0,14,2,6,51,70,51,70,0,14
860Z200US93238,447,145,154,104,154,104,0,14,0,14,0,14,293,118,250,98,43,70
860Z200US93239,511,224,378,178,300,186,78,59,0,14,78,59,133,155,119,157,14,23
860Z200US93240,2606,382,1480,332,943,256,537,252,130,79,407,255,1126,217,1067,208,59,52
860Z200US93241,4401,356,3672,316,1984,320,1688,320,428,157,1260,295,729,248,617,241,112,78
860Z200US93242,912,192,564,119,361,106,203,98,41,45,162,89,348,182,311,183,37,39
860Z200US93243,456,207,291,190,207,178,84,86,5,10,79,85,165,73,137,69,28,36
860Z200US93244,60,40,44,32,44,32,0,14,0,14,0,14,16,26,16,26,0,14
860Z200US93245,12037,474,9376,493,6471,608,2905,580,1061,425,1844,413,2661,492,2039,423,622,243
860Z200US93246,0,14,0,14,0,14,0,14,0,14,0,14,0,14,0,14,0,14
860Z200US93247,5347,468,4330,315,3002,306,1328,277,479,165,849,215,1017,298,867,280,150,98
860Z200US93249,541,94,420,72,300,61,120,49,24,23,96,44,121,61,93,56,28,23
860Z200US93250,3798,310,3197,273,1927,331,1270,231,327,143,943,215,601,196,546,188,55,47
860Z200US93251,73,23,61,21,49,18,12,13,2,4,10,12,12,8,10,8,2,3
860Z200US93252,559,93,362,81,300,81,62,28,15,12,47,26,197,73,121,45,76,51
860Z200US93254,335,96,171,52,129,51,42,26,19,21,23,21,164,86,140,82,24,23
860Z200US93255,383,156,123,103,81,77,42,63,42,63,0,14,260,149,76,61,184,151
860Z200US93256,1350,182,1239,187,793,179,446,159,150,93,296,139,111,60,88,59,23,24
860Z200US93257,23743,791,18731,726,11736,716,6995,650,2515,531,4480,520,5012,627,4191,599,821,234
860Z200US93258,338,91,258,79,176,68,82,54,1,2,81,54,80,60,76,60,4,5
860Z200US93260,60,36,47,34,47,34,0,14,0,14,0,14,13,13,11,12,2,4
860Z200US93261,522,71,471,70,185,58,286,69,70,45,216,56,51,38,39,30,12,18
860Z200US93262,0,14,0,14,0,14,0,14,0,14,0,14,0,14,0,14,0,14
860Z200US93263,6195,340,5247,265,3492,347,1755,263,649,166,1106,211,948,272,759,269,189,92
860Z200US93265,1287,171,866,155,763,160,103,53,42,36,61,40,421,148,386,143,35,42
860Z200US93266,358,86,273,87,122,73,151,76,48,47,103,62,85,73,49,65,36,39
860Z200US93267,1506,263,1285,262,951,261,334,127,61,83,273,114,221,104,175,96,46,41
860Z200US93268,5724,364,3971,404,2223,330,1748,299,859,270,889,208,1753,368,1448,323,305,197
860Z200US93270,1604,210,1300,224,786,163,514,198,354,191,160,89,304,91,273,84,31,29
860Z200US93271,1106,247,682,241,482,110,200,223,167,223,33,22,424,101,373,105,51,44
860Z200US93272,1073,168,934,142,689,149,245,104,76,75,169,75,139,107,58,43,81,100
860Z200US93274,23127,778,18783,639,12262,749,6521,656,2076,345,4445,567,4344,486,3270,414,1074,263
860Z200US93276,60,25,42,21,13,11,29,19,6,8,23,18,18,14,18,14,0,14
860Z200US93277,18347,741,13466,735,8972,682,4494,526,1113,290,3381,445,4881,419,3642,358,1239,269
860Z200US93280,6299,426,5208,360,3462,427,1746,344,712,215,1034,278,1091,255,1005,250,86,63
860Z200US93283,992,247,714,265,297,122,417,231,150,121,267,200,278,121,193,93,85,69
860Z200US93285,1357,213,667,220,421,172,246,139,28,28,218,134,690,200,546,172,144,108
860Z200US93286,2987,236,2507,203,1748,220,759,158,258,103,501,128,480,168,392,137,88,82
860Z200US93287,60,33,25,16,20,13,5,8,0,14,5,8,35,26,16,14,19,21
860Z200US93291,19017,850,14600,789,9935,703,4665,655,1758,451,2907,575,4417,778,3708,749,709,181
860Z200US93292,14331,712,11395,732,7685,693,3710,538,1560,417,2150,448,2936,500,2214,434,722,254
860Z200US93301,5730,429,2753,397,1391,301,1362,299,323,151,1039,251,2977,398,2432,330,545,248
860Z200US93304,15599,684,10883,604,5411,523,5472,505,1858,319,3614,408,4716,665,3755,629,961,291
860Z200US93305,11224,522,7745,576,3784,452,3961,498,1063,351,2898,449,3479,383,2695,327,784,205
860Z200US93306,22238,739,16778,869,10742,729,6036,633,2269,435,3767,511,5460,588,4376,518,1084,287
860Z200US93307,23128,881,18286,804,10883,587,7403,800,2175,403,5228,751,4842,779,3503,600,1339,526
860Z200US93308,20073,898,13041,826,8618,765,4423,613,1419,506,3004,412,7032,670,5560,616,1472,381
860Z200US93309,22286,839,15230,750,8824,595,6406,620,1862,403,4544,509,7056,643,5793,598,1263,355
860Z200US93311,16778,873,13084,942,10096,711,2988,640,1070,319,1918,508,3694,523,2988,503,706,226
860Z200US93312,18382,762,14672,730,11612,695,3060,465,1001,284,2059,391,3710,439,2909,383,801,247
860Z200US93313,16615,1006,14334,978,10532,965,3802,571,1022,278,2780,562,2281,395,1608,292,673,309
860Z200US93314,10980,608,9007,658,7491,679,1516,341,646,223,870,292,1973,410,1532,367,441,167
860Z200US93401,13460,460,6570,413,5320,372,1250,250,366,112,884,215,6890,516,4575,447,2315,368
860Z200US93402,6232,417,4104,288,3226,287,878,208,223,96,655,193,2128,345,1625,320,503,175
860Z200US93405,8558,436,2869,294,2025,254,844,212,314,155,530,177,5689,429,2086,284,3603,384
860Z200US93407,16,24,0,14,0,14,0,14,0,14,0,14,16,24,16,24,0,14
860Z200US93408,0,14,0,14,0,14,0,14,0,14,0,14,0,14,0,14,0,14
860Z200US93409,0,14,0,14,0,14,0,14,0,14,0,14,0,14,0,14,0,14
860Z200US93410,0,19,0,19,0,19,0,19,0,19,0,19,0,19,0,19,0,19
860Z200US93420,12642,644,8865,521,7489,475,1376,352,418,204,958,311,3777,574,2988,492,789,291
860Z200US93422,13106,563,8841,407,6928,374,1913,372,808,294,1105,229,4265,527,3509,487,756,177
860Z200US93424,514,222,387,206,359,203,28,46,0,14,28,46,127,110,127,110,0,14
860Z200US93426,547,104,380,86,338,83,42,25,17,16,25,20,167,69,151,68,16,17
860Z200US93427,2267,181,1761,127,1260,227,501,178,83,76,418,169,506,182,447,183,59,44
860Z200US93428,2912,245,1755,201,1630,201,125,59,33,40,92,48,1157,237,1023,219,134,80
860Z200US93429,87,66,48,50,48,50,0,14,0,14,0,14,39,45,39,45,0,14
860Z200US93430,1590,260,1043,223,873,229,170,83,39,40,131,67,547,146,370,129,177,112
860Z200US93432,464,167,386,143,321,144,65,81,65,81,0,14,78,83,67,81,11,19
860Z200US93433,4973,333,3341,299,2068,271,1273,324,448,207,825,289,1632,356,1167,281,465,196
860Z200US93434,2153,173,1769,136,1149,191,620,137,311,118,309,115,384,135,332,115,52,52
860Z200US93436,18135,551,12676,498,8575,523,4101,484,1510,385,2591,328,5459,518,4493,470,966,211
860Z200US93437,1179,180,963,188,847,182,116,59,27,26,89,51,216,98,166,98,50,33
860Z200US93440,491,132,280,126,189,103,91,75,0,14,91,75,211,114,211,114,0,14
860Z200US93441,405,96,317,98,285,86,32,38,0,14,32,38,88,44,75,43,13,22
860Z200US93442,5227,332,2954,219,2388,232,566,164,158,87,408,143,2273,360,1865,339,408,134
860Z200US93444,7671,556,5841,470,4611,468,1230,282,294,113,936,271,1830,335,1333,319,497,190
860Z200US93445,2912,444,1469,273,1094,234,375,154,75,78,300,136,1443,431,1199,419,244,121
860Z200US93446,17423,644,12094,580,9411,619,2683,447,651,217,2032,413,5329,550,4293,520,1036,221
860Z200US93449,4112,227,2145,235,1866,224,279,103,78,50,201,92,1967,349,1419,279,548,277
860Z200US93450,171,95,155,95,89,71,66,46,46,41,20,21,16,17,16,17,0,14
860Z200US93451,1554,211,1267,221,1010,213,257,116,122,101,135,82,287,107,232,99,55,38
860Z200US93452,173,111,71,84,71,84,0,14,0,14,0,14,102,81,102,81,0,14
860Z200US93453,1027,374,690,235,593,238,97,75,31,37,66,62,337,290,304,287,33,33
860Z200US93454,11928,504,8857,481,5828,496,3029,445,1223,263,1806,330,3071,350,2382,284,689,230
860Z200US93455,15469,543,11514,553,9177,515,2337,378,823,222,1514,288,3955,439,3254,420,701,196
860Z200US93458,13961,555,11770,556,6654,503,5116,502,1770,296,3346,443,2191,312,1663,250,528,182
860Z200US93460,2397,249,1574,224,1247,208,327,149,215,136,112,66,823,187,594,136,229,143
860Z200US93461,443,136,282,107,235,106,47,34,12,19,35,28,161,88,63,38,98,89
860Z200US93463,3376,307,2032,180,1617,196,415,131,43,33,372,131,1344,332,862,281,482,194
860Z200US93465,3891,490,3104,510,2264,441,840,291,208,163,632,242,787,201,618,180,169,115
860Z200US93501,2153,271,1262,243,772,219,490,200,43,48,447,184,891,188,736,182,155,75
860Z200US93505,4647,318,3065,300,1776,278,1289,279,594,267,695,239,1582,401,1395,358,187,127
860Z200US93510,2524,202,1929,226,1562,233,367,123,117,73,250,98,595,167,538,175,57,42
860Z200US93512,175,112,140,109,21,24,119,105,71,98,48,35,35,36,35,36,0,14
860Z200US93513,681,95,369,77,268,71,101,37,42,21,59,30,312,93,285,92,27,17
860Z200US93514,6022,213,3691,278,2749,280,942,201,220,88,722,166,2331,270,1968,272,363,129
860Z200US93516,1022,240,496,83,390,91,106,55,58,50,48,36,526,243,404,206,122,122
860Z200US93517,164,111,69,62,60,62,9,9,4,7,5,5,95,92,95,92,0,14
860Z200US93518,458,85,309,76,282,72,27,19,0,14,27,19,149,48,140,48,9,10
860Z200US93519,0,14,0,14,0,14,0,14,0,14,0,14,0,14,0,14,0,14
860Z200US93522,29,29,23,28,23,28,0,14,0,14,0,14,6,8,6,8,0,14
860Z200US93523,1296,207,986,187,683,136,303,147,97,96,206,109,310,104,234,89,76,55
860Z200US93524,0,14,0,14,0,14,0,14,0,14,0,14,0,14,0,14,0,14
860Z200US93526,361,78,205,53,160,50,45,23,28,21,17,12,156,51,145,50,11,10
860Z200US93527,808,135,529,172,352,141,177,92,28,35,149,95,279,135,259,136,20,30
860Z200US93528,26,32,26,32,16,26,10,18,10,18,0,14,0,14,0,14,0,14
860Z200US93529,103,66,87,62,51,47,36,47,0,14,36,47,16,24,16,24,0,14
860Z200US93530,21,27,0,14,0,14,0,14,0,14,0,14,21,27,21,27,0,14
860Z200US93531,215,90,168,82,168,82,0,14,0,14,0,14,47,41,29,31,18,25
860Z200US93532,1019,174,628,153,494,141,134,79,64,48,70,64,391,114,260,95,131,70
860Z200US93534,14997,642,9018,631,4698,488,4320,448,1032,308,3288,439,5979,557,4893,527,1086,261
860Z200US93535,22708,776,18043,683,10755,570,7288,540,1828,372,5460,568,4665,686,4085,688,580,133
860Z200US93536,22930,797,16226,748,11612,737,4614,588,1582,435,3032,422,6704,683,5017,602,1687,338
860Z200US93541,313,155,313,155,313,155,0,14,0,14,0,14,0,14,0,14,0,14
860Z200US93543,3551,407,2825,383,2144,349,681,204,210,126,471,190,726,297,494,201,232,204
860Z200US93544,452,139,291,115,251,102,40,46,0,14,40,46,161,95,147,96,14,23
860Z200US93545,671,149,336,120,229,92,107,69,57,61,50,40,335,114,301,111,34,30
860Z200US93546,3838,350,2342,306,1941,280,401,190,315,177,86,102,1496,387,1256,379,240,154
860Z200US93549,137,60,71,50,71,50,0,14,0,14,0,14,66,35,66,35,0,14
860Z200US93550,22832,717,17914,633,10085,570,7829,620,2280,375,5549,472,4918,532,3674,444,1244,371
860Z200US93551,16997,630,13914,622,10886,651,3028,421,901,233,2127,373,3083,357,2639,347,444,144
860Z200US93552,11009,629,9382,571,6517,465,2865,554,1205,499,1660,344,1627,304,1236,296,391,148
860Z200US93553,601,179,412,162,313,152,99,72,9,14,90,72,189,108,163,99,26,31
860Z200US93554,52,45,52,45,52,45,0,14,0,14,0,14,0,14,0,14,0,14
860Z200US93555,13073,591,8225,440,5816,441,2409,299,973,216,1436,271,4848,611,3848,520,1000,244
860Z200US93558,0,14,0,14,0,14,0,14,0,14,0,14,0,14,0,14,0,14
860Z200US93560,6825,433,4906,361,3400,400,1506,337,340,130,1166,322,1919,353,1417,271,502,214
860Z200US93561,12284,675,8410,679,6701,653,1709,324,665,228,1044,290,3874,493,3227,488,647,181
860Z200US93562,683,126,461,116,337,107,124,56,65,45,59,36,222,55,173,49,49,31
860Z200US93563,41,42,35,41,35,41,0,14,0,14,0,14,6,9,6,9,0,14
860Z200US93581,0,14,0,14,0,14,0,14,0,14,0,14,0,14,0,14,0,14
860Z200US93591,1954,217,1630,247,927,189,703,233,509,209,194,97,324,117,249,98,75,63
860Z200US93601,568,182,428,171,275,105,153,152,131,148,22,35,140,77,140,77,0,14
860Z200US93602,1110,160,884,166,773,167,111,51,46,37,65,36,226,81,180,63,46,42
860Z200US93603,106,64,65,58,65,58,0,14,0,14,0,14,41,34,35,32,6,10
860Z200US93604,171,93,152,91,123,79,29,42,0,14,29,42,19,22,19,22,0,14
860Z200US93605,31,21,25,20,25,20,0,14,0,14,0,14,6,7,6,7,0,14
860Z200US93606,261,70,232,72,185,79,47,46,16,26,31,40,29,24,29,24,0,14
860Z200US93608,253,88,183,73,142,69,41,36,0,14,41,36,70,57,70,57,0,14
860Z200US93609,1328,124,1172,149,888,171,284,123,195,116,89,54,156,84,141,82,15,15
860Z200US93610,5639,515,3943,333,2573,324,1370,243,525,171,845,191,1696,389,1349,357,347,163
860Z200US93611,15534,632,12255,599,9864,531,2391,364,800,227,1591,285,3279,383,2575,369,704,170
860Z200US93612,13948,627,8957,556,5187,614,3770,580,1096,261,2674,539,4991,577,3951,431,1040,300
860Z200US93614,4197,385,2962,349,2303,309,659,194,244,131,415,172,1235,265,969,245,266,125
860Z200US93615,1429,159,1246,172,770,198,476,175,91,105,385,162,183,86,148,82,35,57
860Z200US93616,598,105,535,113,342,81,193,88,0,14,193,88,63,47,57,46,6,8
860Z200US93618,8604,391,7324,384,4588,398,2736,369,785,219,1951,339,1280,259,1009,225,271,130
860Z200US93619,16353,535,13299,584,10758,619,2541,398,927,303,1614,295,3054,367,2427,315,627,199
860Z200US93620,3376,246,2567,287,1578,287,989,206,408,146,581,180,809,209,771,205,38,45
860Z200US93621,140,118,100,102,80,96,20,41,20,41,0,14,40,60,40,60,0,14
860Z200US93622,2839,295,2293,230,1450,246,843,260,281,148,562,219,546,203,465,193,81,71
860Z200US93623,0,14,0,14,0,14,0,14,0,14,0,14,0,14,0,14,0,14
860Z200US93624,186,76,140,64,116,62,24,21,8,12,16,16,46,39,46,39,0,14
860Z200US93625,2841,247,2085,218,1549,188,536,163,201,108,335,129,756,215,738,212,18,21
860Z200US93626,1132,199,902,200,813,191,89,57,0,14,89,57,230,116,146,95,84,74
860Z200US93627,70,62,70,62,66,61,4,7,0,14,4,7,0,14,0,14,0,14
860Z200US93628,218,231,65,65,65,65,0,14,0,14,0,14,153,222,153,222,0,14
860Z200US93630,6044,411,4596,331,3035,361,1561,302,390,152,1171,288,1448,446,1130,345,318,324
860Z200US93631,5804,626,4158,395,3145,459,1013,242,251,117,762,253,1646,396,1437,343,209,120
860Z200US93633,32,50,0,14,0,14,0,14,0,14,0,14,32,50,32,50,0,14
860Z200US93634,0,14,0,14,0,14,0,14,0,14,0,14,0,14,0,14,0,14
860Z200US93635,14164,683,10610,585,7506,604,3104,400,1066,296,2038,378,3554,606,3130,573,424,182
860Z200US93636,4404,368,3582,331,3040,313,542,177,155,83,387,156,822,208,586,166,236,115
860Z200US93637,12047,528,9464,509,6562,499,2902,413,792,184,2110,410,2583,454,2146,469,437,188
860Z200US93638,12116,611,10203,692,6138,542,4065,517,1545,345,2520,474,1913,323,1361,323,552,187
860Z200US93640,3416,248,2688,197,1639,237,1049,253,303,135,746,220,728,219,472,189,256,129
860Z200US93641,116,79,38,33,21,23,17,23,0,14,17,23,78,70,24,39,54,60
860Z200US93643,1213,236,749,190,617,185,132,82,80,70,52,42,464,155,384,152,80,62
860Z200US93644,2773,253,1699,212,1234,199,465,159,121,80,344,156,1074,251,788,249,286,181
860Z200US93645,293,173,237,161,221,161,16,27,16,27,0,14,56,66,56,66,0,14
860Z200US93646,2594,199,2208,165,1258,191,950,190,214,102,736,175,386,138,304,117,82,66
860Z200US93647,2842,362,2571,360,1477,294,1094,395,163,89,931,389,271,112,155,77,116,91
860Z200US93648,3781,260,3325,237,1910,285,1415,254,484,207,931,220,456,158,340,139,116,86
860Z200US93650,1022,183,701,162,304,100,397,136,61,54,336,122,321,133,229,100,92,78
860Z200US93651,545,163,376,108,279,118,97,60,15,22,82,57,169,120,162,119,7,12
860Z200US93652,107,46,78,35,46,27,32,21,9,14,23,15,29,34,29,34,0,14
860Z200US93653,516,127,383,118,328,114,55,31,28,25,27,20,133,54,75,44,58,36
860Z200US93654,9097,400,7616,343,5148,393,2468,351,815,267,1653,318,1481,241,1238,216,243,97
860Z200US93656,1592,248,1400,259,969,272,431,145,159,106,272,135,192,110,122,94,70,68
860Z200US93657,10693,473,8457,390,5833,415,2624,351,1120,295,1504,332,2236,363,1870,345,366,162
860Z200US93660,978,131,812,97,551,83,261,78,70,44,191,66,166,91,117,55,49,55
860Z200US93662,9187,542,6842,391,3972,435,2870,398,984,321,1886,349,2345,437,1986,392,359,163
860Z200US93664,179,59,137,53,132,53,5,7,0,14,5,7,42,25,42,25,0,14
860Z200US93665,128,76,128,76,0,14,128,76,0,14,128,76,0,14,0,14,0,14
860Z200US93666,172,54,143,50,64,32,79,42,12,15,67,35,29,23,11,13,18,19
860Z200US93667,840,122,521,106,406,106,115,54,59,49,56,38,319,88,279,84,40,33
860Z200US93668,275,133,255,130,197,122,58,54,19,32,39,44,20,33,20,33,0,14
860Z200US93669,60,47,60,47,47,44,13,17,0,14,13,17,0,14,0,14,0,14
860Z200US93670,35,57,35,57,35,57,0,14,0,14,0,14,0,14,0,14,0,14
860Z200US93673,105,35,98,33,70,25,28,18,10,13,18,13,7,11,7,11,0,14
860Z200US93675,1207,223,1001,236,872,227,129,77,24,35,105,72,206,121,200,122,6,10
860Z200US93701,3525,492,2009,333,1093,280,916,221,279,96,637,205,1516,420,1163,381,353,145
860Z200US93702,12789,530,9191,482,4726,461,4465,527,1365,303,3100,456,3598,501,3017,440,581,256
860Z200US93703,10504,596,6923,382,3151,356,3772,379,1214,272,2558,331,3581,523,2874,501,707,280
860Z200US93704,11632,637,6886,623,4656,574,2230,424,758,317,1472,261,4746,526,3723,468,1023,281
860Z200US93705,12795,584,8505,678,3999,465,4506,575,1750,431,2756,393,4290,487,3427,411,863,316
860Z200US93706,11624,587,7747,500,4017,400,3730,369,1310,260,2420,321,3877,475,3230,497,647,163
860Z200US93710,12111,716,7317,666,4349,509,2968,504,895,279,2073,416,4794,504,2982,436,1812,348
860Z200US93711,16133,654,9624,615,7693,576,1931,326,609,195,1322,299,6509,575,5188,567,1321,368
860Z200US93720,18758,813,12416,804,8976,672,3440,510,1137,296,2303,420,6342,743,4753,665,1589,365
860Z200US93721,2410,390,726,189,363,142,363,132,65,57,298,122,1684,344,1507,304,177,122
860Z200US93722,26717,679,19753,746,12790,798,6963,705,2225,435,4738,576,6964,568,5479,525,1485,279
860Z200US93723,3693,296,3100,361,2494,390,606,204,255,117,351,172,593,203,439,162,154,127
860Z200US93725,6672,480,5330,414,3370,350,1960,348,717,336,1243,250,1342,285,1015,231,327,206
860Z200US93726,15054,554,9056,594,4802,531,4254,547,1335,344,2919,472,5998,546,4848,591,1150,245
860Z200US93727,24660,803,19275,762,12485,679,6790,659,2272,415,4518,538,5385,466,4295,414,1090,259
860Z200US93728,6462,506,3842,436,2314,380,1528,400,469,203,1059,309,2620,375,1912,351,708,228
860Z200US93730,4852,390,3792,418,3186,381,606,195,337,155,269,116,1060,246,935,236,125,71
860Z200US93737,2011,268,1671,222,1318,226,353,192,91,83,262,162,340,173,241,169,99,86
860Z200US93740,0,14,0,14,0,14,0,14,0,14,0,14,0,14,0,14,0,14
860Z200US93741,67,98,0,14,0,14,0,14,0,14,0,14,67,98,67,98,0,14
860Z200US93901,10756,566,6890,516,4847,499,2043,343,673,190,1370,293,3866,407,3126,359,740,187
860Z200US93905,14056,488,12602,479,7016,513,5586,495,1717,293,3869,515,1454,288,1120,259,334,127
860Z200US93906,17964,554,13994,681,9157,671,4837,534,1770,335,3067,439,3970,565,2890,466,1080,335
860Z200US93907,7234,430,5619,458,4280,440,1339,283,577,210,762,217,1615,252,1030,196,585,185
860Z200US93908,4365,305,3438,338,2794,281,644,231,260,193,384,145,927,175,782,161,145,76
860Z200US93920,517,124,241,121,217,120,24,20,21,20,3,4,276,98,221,94,55,52
860Z200US93921,1455,379,740,209,696,200,44,47,21,33,23,36,715,287,665,281,50,58
860Z200US93923,5478,411,3341,363,2896,341,445,148,56,39,389,142,2137,286,1756,264,381,139
860Z200US93924,2627,289,1692,286,1552,290,140,77,20,26,120,73,935,214,706,203,229,90
860Z200US93925,342,99,294,85,188,73,106,54,28,27,78,43,48,45,30,27,18,37
860Z200US93926,2399,225,2119,193,1226,190,893,217,286,150,607,206,280,134,224,134,56,52
860Z200US93927,4737,283,4249,248,2675,311,1574,243,372,133,1202,250,488,163,364,136,124,92
860Z200US93928,0,14,0,14,0,14,0,14,0,14,0,14,0,14,0,14,0,14
860Z200US93930,4383,481,3695,434,2542,362,1153,333,549,265,604,181,688,233,617,223,71,46
860Z200US93932,189,79,148,77,134,77,14,14,5,8,9,11,41,34,41,34,0,14
860Z200US93933,9772,367,6354,350,4455,403,1899,282,489,159,1410,240,3418,362,2132,290,1286,258
860Z200US93940,13948,464,7578,378,6174,389,1404,259,531,176,873,214,6370,583,4626,576,1744,285
860Z200US93943,5,12,5,12,5,12,0,14,0,14,0,14,0,14,0,14,0,14
860Z200US93944,6,8,0,14,0,14,0,14,0,14,0,14,6,8,6,8,0,14
860Z200US93950,6988,207,4077,227,3302,229,775,166,255,98,520,135,2911,293,2468,262,443,123
860Z200US93953,1674,203,1101,146,1006,146,95,48,46,31,49,38,573,196,511,192,62,37
860Z200US93954,75,30,69,32,31,24,38,26,17,17,21,20,6,11,6,11,0,14
860Z200US93955,10482,408,7236,451,5039,466,2197,326,732,200,1465,302,3246,380,2163,317,1083,275
860Z200US93960,4849,264,4094,245,3027,291,1067,304,278,134,789,251,755,203,610,199,145,87
860Z200US93962,110,83,48,47,48,47,0,14,0,14,0,14,62,69,33,51,29,46
860Z200US94002,10608,401,7344,330,6553,377,791,184,297,108,494,157,3264,496,2452,454,812,225
860Z200US94005,1867,246,1105,154,702,140,403,166,147,126,256,127,762,314,624,288,138,94
860Z200US94010,16252,406,10422,360,9115,407,1307,262,376,131,931,248,5830,535,4771,513,1059,204
860Z200US94014,14107,655,10157,597,7125,528,3032,440,734,185,2298,406,3950,578,2816,488,1134,292
860Z200US94015,20514,735,14991,576,10817,695,4174,439,1424,270,2750,336,5523,579,4013,528,1510,295
860Z200US94018,1390,311,1100,304,889,284,211,137,67,78,144,120,290,157,264,157,26,30
860Z200US94019,5299,394,3366,335,2702,336,664,181,366,134,298,132,1933,323,1625,308,308,167
860Z200US94020,762,242,475,150,475,150,0,14,0,14,0,14,287,192,248,191,39,35
860Z200US94021,148,89,95,83,84,82,11,17,0,14,11,17,53,50,53,50,0,14
860Z200US94022,7268,264,5625,289,4997,286,628,235,269,139,359,206,1643,224,1230,193,413,135
860Z200US94024,8016,354,6895,316,6218,349,677,202,134,64,543,200,1121,199,1033,188,88,53
860Z200US94025,14318,489,9524,373,8208,351,1316,285,351,127,965,281,4794,476,3705,409,1089,188
860Z200US94027,2275,151,1825,122,1730,128,95,44,53,35,42,29,450,120,342,108,108,58
860Z200US94028,2625,238,1807,190,1723,196,84,95,60,91,24,27,818,234,730,235,88,62
860Z200US94030,7998,316,5509,292,4387,281,1122,184,303,101,819,164,2489,350,1924,292,565,161
860Z200US94037,1061,218,739,226,645,220,94,107,62,94,32,52,322,150,250,135,72,76
860Z200US94038,988,161,670,145,572,142,98,73,49,49,49,55,318,139,231,130,87,65
860Z200US94040,15347,639,8146,471,6780,469,1366,254,349,149,1017,220,7201,626,5388,524,1813,334
860Z200US94041,6652,399,3494,354,2728,332,766,226,304,138,462,199,3158,335,2334,318,824,162
860Z200US94043,13257,501,7393,359,6236,403,1157,235,447,137,710,207,5864,531,3878,425,1986,378
860Z200US94044,13982,385,9752,352,7712,410,2040,265,564,161,1476,236,4230,484,3139,410,1091,217
860Z200US94060,358,125,237,116,187,94,50,83,0,14,50,83,121,68,79,62,42,40
860Z200US94061,13144,592,9122,573,7057,569,2065,398,751,303,1314,282,4022,423,3022,358,1000,182
860Z200US94062,9740,480,6995,402,6356,397,639,138,256,97,383,105,2745,404,2038,354,707,174
860Z200US94063,11291,480,6882,409,4963,376,1919,309,601,169,1318,247,4409,419,3104,406,1305,243
860Z200US94065,4617,269,3172,321,2762,308,410,105,154,66,256,86,1445,251,1199,226,246,114
860Z200US94066,15463,574,10292,505,7821,510,2471,369,924,213,1547,320,5171,558,3810,450,1361,303
860Z200US94070,11331,355,8375,262,7207,325,1168,211,245,80,923,198,2956,404,2337,397,619,143
860Z200US94074,39,33,25,26,25,26,0,14,0,14,0,14,14,22,14,22,0,14
860Z200US94080,22033,655,15720,544,11678,545,4042,537,1371,303,2671,436,6313,707,4410,585,1903,338
860Z200US94085,9112,583,5008,410,3852,350,1156,330,340,144,816,316,4104,417,2454,415,1650,331
860Z200US94086,20166,740,11531,673,9511,685,2020,341,521,179,1499,326,8635,550,5435,556,3200,399
860Z200US94087,20384,664,14974,559,12818,593,2156,395,653,202,1503,333,5410,561,4119,469,1291,368
860Z200US94089,9129,588,5424,369,4253,392,1171,217,524,184,647,172,3705,539,2401,367,1304,395
860Z200US94102,19543,971,5132,587,3623,501,1509,371,741,314,768,205,14411,1033,12261,1072,2150,376
860Z200US94103,17352,863,5281,571,3689,512,1592,269,409,168,1183,236,12071,769,8956,718,3115,484
860Z200US94104,263,106,114,70,94,71,20,22,4,6,16,20,149,90,97,72,52,62
860Z200US94105,8316,848,2973,597,2459,574,514,204,123,92,391,175,5343,757,3603,794,1740,413
860Z200US94107,15761,1030,5566,577,4836,574,730,183,136,55,594,189,10195,852,7094,805,3101,439
860Z200US94108,6326,447,2216,314,1564,252,652,190,250,105,402,165,4110,453,3628,420,482,166
860Z200US94109,31899,1187,8434,647,6853,625,1581,302,397,166,1184,291,23465,1107,18368,971,5097,574
860Z200US94110,26984,940,13287,672,9495,625,3792,478,1470,313,2322,348,13697,886,8786,700,4911,516
860Z200US94111,2471,298,1143,252,910,223,233,155,57,78,176,138,1328,240,1195,233,133,67
860Z200US94112,23274,732,17331,677,12223,620,5108,452,1812,282,3296,371,5943,614,3558,455,2385,408
860Z200US94114,16804,757,6328,429,5435,428,893,160,280,97,613,134,10476,735,6591,669,3885,484
860Z200US94115,16725,764,5457,459,4198,403,1259,233,296,139,963,211,11268,725,8603,744,2665,356
860Z200US94116,15355,734,10753,672,8581,601,2172,462,466,181,1706,415,4602,569,3130,485,1472,258
860Z200US94117,17558,771,6236,573,4979,565,1257,286,669,226,588,162,11322,756,6100,550,5222,699
860Z200US94118,16995,907,8210,609,6439,595,1771,335,467,146,1304,286,8785,764,6072,701,2713,327
860Z200US94121,18175,806,10089,584,7927,580,2162,296,790,170,1372,248,8086,724,5909,646,2177,347
860Z200US94122,22375,796,12995,795,9858,622,3137,505,1097,265,2040,411,9380,687,6135,608,3245,453
860Z200US94123,12510,600,4460,414,3907,393,553,197,182,131,371,144,8050,591,5587,497,2463,366
860Z200US94124,10982,457,7951,500,4386,431,3565,417,602,164,2963,377,3031,390,2378,345,653,174
860Z200US94127,7466,563,5397,467,4749,484,648,178,205,98,443,147,2069,383,1526,345,543,223
860Z200US94128,0,14,0,14,0,14,0,14,0,14,0,14,0,14,0,14,0,14
860Z200US94129,1338,158,813,174,566,147,247,138,30,24,217,136,525,110,246,90,279,95
860Z200US94130,617,96,322,75,137,52,185,64,27,27,158,65,295,94,120,53,175,79
860Z200US94131,12469,600,6431,474,5346,391,1085,248,242,113,843,240,6038,551,4142,481,1896,314
860Z200US94132,10686,775,5687,451,4029,415,1658,283,257,100,1401,266,4999,731,3620,700,1379,283
860Z200US94133,12954,676,5456,526,4007,466,1449,280,562,188,887,236,7498,577,5833,544,1665,313
860Z200US94134,12545,681,9188,623,6444,615,2744,360,1073,209,1671,315,3357,386,2516,367,841,212
860Z200US94158,4907,496,2421,389,2141,377,280,170,58,71,222,153,2486,410,1693,355,793,282
860Z200US94188,0,14,0,14,0,14,0,14,0,14,0,14,0,14,0,14,0,14
860Z200US94301,7080,423,4616,301,3994,322,622,150,169,86,453,135,2464,333,2091,301,373,103
860Z200US94303,14485,570,10871,537,8152,504,2719,435,853,198,1866,352,3614,600,2756,489,858,297
860Z200US94304,2117,247,1238,199,1066,184,172,98,0,14,172,98,879,164,792,161,87,36
860Z200US94305,3689,404,1324,309,1117,297,207,109,117,99,90,50,2365,276,1433,242,932,232
860Z200US94306,10794,458,6975,401,5876,425,1099,210,270,121,829,198,3819,438,2748,364,1071,320
860Z200US94401,13086,641,7739,479,4977,473,2762,468,927,263,1835,402,5347,582,4009,593,1338,278
860Z200US94402,9944,565,6388,419,5364,408,1024,224,247,143,777,187,3556,460,2804,409,752,192
860Z200US94403,16372,560,10990,514,9292,545,1698,284,641,190,1057,189,5382,460,4032,450,1350,195
860Z200US94404,14583,327,9581,300,7937,390,1644,299,494,143,1150,283,5002,388,3858,380,1144,183
860Z200US94501,25028,724,15186,541,11558,611,3628,376,866,183,2762,331,9842,736,7424,657,2418,454
860Z200US94502,4782,417,3895,385,3246,377,649,161,203,103,446,140,887,260,794,257,93,61
860Z200US94503,5971,255,5100,233,3821,254,1279,206,314,107,965,201,871,219,608,164,263,135
860Z200US94505,5522,354,4383,316,3616,267,767,282,193,154,574,245,1139,221,857,200,282,118
860Z200US94506,9294,591,7971,498,7281,490,690,220,76,53,614,215,1323,385,967,325,356,193
860Z200US94507,5181,343,4440,335,4111,339,329,146,147,82,182,126,741,205,593,157,148,116
860Z200US94508,967,161,656,128,577,118,79,51,5,9,74,49,311,101,214,71,97,65
860Z200US94509,23431,705,16723,751,10533,675,6190,544,1537,317,4653,537,6708,910,4779,707,1929,532
860Z200US94510,10925,382,6986,264,5246,321,1740,268,554,181,1186,229,3939,465,3329,453,610,147
860Z200US94511,900,230,393,220,239,127,154,164,0,14,154,164,507,229,296,182,211,160
860Z200US94512,89,92,56,84,0,14,56,84,56,84,0,14,33,40,33,40,0,14
860Z200US94513,21933,526,17656,500,14293,559,3363,517,694,245,2669,439,4277,499,3292,403,985,317
860Z200US94514,581,141,422,152,246,80,176,129,76,96,100,100,159,49,91,55,68,29
860Z200US94515,2671,223,1676,167,1333,211,343,151,128,102,215,112,995,200,814,183,181,80
860Z200US94516,73,42,59,38,57,38,2,3,2,3,0,14,14,16,13,16,1,2
860Z200US94517,4425,228,3365,177,2713,202,652,205,206,115,446,184,1060,207,999,208,61,42
860Z200US94518,10217,530,6832,527,4842,375,1990,402,518,228,1472,352,3385,495,2531,422,854,231
860Z200US94519,7098,493,4880,341,3594,353,1286,291,414,190,872,243,2218,454,1470,382,748,300
860Z200US94520,13287,563,8295,527,6103,554,2192,296,649,193,1543,273,4992,563,3818,521,1174,259
860Z200US94521,15607,558,10806,484,8198,508,2608,368,753,191,1855,335,4801,529,3855,532,946,211
860Z200US94523,13817,495,9174,341,6977,424,2197,339,744,186,1453,303,4643,555,3596,585,1047,247
860Z200US94525,1703,185,928,166,676,155,252,157,32,33,220,152,775,146,598,137,177,80
860Z200US94526,11942,464,9138,404,7963,421,1175,309,328,142,847,256,2804,399,2134,379,670,198
860Z200US94528,371,154,332,147,299,144,33,51,0,14,33,51,39,62,39,62,0,14
860Z200US94530,10923,319,6916,289,5396,336,1520,222,521,137,999,215,4007,384,2792,326,1215,197
860Z200US94531,13611,550,10680,551,7256,527,3424,476,894,270,2530,420,2931,383,2132,364,799,288
860Z200US94533,24645,639,17760,601,11150,676,6610,500,2207,395,4403,434,6885,624,5436,579,1449,315
860Z200US94534,13738,487,10627,447,8803,428,1824,300,468,153,1356,267,3111,388,2455,374,656,200
860Z200US94535,1000,168,968,168,933,167,35,27,4,7,31,26,32,15,21,12,11,8
860Z200US94536,25211,683,18750,706,15650,749,3100,422,1192,292,1908,335,6461,628,5102,612,1359,252
860Z200US94538,23149,706,17197,627,13585,605,3612,478,1034,282,2578,434,5952,571,4150,530,1802,294
860Z200US94539,16876,610,14671,579,13099,599,1572,239,418,127,1154,228,2205,309,1734,280,471,153
860Z200US94541,21801,718,15073,627,10159,577,4914,556,1786,347,3128,392,6728,546,5062,471,1666,283
860Z200US94542,4866,346,3407,355,2746,343,661,205,203,111,458,170,1459,286,913,228,546,157
860Z200US94544,22920,683,17443,698,11759,658,5684,530,1586,277,4098,462,5477,590,3907,495,1570,318
860Z200US94545,10097,537,7588,464,5798,467,1790,339,674,200,1116,267,2509,386,1685,386,824,265
860Z200US94546,15918,620,11727,607,9084,582,2643,408,721,227,1922,324,4191,486,3244,481,947,211
860Z200US94547,9319,349,6774,261,5189,321,1585,290,296,101,1289,272,2545,475,2225,436,320,114
860Z200US94548,196,117,137,95,121,97,16,26,0,14,16,26,59,70,38,61,21,35
860Z200US94549,10291,369,8102,369,7058,376,1044,270,517,188,527,176,2189,407,1772,371,417,149
860Z200US94550,17524,632,13373,532,11489,526,1884,270,544,166,1340,216,4151,424,3243,354,908,250
860Z200US94551,14199,501,9863,528,8165,552,1698,387,522,172,1176,331,4336,552,3343,498,993,240
860Z200US94552,5016,435,4132,404,3523,381,609,173,142,94,467,152,884,205,723,195,161,88
860Z200US94553,19134,564,12549,532,9444,463,3105,485,1150,340,1955,345,6585,531,5002,440,1583,305
860Z200US94555,11784,519,10024,496,8711,527,1313,248,604,196,709,152,1760,300,1367,263,393,174
860Z200US94556,5682,231,4375,228,3890,233,485,132,141,87,344,112,1307,240,994,214,313,164
860Z200US94558,24501,556,16569,626,13089,609,3480,396,1276,218,2204,344,7932,565,6469,544,1463,286
860Z200US94559,10560,415,6420,438,4727,434,1693,279,512,164,1181,228,4140,333,2789,305,1351,274
860Z200US94560,15184,406,12169,452,9673,432,2496,393,930,240,1566,313,3015,422,1998,316,1017,252
860Z200US94561,13903,686,11240,466,8682,479,2558,511,844,370,1714,390,2663,561,2015,465,648,265
860Z200US94562,0,14,0,14,0,14,0,14,0,14,0,14,0,14,0,14,0,14
860Z200US94563,7349,305,5504,224,4908,235,596,174,192,83,404,162,1845,309,1447,288,398,210
860Z200US94564,6882,308,4814,294,3269,313,1545,391,422,190,1123,355,2068,332,1522,247,546,212
860Z200US94565,30268,806,23332,667,15910,726,7422,591,2580,456,4842,534,6936,617,5267,569,1669,302
860Z200US94566,15923,488,12211,508,10638,459,1573,300,628,183,945,272,3712,376,3123,351,589,212
860Z200US94567,231,60,160,59,134,56,26,20,12,14,14,15,71,24,56,25,15,11
860Z200US94568,23811,521,18656,497,15887,589,2769,420,870,270,1899,414,5155,512,3832,444,1323,238
860Z200US94569,144,130,39,51,39,51,0,14,0,14,0,14,105,121,105,121,0,14
860Z200US94571,5440,419,3123,350,2629,385,494,269,283,237,211,138,2317,488,2053,474,264,144
860Z200US94572,2958,307,2351,259,1292,224,1059,189,373,145,686,171,607,165,439,150,168,89
860Z200US94573,43,36,27,28,13,22,14,19,0,14,14,19,16,24,16,24,0,14
860Z200US94574,3293,218,2176,188,1643,216,533,169,124,89,409,176,1117,176,884,152,233,78
860Z200US94575,0,14,0,14,0,14,0,14,0,14,0,14,0,14,0,14,0,14
860Z200US94576,64,51,32,43,32,43,0,14,0,14,0,14,32,29,32,29,0,14
860Z200US94577,16870,604,10961,470,7516,532,3445,408,1135,310,2310,392,5909,553,4426,524,1483,311
860Z200US94578,14060,687,9187,573,5477,471,3710,433,977,272,2733,394,4873,621,3466,498,1407,318
860Z200US94579,6692,429,4774,414,3703,458,1071,257,444,176,627,170,1918,304,1461,287,457,157
860Z200US94580,8782,490,6873,423,4940,390,1933,303,657,190,1276,248,1909,359,1474,338,435,146
860Z200US94582,16166,575,12740,517,10958,547,1782,400,516,237,1266,360,3426,488,2840,406,586,321
860Z200US94583,13776,442,10716,520,9430,519,1286,263,422,146,864,232,3060,407,2325,372,735,215
860Z200US94585,9585,467,6840,337,4648,374,2192,343,808,255,1384,276,2745,423,2320,383,425,163
860Z200US94586,337,57,286,52,239,54,47,24,27,17,20,19,51,22,46,22,5,5
860Z200US94587,21202,483,16843,417,13394,512,3449,408,1294,273,2155,337,4359,476,3535,473,824,164
860Z200US94588,12182,400,9441,440,8247,437,1194,249,267,109,927,243,2741,383,2058,340,683,188
860Z200US94589,9451,418,7182,464,4510,432,2672,391,931,256,1741,338,2269,383,1900,358,369,131
860Z200US94590,15210,614,8561,551,4655,496,3906,454,1039,273,2867,374,6649,558,5428,535,1221,243
860Z200US94591,19711,592,14420,649,10115,623,4305,514,1546,316,2759,457,5291,586,4150,517,1141,268
860Z200US94592,441,192,246,86,193,83,53,40,23,23,30,34,195,148,103,77,92,128
860Z200US94595,9341,452,4136,377,3510,340,626,207,83,81,543,202,5205,320,4790,322,415,134
860Z200US94596,10801,522,6059,442,4991,381,1068,240,414,175,654,173,4742,426,3617,450,1125,228
860Z200US94597,10731,540,5670,433,4521,425,1149,278,372,221,777,247,5061,566,3516,514,1545,348
860Z200US94598,10493,513,7639,427,6562,442,1077,274,323,131,754,243,2854,480,2306,446,548,212
860Z200US94599,1507,208,564,91,499,99,65,43,16,17,49,36,943,194,778,181,165,65
860Z200US94601,16447,610,10940,542,6438,490,4502,447,1608,293,2894,413,5507,529,3996,478,1511,295
860Z200US94602,12287,521,7759,427,5964,404,1795,286,306,127,1489,236,4528,370,3281,330,1247,277
860Z200US94603,10598,413,7519,397,4625,387,2894,348,875,240,2019,314,3079,311,2504,277,575,176
860Z200US94605,16739,719,10575,631,6940,590,3635,440,922,229,2713,422,6164,593,4971,568,1193,255
860Z200US94606,15883,607,7599,458,4530,389,3069,332,1128,246,1941,275,8284,650,6113,567,2171,376
860Z200US94607,12697,468,5257,376,2837,365,2420,333,597,183,1823,283,7440,440,5215,378,2225,308
860Z200US94608,16211,651,6229,539,3815,373,2414,475,818,251,1596,345,9982,668,6780,601,3202,394
860Z200US94609,10998,542,4493,467,3119,353,1374,353,402,153,972,310,6505,477,4133,403,2372,335
860Z200US94610,16115,746,6639,526,5018,448,1621,332,486,165,1135,293,9476,672,6957,650,2519,350
860Z200US94611,17840,579,9776,488,8546,530,1230,264,511,172,719,189,8064,503,6315,468,1749,308
860Z200US94612,10164,596,2907,444,1975,350,932,314,344,302,588,142,7257,482,5918,448,1339,248
860Z200US94613,0,14,0,14,0,14,0,14,0,14,0,14,0,14,0,14,0,14
860Z200US94618,7341,422,4209,304,3649,265,560,182,265,154,295,113,3132,349,2411,308,721,206
860Z200US94619,9875,526,7076,546,5178,457,1898,367,652,257,1246,304,2799,352,2051,300,748,229
860Z200US94621,10494,641,7145,563,3473,357,3672,516,1059,275,2613,472,3349,411,2846,402,503,164
860Z200US94702,7419,444,3795,436,2635,308,1160,322,305,81,855,316,3624,271,2669,263,955,205
860Z200US94703,8732,469,3941,380,2938,316,1003,224,195,69,808,211,4791,453,3103,422,1688,275
860Z200US94704,8262,623,1686,290,1125,278,561,156,254,113,307,135,6576,575,3478,559,3098,345
860Z200US94705,5823,367,3195,365,2772,356,423,125,176,81,247,87,2628,297,1683,259,945,170
860Z200US94706,8031,250,5264,201,4227,245,1037,185,206,88,831,166,2767,323,1914,273,853,165
860Z200US94707,5188,295,3540,259,3059,262,481,124,109,50,372,126,1648,250,1413,230,235,77
860Z200US94708,4754,284,3258,298,2905,276,353,116,85,68,268,98,1496,173,975,136,521,126
860Z200US94709,5310,449,1726,275,1491,265,235,136,88,107,147,79,3584,431,2122,441,1462,212
860Z200US94710,3744,283,1834,231,1350,195,484,157,226,102,258,114,1910,293,1523,255,387,115
860Z200US94720,195,88,53,34,53,34,0,19,0,19,0,19,142,80,72,65,70,48
860Z200US94801,10421,476,7287,458,4498,503,2789,367,935,229,1854,328,3134,347,2447,361,687,196
860Z200US94803,9500,573,7389,531,5392,559,1997,330,758,259,1239,252,2111,314,1490,245,621,233
860Z200US94804,16080,618,10022,650,5998,607,4024,443,1276,312,2748,362,6058,617,4857,543,1201,255
860Z200US94805,5727,470,3635,330,2813,297,822,201,359,160,463,166,2092,460,1634,458,458,137
860Z200US94806,20304,817,14575,763,8715,587,5860,714,1637,407,4223,554,5729,561,4456,515,1273,328
860Z200US94901,15663,543,9052,511,7198,561,1854,352,676,202,1178,316,6611,604,4993,552,1618,318
860Z200US94903,12226,534,7380,471,6003,452,1377,313,339,165,1038,275,4846,597,4088,579,758,221
860Z200US94904,5651,320,3575,280,2884,251,691,155,190,97,501,115,2076,246,1769,218,307,113
860Z200US94920,4942,285,3634,215,3188,249,446,136,145,65,301,129,1308,299,1152,280,156,72
860Z200US94922,55,54,55,54,4,6,51,54,20,25,31,49,0,14,0,14,0,14
860Z200US94923,684,184,371,134,292,117,79,89,49,74,30,49,313,133,313,133,0,14
860Z200US94924,551,133,253,96,151,77,102,68,64,61,38,35,298,117,216,95,82,57
860Z200US94925,4037,251,2930,186,2466,219,464,188,134,95,330,183,1107,293,926,253,181,136
860Z200US94928,16841,522,10395,445,7623,524,2772,423,961,253,1811,363,6446,598,3997,503,2449,423
860Z200US94929,129,70,94,70,94,70,0,14,0,14,0,14,35,37,11,16,24,32
860Z200US94930,3544,224,2088,193,1604,207,484,156,189,119,295,126,1456,189,850,181,606,164
860Z200US94931,4119,318,2128,205,1609,182,519,146,152,96,367,133,1991,376,1561,347,430,145
860Z200US94933,585,168,298,117,196,83,102,87,38,42,64,77,287,137,258,143,29,34
860Z200US94937,565,121,195,73,157,66,38,33,13,19,25,26,370,111,342,112,28,34
860Z200US94938,246,117,109,70,91,64,18,28,18,28,0,14,137,92,66,59,71,62
860Z200US94939,3431,302,1825,195,1357,183,468,152,229,130,239,94,1606,367,1347,357,259,202
860Z200US94940,123,88,67,38,56,36,11,14,0,14,11,14,56,89,56,89,0,14
860Z200US94941,12534,512,8456,430,7015,439,1441,239,277,99,1164,224,4078,437,3084,378,994,251
860Z200US94945,7093,507,4811,462,4048,456,763,234,242,129,521,166,2282,364,1872,302,410,187
860Z200US94946,288,85,195,62,158,46,37,41,0,14,37,41,93,38,67,28,26,19
860Z200US94947,8938,456,6674,460,5100,468,1574,353,505,206,1069,304,2264,323,1853,312,411,121
860Z200US94949,7226,375,4363,385,3722,359,641,212,145,92,496,213,2863,370,2137,299,726,300
860Z200US94950,18,12,8,12,8,12,0,14,0,14,0,14,10,6,10,6,0,14
860Z200US94951,1472,211,777,162,650,159,127,90,74,72,53,40,695,207,642,204,53,72
860Z200US94952,13990,533,8371,440,6823,503,1548,291,681,182,867,253,5619,422,4283,429,1336,262
860Z200US94954,14886,464,9862,371,7884,422,1978,315,687,192,1291,257,5024,544,3876,501,1148,234
860Z200US94956,678,168,292,96,234,92,58,39,0,14,58,39,386,128,373,126,13,21
860Z200US94957,709,89,558,89,470,95,88,42,45,32,43,21,151,58,139,59,12,16
860Z200US94960,6192,335,4347,294,3585,253,762,250,311,225,451,153,1845,329,1427,292,418,148
860Z200US94963,195,77,143,66,143,66,0,14,0,14,0,14,52,56,52,56,0,14
860Z200US94964,110,148,15,26,15,26,0,14,0,14,0,14,95,145,0,14,95,145
860Z200US94965,6253,358,2992,298,2062,242,930,246,305,156,625,201,3261,338,2611,325,650,166
860Z200US94970,187,83,83,54,68,47,15,24,0,14,15,24,104,74,53,47,51,42
860Z200US94971,92,53,80,51,80,51,0,14,0,14,0,14,12,15,12,15,0,14
860Z200US94972,41,53,41,53,36,55,5,7,0,14,5,7,0,14,0,14,0,14
860Z200US94973,652,162,435,175,360,157,75,69,22,35,53,58,217,99,203,98,14,24
860Z200US95002,545,52,364,66,293,62,71,37,7,10,64,36,181,64,145,58,36,33
860Z200US95003,9846,500,6907,489,5469,453,1438,312,571,185,867,218,2939,322,2412,289,527,138
860Z200US95004,1291,276,1109,282,902,253,207,107,162,103,45,37,182,73,115,51,67,52
860Z200US95005,2774,399,1799,313,1487,225,312,230,60,55,252,229,975,247,629,184,346,208
860Z200US95006,3323,347,2240,305,1562,272,678,226,454,210,224,103,1083,261,678,182,405,179
860Z200US95007,170,107,87,73,87,73,0,14,0,14,0,14,83,82,73,80,10,19
860Z200US95008,18700,607,12265,471,9400,539,2865,373,911,223,1954,311,6435,592,5096,548,1339,299
860Z200US95010,4161,279,1969,237,1319,224,650,153,301,131,349,115,2192,371,1590,355,602,234
860Z200US95012,2480,249,2238,271,1564,294,674,203,249,157,425,153,242,106,164,97,78,54
860Z200US95013,13,20,13,20,0,14,13,20,0,14,13,20,0,14,0,14,0,14
860Z200US95014,21960,471,16764,420,14658,445,2106,349,716,170,1390,286,5196,493,4319,473,877,205
860Z200US95017,231,66,123,39,102,39,21,17,3,4,18,17,108,55,72,42,36,30
860Z200US95018,2784,284,1649,236,1360,223,289,97,100,67,189,77,1135,223,854,191,281,121
860Z200US95019,1873,302,1277,289,1015,270,262,118,71,73,191,93,596,130,459,128,137,92
860Z200US95020,19621,582,15811,479,11067,554,4744,514,1261,314,3483,456,3810,430,2713,345,1097,277
860Z200US95023,17523,273,13816,402,9951,551,3865,411,1389,268,2476,307,3707,358,2801,325,906,240
860Z200US95030,5201,409,3860,385,3324,352,536,157,198,91,338,131,1341,260,1066,271,275,86
860Z200US95032,10508,396,7576,353,6474,372,1102,271,366,154,736,191,2932,413,2494,380,438,149
860Z200US95033,3869,425,2672,291,2336,291,336,98,162,61,174,78,1197,331,710,233,487,225
860Z200US95035,24801,530,19405,524,15517,663,3888,520,1404,347,2484,397,5396,599,3482,529,1914,402
860Z200US95037,16512,504,13157,399,10166,397,2991,398,868,206,2123,353,3355,374,2517,347,838,212
860Z200US95039,374,134,319,136,188,96,131,95,85,88,46,45,55,38,47,34,8,11
860Z200US95041,337,120,323,119,289,121,34,42,9,14,25,38,14,25,14,25,0,14
860Z200US95043,230,58,158,51,149,50,9,8,8,8,1,2,72,36,45,18,27,34
860Z200US95045,1599,241,1157,196,939,180,218,106,167,101,51,37,442,164,398,157,44,39
860Z200US95046,1947,252,1702,274,1351,251,351,124,99,95,252,109,245,134,139,85,106,109
860Z200US95050,15552,792,9327,614,7018,465,2309,474,1256,394,1053,267,6225,762,4386,629,1839,341
860Z200US95051,23571,644,15517,631,12799,668,2718,391,1046,242,1672,269,8054,638,5426,569,2628,391
860Z200US95053,45,67,0,14,0,14,0,14,0,14,0,14,45,67,0,14,45,67
860Z200US95054,9419,459,5935,496,4879,493,1056,330,291,110,765,323,3484,424,2112,367,1372,296
860Z200US95060,18280,760,9260,602,7149,514,2111,407,603,164,1508,361,9020,771,5261,581,3759,544
860Z200US95062,15478,726,8287,502,6173,469,2114,341,667,169,1447,297,7191,617,4559,454,2632,446
860Z200US95064,495,129,282,80,235,76,47,30,28,22,19,19,213,105,119,83,94,71
860Z200US95065,2952,209,1824,200,1544,183,280,140,100,58,180,130,1128,183,672,139,456,153
860Z200US95066,6159,372,4444,299,3818,321,626,177,298,149,328,119,1715,382,1430,346,285,162
860Z200US95070,11124,382,9263,323,8551,317,712,172,173,80,539,147,1861,284,1616,268,245,101
860Z200US95073,4448,390,2788,312,2162,304,626,146,160,70,466,153,1660,295,1334,266,326,118
860Z200US95075,174,45,143,45,135,44,8,11,0,14,8,11,31,17,30,17,1,2
860Z200US95076,24799,760,19245,739,13228,747,6017,676,1795,426,4222,587,5554,484,4149,466,1405,309
860Z200US95110,6740,487,3882,396,2801,327,1081,242,393,145,688,173,2858,378,2011,290,847,205
860Z200US95111,15833,545,12883,587,8495,542,4388,524,1703,312,2685,404,2950,362,2279,359,671,177
860Z200US95112,21264,803,9682,732,6614,622,3068,371,1215,263,1853,311,11582,800,7558,781,4024,564
860Z200US95113,1501,307,389,138,286,129,103,76,18,21,85,71,1112,272,907,247,205,136
860Z200US95116,13455,508,10353,472,6338,475,4015,372,1202,220,2813,345,3102,315,2196,244,906,194
860Z200US95117,10144,563,7043,554,4740,498,2303,419,1092,286,1211,297,3101,532,2388,481,713,220
860Z200US95118,11329,478,8175,475,6073,412,2102,327,660,226,1442,290,3154,380,2438,315,716,223
860Z200US95119,3503,296,2670,270,2102,254,568,201,364,203,204,71,833,245,527,146,306,195
860Z200US95120,12583,538,10731,445,9732,421,999,196,330,104,669,174,1852,352,1437,301,415,163
860Z200US95121,9783,471,8391,495,6024,464,2367,290,750,168,1617,257,1392,214,844,154,548,184
860Z200US95122,12017,454,9939,365,6035,401,3904,282,1558,181,2346,291,2078,327,1292,243,786,253
860Z200US95123,24251,741,17694,709,12557,635,5137,477,1472,241,3665,485,6557,500,4857,436,1700,313
860Z200US95124,17523,665,13863,764,11738,698,2125,384,704,236,1421,308,3660,443,2769,401,891,243
860Z200US95125,20927,737,13576,698,10397,638,3179,466,1022,367,2157,345,7351,534,5818,505,1533,301
860Z200US95126,15920,601,8466,575,5753,500,2713,481,1129,303,1584,355,7454,471,5447,432,2007,301
860Z200US95127,15804,494,12821,531,8847,541,3974,417,1441,287,2533,344,2983,344,2107,256,876,218
860Z200US95128,14070,634,7673,581,5717,495,1956,305,690,217,1266,274,6397,577,4817,557,1580,315
860Z200US95129,14177,559,10948,571,9008,532,1940,340,398,165,1542,313,3229,422,2788,402,441,149
860Z200US95130,4745,274,3448,276,2697,241,751,174,265,89,486,151,1297,169,1027,168,270,108
860Z200US95131,9954,397,7606,491,6281,520,1325,255,506,164,819,191,2348,338,1443,257,905,254
860Z200US95132,11913,464,9726,455,7797,476,1929,248,672,142,1257,215,2187,245,1423,203,764,189
860Z200US95133,8992,483,6485,534,4639,470,1846,293,680,183,1166,231,2507,387,1697,323,810,225
860Z200US95134,13761,670,7459,725,6073,677,1386,303,579,220,807,209,6302,621,3992,568,2310,381
860Z200US95135,7583,483,5468,394,5016,346,452,252,87,55,365,243,2115,316,1888,299,227,100
860Z200US95136,16058,656,12030,702,9387,674,2643,369,823,232,1820,272,4028,449,2805,382,1223,290
860Z200US95138,5638,318,4939,338,3524,322,1415,310,369,115,1046,284,699,152,340,110,359,131
860Z200US95139,2172,167,1735,163,1415,134,320,151,171,127,149,82,437,118,345,117,92,47
860Z200US95140,32,20,8,10,8,10,0,14,0,14,0,14,24,17,24,17,0,14
860Z200US95148,12111,495,10525,474,8184,476,2341,321,856,199,1485,239,1586,262,1207,227,379,126
860Z200US95202,3209,399,1104,349,280,154,824,327,156,99,668,319,2105,254,1839,255,266,181
860Z200US95203,5395,328,3421,386,1956,334,1465,293,314,134,1151,260,1974,297,1537,295,437,134
860Z200US95204,11303,504,7144,543,4938,445,2206,425,668,237,1538,346,4159,366,3302,320,857,278
860Z200US95205,10636,507,8122,503,4594,450,3528,407,1137,289,2391,338,2514,355,1976,330,538,187
860Z200US95206,17500,690,14139,631,9014,591,5125,491,1865,367,3260,397,3361,444,2586,376,775,226
860Z200US95207,18952,642,12192,601,6228,563,5964,465,1947,379,4017,422,6760,580,5328,612,1432,279
860Z200US95209,13468,569,10811,529,7665,581,3146,390,1055,236,2091,291,2657,402,2237,369,420,130
860Z200US95210,12129,476,9236,509,5200,428,4036,470,1319,338,2717,362,2893,408,2484,377,409,178
860Z200US95211,0,14,0,14,0,14,0,14,0,14,0,14,0,14,0,14,0,14
860Z200US95212,7993,556,6272,566,4764,601,1508,363,562,210,946,274,1721,411,1572,386,149,107
860Z200US95215,6741,499,5458,473,3369,431,2089,386,923,293,1166,274,1283,225,949,196,334,142
860Z200US95219,11244,521,7875,520,5626,501,2249,398,635,213,1614,344,3369,417,2413,339,956,263
860Z200US95220,2676,290,2037,285,1739,303,298,99,72,68,226,97,639,280,449,239,190,152
860Z200US95221,85,75,51,56,0,14,51,56,0,14,51,56,34,51,34,51,0,14
860Z200US95222,2187,305,1732,290,1482,262,250,125,33,40,217,120,455,172,429,164,26,32
860Z200US95223,1437,252,934,237,850,236,84,82,0,14,84,82,503,178,433,154,70,70
860Z200US95224,124,89,72,55,57,48,15,24,15,24,0,14,52,60,52,60,0,14
860Z200US95225,376,211,316,207,252,197,64,72,49,70,15,25,60,70,29,49,31,47
860Z200US95226,0,14,0,14,0,14,0,14,0,14,0,14,0,14,0,14,0,14
860Z200US95227,363,136,301,134,291,133,10,15,0,14,10,15,62,53,62,53,0,14
860Z200US95228,1810,225,1447,219,1189,195,258,125,62,46,196,117,363,115,328,110,35,37
860Z200US95230,182,116,136,105,132,105,4,6,0,14,4,6,46,34,46,34,0,14
860Z200US95231,619,154,453,164,387,158,66,34,16,25,50,32,166,78,96,62,70,56
860Z200US95232,51,48,51,48,30,36,21,32,21,32,0,14,0,14,0,14,0,14
860Z200US95233,134,64,44,36,44,36,0,14,0,14,0,14,90,52,81,49,9,16
860Z200US95236,1690,252,1202,259,843,220,359,160,100,82,259,154,488,142,457,134,31,38
860Z200US95237,1443,275,963,240,667,218,296,134,142,103,154,98,480,196,357,169,123,86
860Z200US95240,16145,565,11375,395,7897,428,3478,385,1319,258,2159,320,4770,558,3725,498,1045,292
860Z200US95242,10478,493,7369,482,5563,410,1806,463,672,342,1134,303,3109,349,2671,328,438,172
860Z200US95245,1314,327,871,267,613,255,258,129,154,95,104,79,443,177,351,152,92,84
860Z200US95246,544,216,423,197,393,203,30,30,16,18,14,23,121,77,67,49,54,71
860Z200US95247,1752,206,1086,186,902,180,184,88,70,60,114,62,666,164,612,155,54,49
860Z200US95248,15,23,15,23,15,23,0,14,0,14,0,14,0,14,0,14,0,14
860Z200US95249,1758,266,1154,223,858,226,296,133,81,61,215,121,604,243,533,232,71,70
860Z200US95251,372,178,261,153,261,153,0,14,0,14,0,14,111,100,111,100,0,14
860Z200US95252,4808,309,3581,330,2991,357,590,234,342,176,248,141,1227,265,918,227,309,147
860Z200US95253,136,95,136,95,58,54,78,86,0,14,78,86,0,14,0,14,0,14
860Z200US95254,167,95,103,58,103,58,0,14,0,14,0,14,64,94,64,94,0,14
860Z200US95255,756,191,489,164,264,125,225,137,64,68,161,127,267,129,226,125,41,40
860Z200US95257,164,99,147,101,132,97,15,23,0,14,15,23,17,26,17,26,0,14
860Z200US95258,1526,287,1132,252,1013,252,119,68,0,14,119,68,394,165,385,165,9,16
860Z200US95301,12961,474,9957,455,6167,347,3790,413,1115,228,2675,377,3004,400,2618,378,386,167
860Z200US95303,302,87,201,70,154,60,47,36,27,28,20,21,101,54,93,53,8,10
860Z200US95304,4668,479,3263,472,2674,475,589,223,270,136,319,161,1405,381,1201,394,204,107
860Z200US95305,56,57,56,57,51,57,5,8,5,8,0,14,0,14,0,14,0,14
860Z200US95306,387,164,290,116,260,110,30,48,24,45,6,11,97,99,31,26,66,96
860Z200US95307,12847,625,9910,551,6748,508,3162,402,1050,211,2112,400,2937,488,2202,458,735,223
860Z200US95309,0,14,0,14,0,14,0,14,0,14,0,14,0,14,0,14,0,14
860Z200US95310,767,122,455,121,288,94,167,101,62,66,105,82,312,119,310,119,2,5
860Z200US95311,1086,207,538,155,434,138,104,75,0,14,104,75,548,204,410,190,138,107
860Z200US95312,64,32,47,30,30,24,17,15,10,12,7,8,17,25,17,25,0,14
860Z200US95313,405,138,245,87,142,64,103,71,59,64,44,32,160,94,95,66,65,57
860Z200US95315,3482,297,2768,278,1973,271,795,195,289,140,506,161,714,226,600,209,114,67
860Z200US95316,2508,332,1854,284,1506,277,348,155,164,105,184,109,654,234,492,210,162,121
860Z200US95317,269,71,227,69,178,63,49,34,27,25,22,20,42,28,34,27,8,10
860Z200US95318,322,155,98,66,25,35,73,63,13,17,60,65,224,133,174,105,50,74
860Z200US95319,495,137,395,133,212,90,183,115,59,66,124,85,100,84,100,84,0,14
860Z200US95320,4647,348,3527,304,2955,351,572,188,312,134,260,117,1120,351,964,345,156,91
860Z200US95321,1623,209,964,185,734,129,230,122,118,113,112,79,659,153,540,131,119,70
860Z200US95322,3212,357,2219,276,1367,252,852,359,198,134,654,329,993,398,916,397,77,61
860Z200US95323,423,79,357,75,298,77,59,31,44,29,15,12,66,28,53,26,13,11
860Z200US95324,2475,264,1920,246,1550,242,370,132,65,52,305,113,555,160,475,153,80,71
860Z200US95325,0,14,0,14,0,14,0,14,0,14,0,14,0,14,0,14,0,14
860Z200US95326,4014,403,2930,390,2015,254,915,339,441,311,474,176,1084,304,820,270,264,123
860Z200US95327,2985,388,1574,237,1115,227,459,234,197,155,262,174,1411,376,1222,352,189,105
860Z200US95328,1162,294,983,272,725,254,258,151,125,114,133,84,179,159,148,147,31,53
860Z200US95329,1040,171,734,145,667,134,67,45,32,37,35,28,306,92,263,92,43,38
860Z200US95330,8567,396,7267,316,5492,387,1775,354,643,207,1132,323,1300,320,963,284,337,137
860Z200US95333,786,97,639,85,445,87,194,57,74,36,120,43,147,56,123,49,24,24
860Z200US95334,4164,325,3557,322,2214,326,1343,268,490,177,853,201,607,171,543,160,64,52
860Z200US95335,82,60,0,14,0,14,0,14,0,14,0,14,82,60,82,60,0,14
860Z200US95336,15938,738,11837,629,8190,477,3647,494,1492,357,2155,385,4101,505,3362,439,739,248
860Z200US95337,13639,591,11150,563,8593,620,2557,422,666,214,1891,359,2489,441,1958,362,531,214
860Z200US95338,4750,288,3065,293,2401,238,664,186,167,102,497,166,1685,275,1456,278,229,100
860Z200US95340,12614,620,8356,625,5101,471,3255,521,910,284,2345,415,4258,501,3521,495,737,232
860Z200US95341,9090,359,7234,381,3811,316,3423,307,1264,232,2159,277,1856,289,1335,254,521,193
860Z200US95345,216,101,100,78,87,76,13,22,0,14,13,22,116,75,104,76,12,15
860Z200US95346,398,137,238,101,226,98,12,20,12,20,0,14,160,95,160,95,0,14
860Z200US95348,11213,656,8222,475,4475,459,3747,548,1544,433,2203,327,2991,446,2160,393,831,258
860Z200US95350,19476,654,13077,629,8434,580,4643,487,1298,236,3345,482,6399,515,5106,497,1293,294
860Z200US95351,13040,555,10416,541,5896,438,4520,497,1553,367,2967,418,2624,345,2127,319,497,154
860Z200US95354,9100,465,5857,374,3637,358,2220,339,805,261,1415,259,3243,389,2376,341,867,243
860Z200US95355,21368,723,15067,756,10474,735,4593,598,1253,260,3340,587,6301,608,5183,518,1118,286
860Z200US95356,11482,489,7978,531,5964,467,2014,356,612,169,1402,301,3504,436,2454,339,1050,281
860Z200US95357,4297,412,3626,367,2559,333,1067,225,325,156,742,166,671,224,600,227,71,55
860Z200US95358,8263,371,6968,370,4701,393,2267,299,719,174,1548,271,1295,210,879,150,416,138
860Z200US95360,4132,273,3593,245,2579,328,1014,320,212,131,802,276,539,202,442,204,97,86
860Z200US95361,12292,563,9074,488,6839,508,2235,420,803,282,1432,350,3218,480,2717,455,501,192
860Z200US95363,8127,429,6902,364,5193,459,1709,284,674,189,1035,249,1225,333,953,305,272,138
860Z200US95364,0,14,0,14,0,14,0,14,0,14,0,14,0,14,0,14,0,14
860Z200US95365,1205,112,899,122,626,152,273,115,56,47,217,108,306,117,271,110,35,42
860Z200US95366,6473,416,5189,326,4081,343,1108,246,338,152,770,211,1284,288,1050,287,234,112
860Z200US95367,7435,344,5741,251,4279,283,1462,227,334,112,1128,231,1694,361,1415,347,279,116
860Z200US95368,4337,486,3638,419,2796,364,842,318,581,294,261,115,699,247,569,254,130,80
860Z200US95369,336,108,191,68,130,52,61,38,47,31,14,17,145,88,143,88,2,8
860Z200US95370,12326,531,7430,516,5413,484,2017,370,743,287,1274,248,4896,582,4077,566,819,225
860Z200US95372,664,197,441,175,405,174,36,42,36,42,0,14,223,121,95,84,128,88
860Z200US95374,569,88,364,74,321,68,43,37,30,34,13,13,205,68,165,72,40,49
860Z200US95375,63,71,0,14,0,14,0,14,0,14,0,14,63,71,63,71,0,14
860Z200US95376,16628,719,12924,639,8762,548,4162,541,1431,359,2731,443,3704,533,2965,478,739,209
860Z200US95377,9612,440,8346,462,7001,483,1345,265,543,207,802,208,1266,327,674,151,592,286
860Z200US95379,1503,302,809,200,663,164,146,121,37,58,109,100,694,225,545,216,149,74
860Z200US95380,14875,729,10262,625,6537,562,3725,509,1433,349,2292,351,4613,528,3611,465,1002,252
860Z200US95382,13800,592,9679,484,7256,529,2423,462,878,313,1545,295,4121,525,3042,433,1079,351
860Z200US95383,1655,235,1135,233,1055,232,80,61,24,38,56,52,520,166,406,156,114,79
860Z200US95385,228,72,146,63,129,67,17,18,0,14,17,18,82,53,82,53,0,14
860Z200US95386,2908,198,2299,148,1505,199,794,176,358,162,436,164,609,168,531,165,78,61
860Z200US95387,268,102,268,102,212,106,56,51,0,14,56,51,0,14,0,14,0,14
860Z200US95388,3720,338,2691,263,1808,228,883,263,463,183,420,154,1029,273,878,266,151,96
860Z200US95389,347,143,29,30,29,30,0,14,0,14,0,14,318,141,299,136,19,32
860Z200US95391,6630,631,5842,685,5269,668,573,213,196,117,377,173,788,273,756,281,32,42
860Z200US95401,13831,603,8781,520,5969,514,2812,410,1067,288,1745,368,5050,517,3607,477,1443,347
860Z200US95403,16567,731,10444,588,7509,608,2935,460,910,259,2025,344,6123,571,4565,487,1558,279
860Z200US95404,15642,732,9152,600,6595,543,2557,391,700,192,1857,346,6490,575,5012,541,1478,260
860Z200US95405,9419,563,6177,531,4773,514,1404,272,532,190,872,209,3242,496,2517,489,725,203
860Z200US95407,13098,635,9556,575,6488,545,3068,532,1015,341,2053,388,3542,428,2278,409,1264,266
860Z200US95409,11693,545,6857,504,5645,502,1212,284,430,236,782,189,4836,345,3986,359,850,176
860Z200US95410,352,121,89,63,89,63,0,14,0,14,0,14,263,107,238,109,25,43
860Z200US95412,110,61,29,22,29,22,0,14,0,14,0,14,81,59,65,63,16,16
860Z200US95415,374,98,245,88,153,62,92,65,58,61,34,34,129,56,90,45,39,33
860Z200US95417,53,64,53,64,53,64,0,14,0,14,0,14,0,14,0,14,0,14
860Z200US95419,113,71,44,43,28,37,16,21,0,14,16,21,69,59,69,59,0,14
860Z200US95420,183,91,77,55,70,55,7,11,0,14,7,11,106,78,93,75,13,21
860Z200US95421,636,97,338,68,293,66,45,25,21,18,24,21,298,70,224,59,74,34
860Z200US95422,5845,385,3489,274,1816,300,1673,259,475,145,1198,229,2356,354,1846,326,510,176
860Z200US95423,1599,243,804,174,512,161,292,99,162,94,130,46,795,191,664,161,131,92
860Z200US95425,4515,258,3128,266,2506,262,622,216,163,105,459,198,1387,305,954,223,433,214
860Z200US95426,610,150,418,123,344,123,74,71,53,59,21,37,192,102,171,97,21,35
860Z200US95427,209,124,209,124,146,104,63,70,16,27,47,66,0,14,0,14,0,14
860Z200US95428,972,121,609,137,342,94,267,107,100,55,167,84,363,109,290,98,73,54
860Z200US95429,78,74,27,43,27,43,0,14,0,14,0,14,51,59,51,59,0,14
860Z200US95430,0,14,0,14,0,14,0,14,0,14,0,14,0,14,0,14,0,14
860Z200US95431,0,14,0,14,0,14,0,14,0,14,0,14,0,14,0,14,0,14
860Z200US95432,331,114,166,87,148,87,18,21,10,15,8,14,165,95,109,80,56,47
860Z200US95435,81,129,81,129,81,129,0,14,0,14,0,14,0,14,0,14,0,14
860Z200US95436,2382,275,1348,255,1152,237,196,88,48,36,148,78,1034,190,845,182,189,77
860Z200US95437,6337,375,3298,336,2432,302,866,185,152,71,714,195,3039,374,2622,373,417,155
860Z200US95439,276,111,190,110,71,57,119,90,69,98,50,59,86,47,69,47,17,27
860Z200US95441,745,106,507,94,436,87,71,29,37,24,34,18,238,74,224,75,14,10
860Z200US95442,1421,400,600,156,556,144,44,45,3,6,41,45,821,368,493,183,328,345
860Z200US95443,18,23,11,19,0,14,11,19,0,14,11,19,7,13,0,14,7,13
860Z200US95444,240,95,170,82,143,85,27,18,22,16,5,7,70,65,26,27,44,63
860Z200US95445,861,221,501,157,398,138,103,96,56,84,47,48,360,183,306,170,54,45
860Z200US95446,2452,227,1113,168,935,157,178,76,51,45,127,68,1339,201,1019,190,320,145
860Z200US95448,6495,359,4366,251,3325,261,1041,196,435,182,606,147,2129,344,1312,259,817,264
860Z200US95449,593,109,352,87,265,90,87,43,38,32,49,28,241,83,129,55,112,72
860Z200US95450,99,30,54,23,41,21,13,10,9,9,4,5,45,22,36,19,9,13
860Z200US95451,4982,428,2999,398,2144,321,855,283,201,118,654,270,1983,321,1500,270,483,246
860Z200US95452,559,183,275,125,229,105,46,73,0,14,46,73,284,155,161,99,123,130
860Z200US95453,4657,431,2772,307,2031,315,741,192,240,129,501,156,1885,371,1752,372,133,64
860Z200US95454,728,217,448,167,330,163,118,77,49,53,69,65,280,152,275,152,5,7
860Z200US95456,437,141,205,79,177,81,28,24,0,14,28,24,232,127,214,129,18,20
860Z200US95457,1419,223,608,177,509,165,99,74,0,14,99,74,811,197,551,179,260,146
860Z200US95458,1457,229,725,199,399,165,326,142,80,74,246,134,732,180,564,165,168,104
860Z200US95459,328,110,162,82,99,36,63,71,3,6,60,71,166,72,86,48,80,60
860Z200US95460,1062,182,470,129,326,100,144,99,7,6,137,99,592,165,488,169,104,70
860Z200US95461,1319,277,873,279,587,238,286,195,30,34,256,194,446,176,288,158,158,66
860Z200US95462,612,137,334,125,247,73,87,105,24,34,63,85,278,88,233,91,45,34
860Z200US95463,7,11,7,11,7,11,0,14,0,14,0,14,0,14,0,14,0,14
860Z200US95464,997,229,640,220,366,183,274,132,123,97,151,120,357,146,273,125,84,75
860Z200US95465,525,118,292,96,207,73,85,84,80,84,5,10,233,80,161,65,72,47
860Z200US95466,229,74,87,50,76,46,11,18,11,18,0,14,142,69,100,62,42,34
860Z200US95467,2143,315,1620,296,1304,284,316,129,71,66,245,112,523,176,436,172,87,57
860Z200US95468,689,167,505,128,402,136,103,64,13,15,90,61,184,99,85,39,99,92
860Z200US95469,618,82,390,96,322,97,68,57,17,23,51,49,228,76,195,78,33,26
860Z200US95470,2182,271,1358,242,948,209,410,155,213,110,197,117,824,247,709,222,115,83
860Z200US95471,351,167,140,96,78,64,62,72,0,14,62,72,211,161,185,165,26,43
860Z200US95472,11608,697,7777,529,5883,455,1894,447,597,202,1297,361,3831,478,3069,412,762,152
860Z200US95476,14996,703,9190,527,7241,498,1949,358,606,160,1343,344,5806,556,4626,510,1180,278
860Z200US95480,1,4,1,4,1,4,0,14,0,14,0,14,0,14,0,14,0,14
860Z200US95482,11734,501,7218,484,4496,431,2722,402,705,204,2017,345,4516,504,3810,471,706,230
860Z200US95485,1203,213,708,171,541,147,167,109,48,46,119,102,495,183,340,116,155,151
860Z200US95486,15,17,0,14,0,14,0,14,0,14,0,14,15,17,15,17,0,14
860Z200US95488,220,182,33,29,33,29,0,14,0,14,0,14,187,175,187,175,0,14
860Z200US95490,5578,500,3328,331,2445,364,883,272,205,124,678,242,2250,396,1706,348,544,282
860Z200US95492,9643,300,7201,334,5521,379,1680,352,645,252,1035,224,2442,337,1948,306,494,148
860Z200US95493,34,33,34,33,31,31,3,16,0,14,3,16,0,14,0,14,0,14
860Z200US95494,80,48,46,44,23,26,23,36,0,14,23,36,34,22,28,21,6,9
860Z200US95497,654,111,422,83,391,84,31,32,0,14,31,32,232,80,209,79,23,20
860Z200US95501,9502,543,4345,400,2970,392,1375,282,395,144,980,256,5157,532,3838,442,1319,307
860Z200US95503,9976,493,6275,466,4496,378,1779,413,728,233,1051,349,3701,464,2752,407,949,228
860Z200US95511,47,58,0,14,0,14,0,14,0,14,0,14,47,58,15,23,32,53
860Z200US95514,16,25,16,25,16,25,0,14,0,14,0,14,0,14,0,14,0,14
860Z200US95519,7550,398,4307,381,3262,357,1045,259,155,75,890,247,3243,443,2307,347,936,285
860Z200US95521,8860,514,3654,305,2234,305,1420,330,445,160,975,273,5206,499,2953,494,2253,351
860Z200US95524,709,156,484,116,355,102,129,65,69,53,60,36,225,101,179,100,46,32
860Z200US95525,733,132,404,101,304,97,100,50,62,38,38,32,329,104,244,97,85,45
860Z200US95526,283,82,140,43,107,44,33,27,17,23,16,13,143,71,106,61,37,38
860Z200US95527,271,102,176,96,119,70,57,65,15,25,42,59,95,62,95,62,0,14
860Z200US95528,562,125,389,124,344,119,45,26,14,12,31,24,173,53,122,44,51,30
860Z200US95531,7691,317,5147,345,3627,339,1520,290,466,157,1054,247,2544,316,2094,310,450,173
860Z200US95536,1299,141,914,155,733,151,181,64,89,52,92,62,385,94,342,89,43,33
860Z200US95537,105,98,21,23,21,23,0,14,0,14,0,14,84,98,14,23,70,96
860Z200US95538,414,166,345,157,284,135,61,69,34,51,27,43,69,65,39,47,30,43
860Z200US95540,5696,372,3589,310,2548,313,1041,247,427,163,614,204,2107,304,1496,251,611,212
860Z200US95542,1227,251,639,189,441,156,198,115,58,57,140,104,588,218,462,174,126,135
860Z200US95543,241,85,84,64,84,64,0,14,0,14,0,14,157,82,134,80,23,36
860Z200US95545,75,47,33,29,11,13,22,26,7,11,15,24,42,32,29,26,13,18
860Z200US95546,755,115,575,105,228,56,347,100,158,77,189,63,180,65,123,51,57,36
860Z200US95547,457,114,307,76,214,68,93,47,58,39,35,24,150,90,118,67,32,49
860Z200US95548,369,62,213,47,146,48,67,28,16,20,51,23,156,45,115,41,41,17
860Z200US95549,362,85,183,69,163,70,20,22,18,22,2,3,179,65,70,31,109,63
860Z200US95550,90,55,34,22,27,19,7,9,7,9,0,14,56,55,7,10,49,54
860Z200US95551,657,157,410,124,319,112,91,44,32,23,59,34,247,103,218,102,29,21
860Z200US95552,225,120,124,95,124,95,0,14,0,14,0,14,101,72,86,70,15,20
860Z200US95553,355,194,86,95,29,48,57,64,0,14,57,64,269,178,236,173,33,51
860Z200US95554,148,94,101,63,64,44,37,62,37,62,0,14,47,58,47,58,0,14
860Z200US95555,137,37,56,24,33,17,23,18,8,12,15,13,81,27,57,25,24,13
860Z200US95556,293,173,251,171,184,164,67,51,0,14,67,51,42,43,40,43,2,3
860Z200US95558,132,47,58,28,35,19,23,22,0,14,23,22,74,38,55,28,19,23
860Z200US95559,0,14,0,14,0,14,0,14,0,14,0,14,0,14,0,14,0,14
860Z200US95560,643,317,317,209,208,153,109,124,0,14,109,124,326,276,255,266,71,68
860Z200US95562,1383,174,856,124,569,170,287,168,51,66,236,154,527,187,452,181,75,58
860Z200US95563,169,89,70,46,49,38,21,23,0,14,21,23,99,79,81,72,18,29
860Z200US95564,197,75,122,62,94,54,28,23,9,12,19,18,75,39,38,29,37,26
860Z200US95565,315,96,206,87,114,55,92,69,51,57,41,35,109,63,67,52,42,38
860Z200US95567,876,230,664,227,536,229,128,77,11,17,117,75,212,81,173,77,39,48
860Z200US95568,34,22,23,15,19,14,4,6,0,14,4,6,11,12,7,11,4,4
860Z200US95569,120,78,66,67,66,67,0,14,0,14,0,14,54,36,44,35,10,9
860Z200US95570,1092,136,650,110,409,66,241,103,55,29,186,100,442,79,346,77,96,41
860Z200US95571,48,77,48,77,0,14,48,77,0,14,48,77,0,14,0,14,0,14
860Z200US95573,563,140,242,119,242,119,0,14,0,14,0,14,321,128,199,110,122,90
860Z200US95585,245,94,126,63,52,34,74,54,26,29,48,44,119,72,88,63,31,36
860Z200US95587,0,14,0,14,0,14,0,14,0,14,0,14,0,14,0,14,0,14
860Z200US95589,646,176,322,166,238,156,84,73,40,53,44,49,324,132,267,117,57,69
860Z200US95595,92,60,35,28,35,28,0,14,0,14,0,14,57,56,57,56,0,14
860Z200US95601,180,106,118,106,45,30,73,102,0,14,73,102,62,30,55,28,7,7
860Z200US95602,7543,484,5609,470,4687,494,922,248,450,188,472,170,1934,303,1589,269,345,204
860Z200US95603,11871,442,7469,368,5638,397,1831,276,466,150,1365,259,4402,388,3907,355,495,129
860Z200US95604,12,18,0,14,0,14,0,14,0,14,0,14,12,18,0,14,12,18
860Z200US95605,4846,374,2997,352,1985,254,1012,328,256,173,756,290,1849,359,1363,320,486,191
860Z200US95606,111,76,107,75,107,75,0,14,0,14,0,14,4,6,4,6,0,14
860Z200US95607,104,67,78,53,78,53,0,14,0,14,0,14,26,39,26,39,0,14
860Z200US95608,25856,946,15501,772,10846,668,4655,587,1595,347,3060,439,10355,833,8072,811,2283,389
860Z200US95610,17625,558,10800,440,7759,530,3041,421,875,228,2166,354,6825,517,4809,501,2016,331
860Z200US95612,451,119,387,123,307,104,80,74,8,14,72,73,64,55,52,52,12,18
860Z200US95613,0,14,0,14,0,14,0,14,0,14,0,14,0,14,0,14,0,14
860Z200US95614,1701,206,1234,208,1080,185,154,104,89,80,65,70,467,158,257,122,210,115
860Z200US95615,390,174,267,154,201,156,66,70,0,14,66,70,123,82,123,82,0,14
860Z200US95616,18356,616,7747,477,6518,407,1229,238,316,104,913,194,10609,628,4765,539,5844,473
860Z200US95618,10282,423,5738,408,4438,321,1300,312,227,117,1073,294,4544,393,2150,324,2394,319
860Z200US95619,2557,388,1669,378,1463,382,206,106,47,50,159,91,888,225,720,208,168,115
860Z200US95620,7805,462,5762,351,4061,374,1701,433,514,198,1187,389,2043,483,1722,458,321,138
860Z200US95621,16631,629,10133,594,6769,525,3364,438,1017,284,2347,386,6498,577,4842,526,1656,404
860Z200US95623,1659,216,1302,203,1113,210,189,88,28,27,161,82,357,149,263,128,94,75
860Z200US95624,20257,619,16838,659,12402,554,4436,667,970,204,3466,607,3419,357,2691,344,728,179
860Z200US95625,120,100,44,65,0,14,44,65,44,65,0,14,76,82,35,53,41,65
860Z200US95626,1728,201,1393,188,980,158,413,144,168,112,245,88,335,94,270,99,65,45
860Z200US95627,1140,206,860,182,734,181,126,71,41,35,85,58,280,132,217,116,63,78
860Z200US95628,16896,526,11573,578,8882,568,2691,500,778,175,1913,419,5323,432,4159,449,1164,279
860Z200US95629,491,111,303,94,278,95,25,21,11,16,14,18,188,84,144,78,44,61
860Z200US95630,29215,615,21049,561,17912,646,3137,522,1134,293,2003,422,8166,681,6515,658,1651,395
860Z200US95631,2728,307,1763,310,1224,224,539,270,116,96,423,263,965,254,725,202,240,170
860Z200US95632,10081,524,7980,408,6053,477,1927,333,650,190,1277,292,2101,393,1615,365,486,171
860Z200US95633,1160,301,784,200,574,179,210,112,44,53,166,97,376,254,282,229,94,124
860Z200US95634,1716,395,966,295,697,271,269,154,68,57,201,163,750,274,691,271,59,40
860Z200US95635,558,198,365,161,293,157,72,55,9,16,63,56,193,111,193,111,0,14
860Z200US95636,480,215,385,216,385,216,0,14,0,14,0,14,95,81,79,76,16,25
860Z200US95637,177,96,161,94,116,74,45,49,45,49,0,14,16,25,0,14,16,25
860Z200US95638,843,145,543,119,445,104,98,53,23,30,75,44,300,142,236,135,64,45
860Z200US95639,67,52,32,33,16,20,16,24,0,14,16,24,35,46,35,46,0,14
860Z200US95640,3934,350,2642,304,2193,305,449,205,151,171,298,120,1292,336,1202,330,90,60
860Z200US95641,890,137,541,101,368,111,173,83,51,56,122,71,349,112,240,88,109,70
860Z200US95642,3050,313,2110,266,1673,271,437,145,132,88,305,126,940,288,856,272,84,64
860Z200US95645,498,124,352,111,166,80,186,73,38,39,148,65,146,89,146,89,0,14
860Z200US95646,115,79,93,73,93,73,0,14,0,14,0,14,22,26,22,26,0,14
860Z200US95648,21316,508,15668,461,12976,462,2692,430,577,160,2115,406,5648,558,4785,523,863,196
860Z200US95650,5085,473,3661,412,3273,417,388,162,104,78,284,138,1424,433,1059,399,365,220
860Z200US95651,218,105,158,78,117,77,41,50,26,40,15,26,60,67,60,67,0,14
860Z200US95652,412,113,388,113,141,85,247,92,54,58,193,88,24,31,24,31,0,14
860Z200US95653,229,120,172,116,134,98,38,60,0,14,38,60,57,69,57,69,0,14
860Z200US95655,1634,127,1313,157,997,156,316,141,168,105,148,99,321,102,298,97,23,22
860Z200US95658,2332,227,1764,213,1449,192,315,131,95,72,220,102,568,106,534,99,34,25
860Z200US95659,257,61,156,37,126,35,30,14,24,13,6,5,101,47,84,45,17,12
860Z200US95660,10840,652,7532,605,4525,556,3007,423,989,277,2018,384,3308,510,2472,439,836,257
860Z200US95661,13212,435,8542,427,6524,401,2018,311,700,195,1318,292,4670,350,3958,355,712,184
860Z200US95662,12339,478,8452,536,6213,469,2239,433,844,246,1395,371,3887,449,3182,421,705,190
860Z200US95663,1175,216,867,187,786,177,81,72,61,65,20,24,308,99,281,94,27,21
860Z200US95664,615,190,367,137,359,139,8,18,8,18,0,14,248,147,166,120,82,108
860Z200US95665,2098,266,1400,241,1130,236,270,162,52,60,218,152,698,220,559,198,139,134
860Z200US95666,2604,268,1800,221,1347,209,453,148,185,111,268,101,804,182,651,180,153,65
860Z200US95667,14489,547,9938,560,7581,492,2357,351,827,263,1530,281,4551,464,3676,444,875,226
860Z200US95668,212,40,132,34,90,22,42,22,26,17,16,13,80,27,71,27,9,7
860Z200US95669,972,170,646,131,506,114,140,72,28,33,112,63,326,117,289,111,37,27
860Z200US95670,21936,552,14686,568,10762,633,3924,426,1173,239,2751,367,7250,521,5578,476,1672,325
860Z200US95671,19,24,0,14,0,14,0,14,0,14,0,14,19,24,19,24,0,14
860Z200US95672,1996,285,1470,256,1172,252,298,115,0,19,298,115,526,177,432,156,94,65
860Z200US95673,5255,335,3990,303,2916,278,1074,222,237,112,837,210,1265,284,914,252,351,144
860Z200US95674,293,62,237,56,176,41,61,36,29,29,32,19,56,23,48,20,8,12
860Z200US95675,84,97,63,94,63,94,0,14,0,14,0,14,21,32,0,14,21,32
860Z200US95676,23,22,23,22,10,19,13,12,0,14,13,12,0,14,0,14,0,14
860Z200US95677,10838,415,7468,406,5863,376,1605,285,588,168,1017,214,3370,343,2585,315,785,225
860Z200US95678,17954,590,11618,559,8416,543,3202,459,872,217,2330,387,6336,555,4707,511,1629,330
860Z200US95679,52,51,42,48,42,48,0,14,0,14,0,14,10,16,10,16,0,14
860Z200US95680,10,16,0,14,0,14,0,14,0,14,0,14,10,16,10,16,0,14
860Z200US95681,390,119,371,116,273,93,98,73,57,57,41,47,19,30,19,30,0,14
860Z200US95682,11544,497,8358,577,6856,516,1502,293,457,183,1045,219,3186,375,2406,357,780,195
860Z200US95683,2661,295,1895,288,1637,210,258,223,208,216,50,55,766,179,639,154,127,133
860Z200US95684,1356,196,665,180,636,178,29,32,2,3,27,32,691,161,581,149,110,82
860Z200US95685,2126,248,1177,215,977,231,200,93,31,42,169,83,949,227,735,245,214,172
860Z200US95686,379,75,269,70,170,50,99,52,30,28,69,42,110,44,91,41,19,18
860Z200US95687,22991,681,16113,638,12299,637,3814,439,1107,289,2707,372,6878,767,5421,663,1457,367
860Z200US95688,14120,633,10522,621,7807,597,2715,532,920,303,1795,413,3598,389,2849,364,749,197
860Z200US95689,500,180,400,174,382,175,18,27,4,33,14,24,100,63,72,48,28,32
860Z200US95690,612,120,542,130,373,105,169,112,61,58,108,93,70,46,70,46,0,14
860Z200US95691,14284,559,10017,603,7156,433,2861,464,678,195,2183,436,4267,583,3173,463,1094,295
860Z200US95692,1776,179,1257,147,886,174,371,140,121,94,250,125,519,172,401,153,118,105
860Z200US95693,2356,250,1780,201,1434,200,346,161,229,141,117,65,576,219,386,154,190,176
860Z200US95694,3484,282,2587,274,2066,319,521,180,289,143,232,100,897,216,638,170,259,119
860Z200US95695,14439,532,10173,505,7127,562,3046,466,987,296,2059,444,4266,490,3445,407,821,249
860Z200US95697,82,71,56,58,26,41,30,47,0,14,30,47,26,42,26,42,0,14
860Z200US95698,154,88,71,64,71,64,0,14,0,14,0,14,83,76,83,76,0,14
860Z200US95699,23,19,13,14,7,10,6,10,0,14,6,10,10,16,0,14,10,16
860Z200US95701,402,78,289,77,252,75,37,26,0,14,37,26,113,40,106,38,7,8
860Z200US95703,725,168,545,173,494,171,51,49,0,14,51,49,180,70,137,60,43,38
860Z200US95709,2435,393,1758,327,1562,308,196,116,118,92,78,54,677,282,444,205,233,176
860Z200US95713,3895,252,2657,277,2206,274,451,127,83,55,368,140,1238,206,895,171,343,111
860Z200US95714,164,39,111,45,88,37,23,25,0,14,23,25,53,30,53,30,0,14
860Z200US95715,31,27,28,27,25,27,3,4,3,4,0,14,3,4,0,14,3,4
860Z200US95717,51,27,9,9,9,9,0,14,0,14,0,14,42,28,28,22,14,17
860Z200US95720,25,20,21,18,21,18,0,14,0,14,0,14,4,7,4,7,0,14
860Z200US95721,0,14,0,14,0,14,0,14,0,14,0,14,0,14,0,14,0,14
860Z200US95722,1804,201,1362,177,1289,182,73,46,17,24,56,41,442,102,265,84,177,69
860Z200US95726,3446,421,2295,294,1848,269,447,174,264,161,183,92,1151,307,923,296,228,108
860Z200US95728,255,89,168,72,153,71,15,21,0,14,15,21,87,55,87,55,0,14
860Z200US95735,23,22,20,20,20,20,0,14,0,14,0,14,3,6,3,6,0,14
860Z200US95736,77,45,40,45,40,45,0,14,0,14,0,14,37,32,37,32,0,14
860Z200US95742,4788,281,4072,290,3511,303,561,166,139,69,422,146,716,191,394,169,322,165
860Z200US95746,7777,360,6472,375,5784,398,688,219,244,150,444,142,1305,242,995,225,310,138
860Z200US95747,28590,645,21938,742,18236,730,3702,600,1331,488,2371,374,6652,576,5656,557,996,204
860Z200US95757,15459,651,13218,621,10954,586,2264,374,731,208,1533,294,2241,311,1812,306,429,162
860Z200US95758,21995,771,16456,803,12130,735,4326,547,1370,363,2956,424,5539,630,4436,592,1103,286
860Z200US95762,16685,595,13770,595,12154,615,1616,320,599,208,1017,215,2915,409,2572,402,343,151
860Z200US95765,14604,500,10994,490,9460,486,1534,305,425,166,1109,238,3610,384,2748,332,862,222
860Z200US95776,8223,436,6839,368,5077,426,1762,304,601,167,1161,233,1384,268,1087,274,297,129
860Z200US95811,4831,394,977,214,525,152,452,147,170,86,282,125,3854,405,2854,326,1000,262
860Z200US95814,6987,580,1170,207,855,162,315,113,87,54,228,103,5817,566,4716,551,1101,228
860Z200US95815,9737,653,5706,515,3154,381,2552,493,1093,362,1459,327,4031,614,3044,499,987,356
860Z200US95816,11085,594,3037,409,2626,378,411,151,94,94,317,113,8048,597,6102,518,1946,375
860Z200US95817,6666,560,2688,250,1760,252,928,210,330,144,598,162,3978,552,2884,469,1094,263
860Z200US95818,10647,539,5582,466,4172,409,1410,315,559,242,851,215,5065,441,3739,418,1326,258
860Z200US95819,8332,537,4603,444,3995,464,608,146,197,107,411,119,3729,456,2954,435,775,203
860Z200US95820,13686,628,7762,489,4513,400,3249,399,1248,313,2001,320,5924,602,4351,543,1573,416
860Z200US95821,15662,701,9496,695,6362,648,3134,542,822,260,2312,489,6166,728,5066,660,1100,298
860Z200US95822,16689,603,10696,506,6656,460,4040,386,1161,214,2879,380,5993,540,4801,499,1192,274
860Z200US95823,24569,803,18381,847,10181,701,8200,639,2266,380,5934,613,6188,542,4924,464,1264,266
860Z200US95824,9359,378,6863,426,3472,404,3391,437,1153,265,2238,402,2496,299,1968,286,528,149
860Z200US95825,15833,619,7198,577,3775,487,3423,477,800,313,2623,405,8635,605,6588,552,2047,407
860Z200US95826,15908,650,9303,460,5602,411,3701,362,1261,247,2440,331,6605,710,4252,609,2353,326
860Z200US95827,7588,381,4847,442,3272,373,1575,267,476,150,1099,209,2741,257,1893,240,848,203
860Z200US95828,18000,668,13621,562,8181,555,5440,539,1955,351,3485,417,4379,445,3491,466,888,262
860Z200US95829,9296,465,7718,529,5986,506,1732,325,446,150,1286,288,1578,274,1244,235,334,114
860Z200US95830,169,72,155,74,103,56,52,51,31,45,21,25,14,18,14,18,0,14
860Z200US95831,19344,833,11475,709,8089,662,3386,499,990,256,2396,431,7869,607,6474,584,1395,358
860Z200US95832,3217,409,2676,306,1427,211,1249,325,410,154,839,313,541,275,355,137,186,241
860Z200US95833,15544,631,9912,599,6607,573,3305,483,1395,345,1910,338,5632,509,3925,492,1707,321
860Z200US95834,12598,615,8181,539,5871,517,2310,392,654,237,1656,361,4417,547,3474,501,943,274
860Z200US95835,14912,655,10748,511,8114,510,2634,390,908,280,1726,285,4164,573,3313,548,851,227
860Z200US95837,111,41,79,37,63,34,16,13,2,2,14,13,32,25,25,23,7,11
860Z200US95838,11951,569,8813,621,5000,540,3813,504,998,236,2815,484,3138,439,2523,444,615,202
860Z200US95841,8335,553,5330,528,3534,458,1796,408,491,225,1305,297,3005,452,2426,425,579,175
860Z200US95842,11902,493,8360,494,4682,434,3678,487,1083,283,2595,355,3542,399,2582,367,960,255
860Z200US95843,15105,572,11779,606,8370,533,3409,452,918,226,2491,430,3326,434,2458,330,868,298
860Z200US95864,9875,627,7212,613,5691,538,1521,336,396,173,1125,293,2663,308,2298,290,365,114
860Z200US95901,13060,475,8906,531,5407,531,3499,425,916,220,2583,375,4154,463,3257,442,897,257
860Z200US95903,591,99,359,56,340,56,19,17,0,14,19,17,232,85,232,85,0,14
860Z200US95910,18,27,18,27,18,27,0,14,0,14,0,14,0,14,0,14,0,14
860Z200US95912,1543,351,959,139,773,143,186,104,22,27,164,101,584,418,518,427,66,61
860Z200US95913,95,56,92,57,47,37,45,46,28,40,17,25,3,5,3,5,0,14
860Z200US95914,185,59,120,52,99,47,21,17,5,10,16,13,65,35,37,25,28,20
860Z200US95915,0,14,0,14,0,14,0,14,0,14,0,14,0,14,0,14,0,14
860Z200US95916,320,90,183,59,111,44,72,45,15,17,57,43,137,64,107,61,30,29
860Z200US95917,1176,171,827,175,537,129,290,138,95,83,195,120,349,109,245,105,104,64
860Z200US95918,926,205,551,147,541,146,10,15,0,14,10,15,375,191,224,135,151,159
860Z200US95919,517,251,284,219,137,125,147,164,147,164,0,14,233,123,216,125,17,24
860Z200US95920,77,43,29,17,29,17,0,14,0,14,0,14,48,42,48,42,0,14
860Z200US95922,286,84,112,48,79,39,33,25,8,8,25,23,174,61,145,58,29,23
860Z200US95923,38,34,16,18,16,18,0,14,0,14,0,14,22,29,22,29,0,14
860Z200US95925,72,56,52,49,52,49,0,14,0,14,0,14,20,30,0,14,20,30
860Z200US95926,17035,665,8628,565,5592,509,3036,495,1245,436,1791,282,8407,629,4555,462,3852,550
860Z200US95928,15807,664,7465,610,5214,529,2251,327,697,184,1554,346,8342,606,4990,495,3352,536
860Z200US95929,0,14,0,14,0,14,0,14,0,14,0,14,0,14,0,14,0,14
860Z200US95930,109,90,109,90,63,65,46,66,0,14,46,66,0,14,0,14,0,14
860Z200US95932,2909,317,1921,196,1268,184,653,137,314,108,339,78,988,246,835,222,153,74
860Z200US95934,49,42,5,8,5,8,0,14,0,14,0,14,44,45,44,45,0,14
860Z200US95935,252,123,222,118,173,103,49,60,35,56,14,22,30,41,5,9,25,39
860Z200US95936,66,57,66,57,66,57,0,14,0,14,0,14,0,14,0,14,0,14
860Z200US95937,447,153,170,92,143,88,27,32,17,27,10,18,277,126,214,113,63,72
860Z200US95938,1484,221,1190,195,975,197,215,132,136,109,79,69,294,138,279,140,15,26
860Z200US95939,156,50,72,38,63,36,9,10,1,2,8,9,84,45,80,45,4,6
860Z200US95941,105,67,105,67,63,42,42,56,42,56,0,14,0,14,0,14,0,14
860Z200US95942,869,259,681,257,585,252,96,105,0,14,96,105,188,145,86,94,102,117
860Z200US95943,254,69,113,47,106,47,7,9,7,9,0,14,141,57,103,48,38,32
860Z200US95944,91,99,0,14,0,14,0,14,0,14,0,14,91,99,91,99,0,14
860Z200US95945,12008,530,6470,561,4508,552,1962,382,388,156,1574,344,5538,584,4709,574,829,238
860Z200US95946,3738,386,2726,364,2390,335,336,150,38,42,298,140,1012,254,820,219,192,123
860Z200US95947,469,101,314,101,267,80,47,66,47,66,0,14,155,72,155,72,0,14
860Z200US95948,3721,302,2743,224,2129,209,614,177,247,132,367,128,978,217,863,203,115,62
860Z200US95949,8166,390,5487,435,4615,414,872,211,258,119,614,199,2679,413,1871,312,808,224
860Z200US95950,175,89,114,86,74,74,40,42,0,14,40,42,61,39,61,39,0,14
860Z200US95951,772,164,602,130,393,103,209,101,120,89,89,49,170,117,77,43,93,104
860Z200US95953,3401,240,2603,192,1755,224,848,188,244,134,604,149,798,224,726,214,72,56
860Z200US95954,3460,369,2057,350,1364,256,693,277,183,102,510,252,1403,279,948,232,455,157
860Z200US95955,472,123,335,103,257,81,78,61,6,10,72,64,137,66,118,57,19,21
860Z200US95956,192,91,118,51,118,51,0,14,0,14,0,14,74,66,74,66,0,14
860Z200US95957,281,66,200,58,140,46,60,35,57,35,3,4,81,37,44,22,37,31
860Z200US95958,0,14,0,14,0,14,0,14,0,14,0,14,0,14,0,14,0,14
860Z200US95959,7256,514,4801,442,4084,459,717,237,210,117,507,220,2455,352,1856,324,599,193
860Z200US95960,251,99,107,78,71,71,36,28,15,19,21,19,144,71,113,62,31,42
860Z200US95961,9906,507,7652,376,5518,412,2134,364,821,240,1313,327,2254,430,1724,331,530,233
860Z200US95962,450,169,209,137,195,139,14,22,0,14,14,22,241,113,127,69,114,93
860Z200US95963,5642,311,4231,347,3237,365,994,243,410,165,584,154,1411,299,1190,282,221,109
860Z200US95965,7218,489,4523,422,2994,348,1529,300,433,124,1096,275,2695,390,2199,369,496,160
860Z200US95966,11593,613,7580,514,5619,502,1961,343,795,203,1166,293,4013,411,3307,351,706,196
860Z200US95968,563,153,391,122,169,87,222,96,154,82,68,52,172,106,143,108,29,46
860Z200US95969,3447,315,2263,308,1734,336,529,191,202,111,327,134,1184,345,1118,348,66,56
860Z200US95970,172,50,124,42,105,36,19,22,13,21,6,8,48,34,48,34,0,14
860Z200US95971,2138,278,1386,237,1051,236,335,135,184,111,151,87,752,195,553,169,199,103
860Z200US95972,0,14,0,14,0,14,0,14,0,14,0,14,0,14,0,14,0,14
860Z200US95973,15024,644,9614,611,7067,467,2547,356,711,219,1836,294,5410,442,3684,389,1726,312
860Z200US95974,59,44,12,18,12,18,0,14,0,14,0,14,47,48,22,32,25,37
860Z200US95975,649,199,413,164,210,113,203,145,135,108,68,84,236,144,200,131,36,60
860Z200US95977,660,167,467,160,423,164,44,35,0,14,44,35,193,93,115,71,78,62
860Z200US95978,65,61,52,57,0,14,52,57,13,23,39,46,13,20,0,14,13,20
860Z200US95979,209,57,120,37,90,31,30,19,15,15,15,14,89,58,79,56,10,14
860Z200US95981,28,33,18,29,18,29,0,14,0,14,0,14,10,14,10,14,0,14
860Z200US95982,1120,157,880,147,722,147,158,79,33,38,125,67,240,87,217,89,23,33
860Z200US95983,154,78,104,71,62,51,42,50,11,26,31,48,50,57,50,57,0,14
860Z200US95984,100,68,32,50,32,50,0,14,0,14,0,14,68,45,68,45,0,14
860Z200US95986,42,40,31,37,8,13,23,36,0,14,23,36,11,14,11,14,0,14
860Z200US95987,2010,171,1552,158,1308,178,244,121,84,65,160,95,458,166,384,152,74,58
860Z200US95988,3082,240,1991,221,1378,217,613,210,150,120,463,189,1091,287,918,255,173,123
860Z200US95991,14638,506,10069,557,6389,523,3680,352,1318,304,2362,310,4569,493,3525,384,1044,328
860Z200US95993,12792,572,9270,545,6967,589,2303,360,826,224,1477,326,3522,448,2737,378,785,223
860Z200US96001,13008,469,8138,558,5788,441,2350,414,689,251,1661,324,4870,423,3170,362,1700,324
860Z200US96002,12929,494,8153,516,5614,435,2539,351,930,241,1609,301,4776,437,3732,396,1044,250
860Z200US96003,18125,656,10307,581,7769,537,2538,339,708,180,1830,301,7818,630,5888,549,1930,361
860Z200US96006,164,72,89,51,70,45,19,26,6,11,13,19,75,49,58,41,17,28
860Z200US96007,9824,550,6056,526,4406,473,1650,318,519,185,1131,260,3768,457,2924,356,844,228
860Z200US96008,427,134,248,107,239,107,9,9,5,7,4,6,179,87,117,70,62,73
860Z200US96009,135,54,74,43,58,40,16,15,0,14,16,15,61,41,43,31,18,25
860Z200US96010,11,14,5,10,5,10,0,14,0,14,0,14,6,11,6,11,0,14
860Z200US96011,62,25,23,15,8,8,15,13,2,3,13,12,39,21,29,19,10,12
860Z200US96013,1648,253,996,203,694,154,302,167,29,44,273,163,652,170,628,169,24,30
860Z200US96014,110,72,71,50,60,55,11,18,0,14,11,18,39,49,39,49,0,14
860Z200US96015,136,71,93,74,93,74,0,14,0,14,0,14,43,38,43,38,0,14
860Z200US96016,139,88,115,79,96,73,19,28,19,28,0,14,24,39,24,39,0,14
860Z200US96017,68,32,47,29,27,20,20,17,15,16,5,8,21,16,16,13,5,7
860Z200US96019,3970,260,2715,176,1839,213,876,179,330,165,546,137,1255,227,980,216,275,107
860Z200US96020,1084,217,700,210,599,199,101,95,33,60,68,79,384,158,344,154,40,33
860Z200US96021,5219,378,3784,348,2748,319,1036,236,346,155,690,198,1435,296,1194,298,241,122
860Z200US96022,6019,466,4405,454,3486,409,919,302,418,186,501,194,1614,292,1287,262,327,155
860Z200US96023,500,92,296,78,174,61,122,57,41,33,81,45,204,70,174,57,30,36
860Z200US96024,392,101,73,45,52,38,21,25,21,25,0,14,319,95,295,95,24,22
860Z200US96025,1031,119,519,94,351,87,168,57,49,32,119,47,512,95,426,84,86,38
860Z200US96027,794,151,559,146,384,127,175,76,24,24,151,70,235,58,192,55,43,27
860Z200US96028,605,140,503,147,374,119,129,89,34,41,95,81,102,80,96,79,6,11
860Z200US96029,35,19,26,18,21,16,5,8,5,8,0,14,9,8,6,8,3,4
860Z200US96031,43,20,18,13,16,13,2,4,0,14,2,4,25,18,23,17,2,3
860Z200US96032,1088,139,717,122,542,117,175,72,57,35,118,65,371,104,260,85,111,63
860Z200US96033,101,34,67,27,49,24,18,14,4,6,14,12,34,21,33,20,1,3
860Z200US96034,144,38,80,31,56,26,24,20,19,19,5,4,64,23,56,18,8,12
860Z200US96035,1535,267,959,194,715,177,244,116,25,27,219,119,576,220,515,210,61,42
860Z200US96037,63,61,35,48,35,48,0,14,0,14,0,14,28,42,0,14,28,42
860Z200US96038,209,78,138,70,113,65,25,25,4,7,21,25,71,50,53,46,18,22
860Z200US96039,306,72,139,44,83,34,56,33,33,31,23,13,167,59,129,50,38,27
860Z200US96040,39,36,39,36,39,36,0,14,0,14,0,14,0,14,0,14,0,14
860Z200US96041,1124,281,478,185,284,152,194,128,62,97,132,96,646,248,476,204,170,136
860Z200US96044,499,95,279,63,192,39,87,47,39,26,48,35,220,68,185,65,35,21
860Z200US96046,39,52,39,52,6,12,33,51,33,51,0,14,0,14,0,14,0,14
860Z200US96047,381,102,275,91,244,88,31,28,9,14,22,25,106,53,95,49,11,16
860Z200US96048,327,90,198,84,179,83,19,14,0,14,19,14,129,53,111,49,18,17
860Z200US96050,217,55,103,36,101,35,2,4,2,4,0,14,114,43,98,42,16,15
860Z200US96051,476,123,252,97,204,95,48,36,11,13,37,33,224,84,196,79,28,27
860Z200US96052,675,167,434,149,332,127,102,70,48,46,54,54,241,81,200,84,41,47
860Z200US96054,119,45,76,38,49,30,27,30,27,30,0,14,43,35,43,35,0,14
860Z200US96055,1447,193,893,193,560,167,333,142,121,93,212,111,554,135,482,128,72,47
860Z200US96056,627,150,465,135,387,134,78,51,36,41,42,34,162,79,137,72,25,39
860Z200US96057,528,74,268,68,221,59,47,32,27,20,20,21,260,56,235,53,25,19
860Z200US96058,202,64,136,46,114,41,22,25,19,24,3,5,66,42,59,39,7,10
860Z200US96059,239,141,176,127,134,120,42,53,29,47,13,21,63,77,26,53,37,58
860Z200US96061,38,58,0,14,0,14,0,14,0,14,0,14,38,58,38,58,0,14
860Z200US96062,393,91,296,84,258,84,38,22,20,17,18,15,97,47,85,47,12,10
860Z200US96063,60,40,27,23,27,23,0,14,0,14,0,14,33,39,22,34,11,17
860Z200US96064,1819,150,1169,109,932,118,237,77,71,45,166,60,650,126,507,96,143,73
860Z200US96065,148,58,102,41,71,38,31,22,15,20,16,16,46,31,42,30,4,6
860Z200US96067,3715,313,2303,272,1878,291,425,165,92,61,333,146,1412,306,1256,295,156,93
860Z200US96068,12,16,5,10,1,2,4,9,4,9,0,14,7,13,7,13,0,14
860Z200US96069,551,138,382,116,313,123,69,30,42,23,27,22,169,78,159,75,10,10
860Z200US96071,17,22,0,14,0,14,0,14,0,14,0,14,17,22,17,22,0,14
860Z200US96073,1929,197,1577,185,1394,187,183,76,80,50,103,60,352,103,320,104,32,21
860Z200US96074,46,24,24,20,24,20,0,14,0,14,0,14,22,14,16,13,6,6
860Z200US96075,144,108,79,77,62,75,17,20,9,15,8,12,65,73,50,67,15,25
860Z200US96076,63,50,9,15,9,15,0,14,0,14,0,14,54,51,39,45,15,23
860Z200US96078,24,38,24,38,24,38,0,14,0,14,0,14,0,14,0,14,0,14
860Z200US96080,12047,462,8167,500,5587,535,2580,383,801,242,1779,340,3880,490,3261,395,619,285
860Z200US96084,297,70,205,65,148,54,57,38,17,23,40,31,92,44,73,41,19,20
860Z200US96085,32,22,15,14,15,14,0,14,0,14,0,14,17,17,10,14,7,11
860Z200US96086,139,40,87,34,75,32,12,11,5,8,7,8,52,25,43,22,9,11
860Z200US96087,298,105,212,94,124,64,88,72,63,62,25,37,86,58,18,29,68,51
860Z200US96088,2199,292,1288,237,1074,230,214,91,115,87,99,64,911,213,754,192,157,91
860Z200US96090,181,58,109,48,88,47,21,15,6,6,15,13,72,33,62,31,10,9
860Z200US96091,329,82,164,54,154,54,10,9,4,5,6,7,165,57,130,52,35,25
860Z200US96092,160,59,138,57,117,61,21,15,0,14,21,15,22,25,22,25,0,14
860Z200US96093,1555,307,772,249,768,249,4,6,0,14,4,6,783,239,642,233,141,112
860Z200US96094,2760,215,1592,173,1138,166,454,104,155,57,299,81,1168,166,901,166,267,104
860Z200US96096,323,65,208,55,197,53,11,8,9,7,2,4,115,46,94,40,21,20
860Z200US96097,4378,285,2436,220,1614,235,822,158,113,72,709,165,1942,308,1635,287,307,127
860Z200US96101,1870,218,1135,185,946,171,189,94,61,49,128,71,735,189,633,154,102,100
860Z200US96103,631,145,395,107,340,101,55,35,4,8,51,34,236,84,169,62,67,54
860Z200US96104,364,89,236,88,162,73,74,52,8,13,66,50,128,58,128,58,0,14
860Z200US96105,207,123,122,113,32,37,90,106,62,97,28,44,85,96,85,96,0,14
860Z200US96106,134,76,102,67,56,36,46,51,0,14,46,51,32,44,32,44,0,14
860Z200US96107,293,100,156,96,156,96,0,14,0,14,0,14,137,67,137,67,0,14
860Z200US96108,39,35,39,35,39,35,0,14,0,14,0,14,0,14,0,14,0,14
860Z200US96109,414,92,247,89,141,56,106,80,12,18,94,78,167,66,125,72,42,46
860Z200US96110,63,34,22,18,22,18,0,14,0,14,0,14,41,31,41,31,0,14
860Z200US96111,13,13,8,13,8,13,0,14,0,14,0,14,5,10,5,10,0,14
860Z200US96112,59,24,42,22,23,16,19,20,0,14,19,20,17,12,13,11,4,6
860Z200US96113,350,107,273,103,125,92,148,43,17,23,131,40,77,38,58,30,19,19
860Z200US96114,1182,183,825,189,650,187,175,104,23,21,152,102,357,121,268,96,89,66
860Z200US96115,65,33,43,30,43,30,0,14,0,14,0,14,22,14,22,14,0,14
860Z200US96116,0,14,0,14,0,14,0,14,0,14,0,14,0,14,0,14,0,14
860Z200US96117,81,38,74,37,48,29,26,26,0,14,26,26,7,12,7,12,0,14
860Z200US96118,645,165,407,122,388,121,19,23,12,20,7,12,238,123,238,123,0,14
860Z200US96119,16,25,16,25,0,14,16,25,0,14,16,25,0,14,0,14,0,14
860Z200US96120,358,62,257,55,197,51,60,26,24,17,36,18,101,42,82,40,19,16
860Z200US96121,58,40,58,40,35,26,23,33,0,14,23,33,0,14,0,14,0,14
860Z200US96122,1913,269,1097,261,788,265,309,177,38,42,271,169,816,221,625,189,191,113
860Z200US96123,26,15,18,12,9,9,9,11,2,4,7,9,8,8,7,6,1,4
860Z200US96124,39,33,39,33,17,16,22,33,22,33,0,14,0,14,0,14,0,14
860Z200US96125,146,68,100,51,100,51,0,14,0,14,0,14,46,44,46,44,0,14
860Z200US96126,102,75,50,49,33,40,17,27,0,14,17,27,52,61,52,61,0,14
860Z200US96128,259,82,186,73,186,73,0,14,0,14,0,14,73,50,57,46,16,24
860Z200US96129,146,108,116,110,116,110,0,14,0,14,0,14,30,39,18,31,12,20
860Z200US96130,5658,278,3611,298,2816,281,795,175,281,114,514,140,2047,271,1712,247,335,121
860Z200US96132,8,7,1,3,1,3,0,14,0,14,0,14,7,7,3,3,4,6
860Z200US96133,56,57,56,57,42,55,14,23,14,23,0,14,0,14,0,14,0,14
860Z200US96134,780,125,561,107,402,104,159,62,58,39,101,51,219,73,164,50,55,55
860Z200US96135,59,92,59,92,59,92,0,14,0,14,0,14,0,14,0,14,0,14
860Z200US96136,16,17,16,17,10,13,6,11,0,14,6,11,0,14,0,14,0,14
860Z200US96137,1268,181,744,128,550,108,194,98,46,43,148,88,524,131,441,124,83,58
860Z200US96140,467,135,267,114,256,111,11,18,11,18,0,14,200,97,113,63,87,67
860Z200US96141,260,58,200,54,187,54,13,14,0,14,13,14,60,24,43,24,17,13
860Z200US96142,392,63,207,58,169,54,38,30,27,24,11,17,185,61,118,39,67,45
860Z200US96143,1297,215,760,185,598,167,162,101,65,75,97,85,537,185,409,171,128,103
860Z200US96145,1372,205,906,202,822,207,84,59,18,29,66,51,466,152,401,141,65,49
860Z200US96146,517,108,262,70,242,71,20,26,20,26,0,14,255,89,151,69,104,53
860Z200US96148,222,84,134,76,121,73,13,19,0,14,13,19,88,48,59,46,29,31
860Z200US96150,12678,447,7288,395,5702,370,1586,259,436,125,1150,243,5390,468,3872,411,1518,274
860Z200US96155,0,14,0,14,0,14,0,14,0,14,0,14,0,14,0,14,0,14
860Z200US96161,7655,379,5195,304,4692,347,503,181,229,129,274,133,2460,456,1851,383,609,199
