GEO_ID,B11001_E001,B11001_M001,B11001_E002,B11001_M002,B11001_E003,B11001_M003,B11001_E004,B11001_M004,B11001_E005,B11001_M005,B11001_E006,B11001_M006,B11001_E007,B11001_M007,B11001_E008,B11001_M008,B11001_E009,B11001_M009
860Z200US90001,13597,578,11376,576,6261,413,5115,479,2043,299,3072,376,2221,294,1592,284,629,166
860Z200US90002,13013,474,10575,487,4713,428,5862,483,1797,281,4065,463,2438,273,1945,216,493,166
860Z200US90003,17936,644,14545,686,6633,494,7912,566,2603,427,5309,452,3391,343,2534,265,857,206
860Z200US90004,23047,801,12161,657,7719,529,4442,482,1408,329,3034,328,10886,734,7358,575,3528,431
860Z200US90005,16607,648,7790,601,4797,448,2993,441,1253,321,1740,324,8817,535,6997,545,1820,270
860Z200US90006,19100,653,12345,706,6530,547,5815,541,1942,281,3873,422,6755,518,4789,425,1966,293
860Z200US90007,12520,483,5670,393,2655,297,3015,341,938,198,2077,304,6850,505,3792,422,3058,288
860Z200US90008,14694,745,6846,514,3499,433,3347,359,950,246,2397,334,7848,745,7089,673,759,266
860Z200US90010,2381,289,838,178,661,165,177,75,55,42,122,69,1543,246,1136,226,407,168
860Z200US90011,24399,713,20359,648,10130,637,10229,657,3825,421,6404,609,4040,496,2870,452,1170,236
860Z200US90012,14945,756,5152,441,3643,370,1509,280,678,189,831,222,9793,664,7092,555,2701,419
860Z200US90013,7781,636,972,255,684,191,288,154,192,143,96,67,6809,648,5926,598,883,258
860Z200US90014,6100,534,1093,288,833,251,260,136,130,93,130,99,5007,529,4358,495,649,194
860Z200US90015,12838,644,4431,611,2649,412,1782,427,733,304,1049,286,8407,590,6199,616,2208,418
860Z200US90016,17601,786,10614,637,5416,434,5198,578,1700,271,3498,550,6987,551,5308,485,1679,283
860Z200US90017,13564,681,5448,515,2589,497,2859,354,1227,279,1632,278,8116,651,6584,639,1532,352
860Z200US90018,16339,574,10631,607,5974,530,4657,469,1590,291,3067,385,5708,435,4514,420,1194,238
860Z200US90019,23576,819,12259,715,7118,550,5141,668,1876,353,3265,510,11317,760,8108,643,3209,518
860Z200US90020,17321,767,8668,602,5724,593,2944,383,947,238,1997,330,8653,588,6906,559,1747,311
860Z200US90021,1459,259,388,137,231,123,157,59,76,48,81,49,1071,237,983,214,88,64
860Z200US90022,17165,574,13922,568,7539,496,6383,520,2565,420,3818,438,3243,366,2389,342,854,181
860Z200US90023,11750,399,9571,396,5091,407,4480,433,1548,272,2932,363,2179,261,1584,218,595,149
860Z200US90024,16843,899,5553,526,4530,514,1023,278,439,190,584,175,11290,819,7445,667,3845,522
860Z200US90025,22166,870,8420,628,6216,517,2204,459,888,357,1316,270,13746,858,9264,805,4482,683
860Z200US90026,26230,713,12252,607,7247,504,5005,496,1782,376,3223,407,13978,731,9128,733,4850,482
860Z200US90027,21331,600,8472,492,6206,470,2266,329,727,174,1539,296,12859,572,9365,528,3494,343
860Z200US90028,17228,941,4794,557,3063,480,1731,353,481,181,1250,331,12434,941,9848,932,2586,438
860Z200US90029,12836,470,6592,384,4036,405,2556,267,968,179,1588,215,6244,412,4855,397,1389,220
860Z200US90031,11960,547,8228,425,5024,421,3204,309,939,179,2265,288,3732,519,2714,511,1018,187
860Z200US90032,13427,438,9666,471,5999,470,3667,301,1185,211,2482,293,3761,373,2561,344,1200,225
860Z200US90033,13341,435,9559,453,4681,382,4878,405,1690,273,3188,369,3782,414,2856,367,926,190
860Z200US90034,25261,934,10325,757,7554,650,2771,540,848,250,1923,483,14936,932,10085,849,4851,471
860Z200US90035,11420,725,5386,498,4343,463,1043,277,231,105,812,237,6034,648,4094,554,1940,396
860Z200US90036,19753,664,6818,534,5590,513,1228,253,405,140,823,202,12935,726,9817,697,3118,384
860Z200US90037,17571,555,13120,538,6146,488,6974,451,2438,316,4536,427,4451,430,3195,432,1256,295
860Z200US90038,12929,588,4928,327,3031,373,1897,273,828,245,1069,220,8001,534,5902,484,2099,361
860Z200US90039,12052,674,5789,390,4345,367,1444,238,517,164,927,170,6263,650,4472,608,1791,320
860Z200US90040,3441,202,2623,160,1583,187,1040,188,479,149,561,130,818,181,694,178,124,92
860Z200US90041,9875,516,6350,461,4723,450,1627,239,613,159,1014,196,3525,508,2475,387,1050,291
860Z200US90042,21199,597,13158,604,8899,544,4259,397,1537,250,2722,340,8041,567,5239,495,2802,394
860Z200US90043,17132,787,10433,717,5979,546,4454,550,1200,326,3254,458,6699,662,5981,608,718,219
860Z200US90044,27738,841,20510,819,8700,549,11810,781,2889,403,8921,716,7228,536,6160,531,1068,225
860Z200US90045,15852,596,8760,555,6828,583,1932,400,647,229,1285,354,7092,518,4792,549,2300,422
860Z200US90046,28346,904,7988,751,6338,692,1650,330,587,211,1063,250,20358,1096,15723,1045,4635,578
860Z200US90047,17202,916,11831,865,5321,496,6510,716,1645,495,4865,629,5371,643,4664,570,707,228
860Z200US90048,11564,664,3834,341,2999,341,835,221,413,169,422,152,7730,687,6012,605,1718,348
860Z200US90049,16151,634,8088,465,6989,428,1099,228,404,162,695,176,8063,540,5773,459,2290,351
860Z200US90052,0,13,0,13,0,13,0,13,0,13,0,13,0,13,0,13,0,13
860Z200US90056,3432,412,2280,412,1363,308,917,313,370,247,547,190,1152,331,941,297,211,108
860Z200US90057,16986,529,9041,592,4501,445,4540,459,1958,337,2582,310,7945,541,5692,526,2253,368
860Z200US90058,1039,225,666,181,340,157,326,121,45,43,281,117,373,147,267,121,106,106
860Z200US90059,10351,531,8103,515,3866,438,4237,479,910,251,3327,375,2248,299,1929,279,319,142
860Z200US90061,7666,580,5667,384,2567,278,3100,341,1025,243,2075,322,1999,481,1739,480,260,121
860Z200US90062,9802,420,7363,459,3668,451,3695,434,1028,323,2667,361,2439,295,1875,276,564,145
860Z200US90063,13529,544,10550,517,5918,445,4632,410,1671,287,2961,358,2979,375,1989,305,990,224
860Z200US90064,11414,653,6082,468,5070,370,1012,261,401,174,611,163,5332,545,3996,508,1336,222
860Z200US90065,16200,680,10395,592,7257,527,3138,345,964,197,2174,265,5805,438,3618,396,2187,264
860Z200US90066,24679,777,12386,629,9384,554,3002,433,1251,252,1751,349,12293,629,9398,618,2895,348
860Z200US90067,1719,237,554,163,384,102,170,116,85,100,85,68,1165,233,1080,237,85,67
860Z200US90068,11740,676,4109,427,3276,394,833,218,290,103,543,213,7631,623,5907,605,1724,292
860Z200US90069,13004,716,2794,366,2154,330,640,208,137,76,503,184,10210,729,7952,716,2258,401
860Z200US90071,8,14,0,13,0,13,0,13,0,13,0,13,8,14,8,14,0,13
860Z200US90073,0,13,0,13,0,13,0,13,0,13,0,13,0,13,0,13,0,13
860Z200US90077,3001,261,2115,281,1830,293,285,108,77,46,208,105,886,186,748,175,138,88
860Z200US90079,0,13,0,13,0,13,0,13,0,13,0,13,0,13,0,13,0,13
860Z200US90089,6,9,0,13,0,13,0,13,0,13,0,13,6,9,0,13,6,9
860Z200US90094,5903,447,2840,361,2324,352,516,215,248,159,268,167,3063,459,2340,445,723,267
860Z200US90095,0,13,0,13,0,13,0,13,0,13,0,13,0,13,0,13,0,13
860Z200US90201,24126,552,20258,436,10804,575,9454,541,2849,379,6605,412,3868,490,2902,468,966,220
860Z200US90210,7893,383,4805,376,4150,375,655,195,277,134,378,138,3088,380,2542,383,546,166
860Z200US90211,3784,350,2185,324,1657,297,528,150,186,96,342,132,1599,273,1329,240,270,153
860Z200US90212,5483,436,2697,393,2084,302,613,274,170,126,443,255,2786,509,2405,451,381,212
860Z200US90220,13710,517,10667,473,5703,436,4964,467,1595,307,3369,388,3043,478,2627,435,416,215
860Z200US90221,12588,461,10198,453,5843,448,4355,476,1589,291,2766,391,2390,335,1946,316,444,132
860Z200US90222,8568,537,6837,507,3787,421,3050,406,903,240,2147,344,1731,330,1476,293,255,132
860Z200US90230,13290,658,7553,427,5988,414,1565,276,195,90,1370,262,5737,569,4665,574,1072,217
860Z200US90232,7183,463,3712,398,2903,391,809,227,357,185,452,151,3471,499,2644,458,827,227
860Z200US90240,7685,392,6315,420,4173,415,2142,354,830,267,1312,341,1370,267,1159,248,211,119
860Z200US90241,14476,543,11003,499,6492,494,4511,517,1792,405,2719,359,3473,430,2495,385,978,235
860Z200US90242,12627,602,9798,479,6095,543,3703,360,1025,272,2678,354,2829,486,2263,418,566,163
860Z200US90245,7075,324,4185,288,3359,290,826,218,291,121,535,183,2890,392,1936,371,954,273
860Z200US90247,16120,643,11292,511,6989,476,4303,523,1474,349,2829,385,4828,416,3934,380,894,178
860Z200US90248,3947,357,2997,352,1945,282,1052,264,226,114,826,249,950,173,728,147,222,103
860Z200US90249,8733,433,5998,414,3841,313,2157,317,553,130,1604,321,2735,427,2004,315,731,282
860Z200US90250,32230,731,21792,654,12661,578,9131,635,2560,384,6571,572,10438,816,8225,662,2213,406
860Z200US90254,8882,416,4516,287,3791,284,725,188,261,108,464,167,4366,525,3075,482,1291,282
860Z200US90255,18718,539,15374,393,8474,583,6900,495,2189,270,4711,450,3344,430,2387,366,957,203
860Z200US90260,10242,480,7824,477,5172,424,2652,415,1217,324,1435,272,2418,351,1729,304,689,193
860Z200US90262,15168,425,13030,431,7894,495,5136,500,1895,289,3241,388,2138,367,1801,355,337,118
860Z200US90263,0,13,0,13,0,13,0,13,0,13,0,13,0,13,0,13,0,13
860Z200US90265,6360,474,4333,360,3619,351,714,208,262,142,452,143,2027,368,1603,354,424,120
860Z200US90266,13400,451,9335,396,8090,424,1245,250,546,205,699,164,4065,534,3031,448,1034,297
860Z200US90270,6347,296,5269,260,3106,299,2163,294,848,197,1315,223,1078,247,772,204,306,127
860Z200US90272,8135,375,5777,378,5168,356,609,144,186,87,423,111,2358,299,1898,273,460,221
860Z200US90274,9273,392,7246,280,6317,390,929,293,356,204,573,223,2027,344,1814,313,213,83
860Z200US90275,15414,383,12067,388,10324,403,1743,402,335,140,1408,371,3347,417,2930,396,417,152
860Z200US90277,16533,675,8509,604,7021,482,1488,386,447,168,1041,318,8024,795,6439,747,1585,345
860Z200US90278,15776,664,10518,513,8378,437,2140,348,624,217,1516,293,5258,613,3403,427,1855,372
860Z200US90280,23885,598,19956,532,12229,607,7727,579,2933,388,4794,417,3929,434,3087,393,842,182
860Z200US90290,2081,249,1387,227,1091,210,296,135,130,101,166,94,694,194,515,170,179,99
860Z200US90291,13670,654,4774,411,3816,392,958,176,405,141,553,136,8896,691,6994,706,1902,273
860Z200US90292,13355,881,5497,722,4539,606,958,381,279,228,679,296,7858,811,5763,697,2095,547
860Z200US90293,6657,411,2768,313,2182,298,586,140,288,83,298,139,3889,377,2670,316,1219,250
860Z200US90301,12142,595,7877,507,4398,499,3479,420,1208,249,2271,368,4265,516,3582,505,683,206
860Z200US90302,10340,543,6775,539,3124,338,3651,547,787,256,2864,509,3565,421,2961,402,604,198
860Z200US90303,6894,347,5212,346,2890,313,2322,340,804,182,1518,299,1682,214,1302,186,380,148
860Z200US90304,7174,566,5752,458,3641,401,2111,333,712,215,1399,272,1422,400,1063,375,359,165
860Z200US90305,5894,345,3646,349,1856,211,1790,289,307,118,1483,300,2248,252,1928,251,320,140
860Z200US90401,4789,367,1097,236,863,261,234,137,180,130,54,53,3692,388,2973,402,719,253
860Z200US90402,4777,306,3308,316,2850,291,458,171,140,79,318,143,1469,284,1191,257,278,148
860Z200US90403,13064,639,5567,527,4484,509,1083,265,203,99,880,244,7497,725,6412,678,1085,222
860Z200US90404,10492,552,4772,381,3104,374,1668,351,673,248,995,269,5720,516,4307,562,1413,267
860Z200US90405,14000,732,5336,506,3799,370,1537,423,476,203,1061,363,8664,728,6743,752,1921,329
860Z200US90501,14607,614,10131,602,7317,482,2814,343,829,181,1985,333,4476,545,3473,509,1003,235
860Z200US90502,6457,527,4677,485,3157,464,1520,315,424,170,1096,287,1780,325,1297,262,483,196
860Z200US90503,17183,672,11360,602,8655,540,2705,463,840,264,1865,433,5823,610,4672,565,1151,302
860Z200US90504,11654,528,8222,480,6231,539,1991,283,613,219,1378,225,3432,467,2563,437,869,318
860Z200US90505,14113,600,9445,435,7720,488,1725,296,322,140,1403,250,4668,536,3920,540,748,214
860Z200US90506,0,13,0,13,0,13,0,13,0,13,0,13,0,13,0,13,0,13
860Z200US90601,10812,516,7556,545,5525,448,2031,349,517,158,1514,328,3256,430,2625,427,631,201
860Z200US90602,7905,388,5564,338,3599,303,1965,276,601,171,1364,243,2341,315,1834,303,507,148
860Z200US90603,6428,386,5077,350,3697,404,1380,251,459,155,921,191,1351,253,1051,226,300,129
860Z200US90604,11667,405,9095,495,6857,508,2238,309,809,240,1429,241,2572,319,1920,327,652,157
860Z200US90605,10917,433,8999,424,6453,416,2546,301,878,155,1668,273,1918,295,1471,285,447,140
860Z200US90606,8645,365,6869,384,4671,388,2198,355,730,193,1468,281,1776,333,1591,329,185,81
860Z200US90620,13223,535,11040,516,8677,489,2363,351,825,208,1538,292,2183,350,1606,274,577,191
860Z200US90621,10892,544,8723,617,5636,620,3087,420,1129,287,1958,349,2169,375,1266,252,903,243
860Z200US90623,5045,208,3919,197,3138,252,781,183,199,95,582,173,1126,244,890,228,236,103
860Z200US90630,16137,434,12776,335,9834,347,2942,300,732,179,2210,279,3361,427,2451,381,910,295
860Z200US90631,22289,507,16801,455,12134,542,4667,435,1749,328,2918,315,5488,649,4183,559,1305,263
860Z200US90638,14908,541,11734,337,8899,432,2835,387,949,186,1886,323,3174,553,2854,543,320,101
860Z200US90639,0,13,0,13,0,13,0,13,0,13,0,13,0,13,0,13,0,13
860Z200US90640,19348,495,14496,448,8155,428,6341,401,1999,298,4342,390,4852,524,3647,407,1205,290
860Z200US90650,26508,563,21735,533,14613,585,7122,552,2704,399,4418,454,4773,418,3687,361,1086,234
860Z200US90660,16665,503,13289,379,8867,603,4422,491,1453,278,2969,398,3376,469,2648,437,728,157
860Z200US90670,5345,313,3956,226,2697,274,1259,243,240,107,1019,225,1389,263,1173,239,216,112
860Z200US90680,10007,613,6737,349,4724,361,2013,319,697,171,1316,254,3270,588,2822,554,448,157
860Z200US90701,4484,287,3719,246,2661,280,1058,188,326,136,732,171,765,230,588,202,177,116
860Z200US90703,15850,466,13345,310,10308,465,3037,359,936,234,2101,302,2505,399,2123,369,382,136
860Z200US90704,1397,197,1027,114,682,147,345,95,156,41,189,90,370,213,343,208,27,44
860Z200US90706,24065,559,17684,448,10795,526,6889,547,2316,313,4573,470,6381,557,4707,493,1674,339
860Z200US90710,9276,475,6697,462,4465,416,2232,314,542,147,1690,304,2579,333,2067,320,512,129
860Z200US90712,10193,399,7808,404,6078,442,1730,291,474,182,1256,199,2385,327,1824,261,561,158
860Z200US90713,9343,375,7541,359,5774,353,1767,311,593,221,1174,224,1802,247,1387,229,415,138
860Z200US90715,6515,334,5033,317,3016,234,2017,329,584,185,1433,280,1482,268,1115,255,367,111
860Z200US90716,3631,214,3004,188,1856,205,1148,187,453,153,695,176,627,149,504,146,123,67
860Z200US90717,8327,361,5435,267,3885,355,1550,308,364,127,1186,272,2892,428,2424,398,468,162
860Z200US90720,8208,351,6302,341,4817,381,1485,239,375,120,1110,233,1906,297,1554,272,352,108
860Z200US90723,14378,372,11723,332,6647,455,5076,483,1612,310,3464,387,2655,350,2028,310,627,176
860Z200US90731,23249,802,14649,737,9006,662,5643,635,1728,357,3915,568,8600,740,6828,686,1772,356
860Z200US90732,8743,472,5816,445,4481,460,1335,228,470,158,865,204,2927,380,2497,358,430,146
860Z200US90740,13011,486,5964,280,4993,324,971,218,375,200,596,159,7047,566,6428,575,619,189
860Z200US90742,308,81,108,58,81,47,27,26,18,21,9,15,200,81,192,80,8,14
860Z200US90743,188,75,118,52,107,51,11,13,11,13,0,13,70,52,53,45,17,26
860Z200US90744,14949,440,11646,494,7257,497,4389,396,1733,261,2656,287,3303,315,2674,316,629,139
860Z200US90745,15441,488,12673,407,8955,499,3718,352,1446,264,2272,317,2768,350,2339,324,429,149
860Z200US90746,8441,571,6733,527,3839,449,2894,550,1011,354,1883,430,1708,256,1443,247,265,141
860Z200US90747,0,13,0,13,0,13,0,13,0,13,0,13,0,13,0,13,0,13
860Z200US90755,4604,507,2608,219,1741,205,867,215,287,127,580,199,1996,448,1365,389,631,207
860Z200US90802,21734,860,6553,609,3795,474,2758,443,1064,302,1694,297,15181,876,11879,868,3302,456
860Z200US90803,17082,776,7281,585,5629,474,1652,390,605,338,1047,235,9801,683,7817,676,1984,355
860Z200US90804,14967,594,8075,588,4516,391,3559,497,1346,350,2213,412,6892,540,4989,457,1903,311
860Z200US90805,28163,677,20571,648,11360,673,9211,659,2055,367,7156,663,7592,594,5417,581,2175,369
860Z200US90806,12541,525,8856,586,4755,530,4101,432,1228,274,2873,355,3685,375,2714,348,971,211
860Z200US90807,12771,575,7683,574,5563,558,2120,366,620,219,1500,275,5088,581,4024,576,1064,242
860Z200US90808,14198,535,10593,501,8345,475,2248,314,558,230,1690,260,3605,392,2936,357,669,184
860Z200US90810,9965,520,7855,492,4868,426,2987,425,888,214,2099,390,2110,326,1782,305,328,136
860Z200US90813,17215,576,10610,534,4955,413,5655,519,2035,360,3620,379,6605,518,4727,491,1878,263
860Z200US90814,9267,454,4326,436,2955,387,1371,255,469,158,902,261,4941,470,3515,454,1426,285
860Z200US90815,15210,569,10043,540,7566,504,2477,332,678,170,1799,295,5167,426,3776,406,1391,207
860Z200US90822,0,13,0,13,0,13,0,13,0,13,0,13,0,13,0,13,0,13
860Z200US90831,0,13,0,13,0,13,0,13,0,13,0,13,0,13,0,13,0,13
860Z200US90840,0,13,0,13,0,13,0,13,0,13,0,13,0,13,0,13,0,13
860Z200US91001,12408,591,9239,530,6526,461,2713,488,522,180,2191,459,3169,333,2532,286,637,190
860Z200US91006,10626,437,8692,418,6367,391,2325,458,724,234,1601,374,1934,326,1536,308,398,156
860Z200US91007,11860,596,8734,514,6185,481,2549,422,606,215,1943,409,3126,477,2530,444,596,169
860Z200US91008,282,51,237,49,208,48,29,17,4,4,25,17,45,20,38,19,7,7
860Z200US91010,8340,356,6300,291,4204,357,2096,311,568,171,1528,275,2040,302,1819,274,221,91
860Z200US91011,6455,188,5594,178,5067,200,527,131,116,59,411,116,861,189,702,158,159,98
860Z200US91016,14912,530,9953,394,6817,441,3136,400,928,295,2208,322,4959,480,3659,445,1300,220
860Z200US91020,3181,334,1626,288,1037,273,589,148,195,125,394,130,1555,302,1424,294,131,121
860Z200US91024,5018,278,2885,215,2237,256,648,192,81,53,567,193,2133,394,1840,358,293,165
860Z200US91030,10274,415,6805,282,5346,283,1459,265,446,130,1013,233,3469,512,2803,534,666,202
860Z200US91040,7383,360,5229,371,3835,372,1394,216,453,158,941,208,2154,295,1758,310,396,148
860Z200US91042,9974,559,6999,445,4825,431,2174,339,869,236,1305,249,2975,474,2464,451,511,188
860Z200US91046,78,61,62,67,62,67,0,13,0,13,0,13,16,21,16,21,0,13
860Z200US91101,10777,554,3744,371,2792,347,952,228,314,125,638,193,7033,610,5824,612,1209,250
860Z200US91103,8776,452,5832,468,3552,336,2280,378,608,176,1672,318,2944,357,2315,367,629,157
860Z200US91104,13260,626,8509,578,5941,468,2568,430,840,211,1728,359,4751,604,3586,510,1165,254
860Z200US91105,5647,322,3191,227,2738,212,453,117,165,86,288,93,2456,263,1794,237,662,152
860Z200US91106,10572,542,5056,415,3523,356,1533,350,499,207,1034,270,5516,536,3822,411,1694,375
860Z200US91107,12675,550,8198,507,6322,443,1876,302,756,254,1120,230,4477,476,3453,475,1024,229
860Z200US91108,4004,426,3399,348,2732,290,667,203,248,133,419,159,605,190,540,177,65,56
860Z200US91125,86,117,0,13,0,13,0,13,0,13,0,13,86,117,13,21,73,114
860Z200US91201,8014,421,5158,326,3799,339,1359,181,483,128,876,157,2856,412,2190,338,666,251
860Z200US91202,8825,582,5767,425,4339,362,1428,227,504,181,924,163,3058,530,2485,509,573,183
860Z200US91203,6856,386,4152,384,2555,279,1597,319,560,175,1037,252,2704,387,2123,326,581,199
860Z200US91204,6536,438,4004,380,2713,323,1291,293,369,107,922,269,2532,436,1811,417,721,204
860Z200US91205,13708,421,8359,523,5815,390,2544,336,814,218,1730,279,5349,496,4249,388,1100,265
860Z200US91206,12591,646,8348,549,6007,535,2341,339,846,209,1495,268,4243,431,3331,447,912,185
860Z200US91207,3989,348,2770,364,1929,345,841,271,294,152,547,227,1219,327,939,306,280,148
860Z200US91208,5919,580,4171,538,3295,330,876,467,296,354,580,222,1748,304,1472,279,276,136
860Z200US91210,164,64,103,55,79,49,24,26,15,21,9,13,61,48,61,48,0,13
860Z200US91214,10590,615,8396,614,7203,551,1193,230,276,122,917,197,2194,339,1930,318,264,109
860Z200US91301,8846,413,6768,287,5608,323,1160,229,385,151,775,183,2078,412,1700,387,378,149
860Z200US91302,9644,525,7224,371,5752,345,1472,335,454,132,1018,318,2420,433,1547,307,873,305
860Z200US91303,10270,480,6429,483,3768,373,2661,412,760,235,1901,330,3841,403,2472,320,1369,346
860Z200US91304,18276,599,13136,584,8867,554,4269,407,1206,258,3063,345,5140,524,4059,502,1081,212
860Z200US91306,14466,497,11021,531,7264,575,3757,448,1121,252,2636,352,3445,365,2659,332,786,159
860Z200US91307,8527,428,6645,395,5446,422,1199,253,515,167,684,185,1882,293,1371,234,511,215
860Z200US91311,14220,600,10112,616,7699,613,2413,348,771,163,1642,321,4108,452,3407,392,701,179
860Z200US91316,12625,659,7208,575,5581,539,1627,288,415,168,1212,255,5417,549,4605,549,812,260
860Z200US91320,15056,541,11526,489,9798,519,1728,288,535,165,1193,246,3530,420,2746,387,784,178
860Z200US91321,11068,545,7881,500,5457,486,2424,438,948,284,1476,337,3187,400,2587,386,600,168
860Z200US91324,10084,635,6594,502,4757,438,1837,328,718,283,1119,260,3490,440,2422,388,1068,275
860Z200US91325,12773,610,8096,463,6021,439,2075,349,563,164,1512,304,4677,492,3325,459,1352,266
860Z200US91326,12719,438,9771,455,8088,411,1683,338,675,205,1008,251,2948,394,2372,374,576,222
860Z200US91330,0,13,0,13,0,13,0,13,0,13,0,13,0,13,0,13,0,13
860Z200US91331,22995,644,19522,659,12091,548,7431,431,2799,302,4632,349,3473,394,2976,396,497,148
860Z200US91335,24392,801,17691,722,12047,680,5644,499,1626,288,4018,480,6701,605,5239,549,1462,291
860Z200US91340,8685,402,7208,336,4799,386,2409,274,935,240,1474,231,1477,304,1189,283,288,134
860Z200US91342,24927,671,20391,769,13022,567,7369,550,2290,328,5079,485,4536,445,3658,402,878,203
860Z200US91343,18045,541,13972,543,9134,586,4838,370,1649,250,3189,347,4073,393,3077,364,996,180
860Z200US91344,17596,675,13372,770,10151,698,3221,358,1061,216,2160,334,4224,438,3421,429,803,204
860Z200US91345,5410,335,4033,314,2621,272,1412,231,538,190,874,215,1377,208,918,163,459,161
860Z200US91350,13223,530,10820,492,9236,477,1584,339,322,115,1262,309,2403,341,1752,306,651,161
860Z200US91351,10311,504,7990,455,5808,482,2182,371,883,220,1299,337,2321,346,1664,276,657,233
860Z200US91352,12175,436,9494,441,6074,386,3420,365,1228,275,2192,292,2681,265,2018,242,663,148
860Z200US91354,10808,528,8720,494,7091,426,1629,309,446,144,1183,292,2088,269,1590,252,498,124
860Z200US91355,11898,533,7718,420,6159,486,1559,342,458,167,1101,291,4180,476,3294,427,886,246
860Z200US91356,11903,543,7703,531,5959,439,1744,330,416,140,1328,290,4200,487,3264,436,936,281
860Z200US91360,15146,661,10249,583,8350,495,1899,437,777,375,1122,211,4897,512,4158,519,739,170
860Z200US91361,7752,475,5116,378,4126,354,990,237,234,145,756,223,2636,363,2261,331,375,124
860Z200US91362,13856,663,9727,478,7873,464,1854,365,580,227,1274,346,4129,516,3340,488,789,211
860Z200US91364,10308,502,7042,501,5555,426,1487,282,480,168,1007,286,3266,353,2268,281,998,258
860Z200US91367,18234,774,11181,716,7846,591,3335,498,913,287,2422,453,7053,653,5426,419,1627,522
860Z200US91371,0,13,0,13,0,13,0,13,0,13,0,13,0,13,0,13,0,13
860Z200US91377,5015,284,3710,288,3218,301,492,139,100,63,392,131,1305,238,1121,211,184,88
860Z200US91381,6817,503,5459,491,4498,486,961,280,525,221,436,164,1358,305,1079,288,279,152
860Z200US91384,7103,312,6008,315,4907,323,1101,222,468,140,633,157,1095,203,887,192,208,97
860Z200US91387,14036,483,11234,490,8318,505,2916,455,1051,332,1865,315,2802,332,2006,273,796,248
860Z200US91390,6194,449,4925,459,4325,442,600,149,173,88,427,132,1269,208,992,175,277,115
860Z200US91401,14963,521,8641,507,5886,554,2755,328,968,207,1787,268,6322,432,4777,374,1545,257
860Z200US91402,20036,679,15284,562,8916,503,6368,503,2325,318,4043,427,4752,562,3414,481,1338,250
860Z200US91403,11923,569,6012,461,4713,452,1299,301,406,145,893,228,5911,467,4141,429,1770,284
860Z200US91405,18370,693,12268,647,7524,555,4744,536,1533,269,3211,507,6102,476,4162,406,1940,385
860Z200US91406,18792,653,12283,610,7830,539,4453,435,1311,243,3142,420,6509,544,4694,467,1815,325
860Z200US91411,9218,429,5075,392,3184,347,1891,306,522,185,1369,271,4143,442,3255,433,888,217
860Z200US91423,14902,679,7175,548,5462,530,1713,349,455,157,1258,304,7727,631,5587,484,2140,368
860Z200US91436,5965,398,4158,373,3434,295,724,318,156,113,568,305,1807,342,1335,294,472,213
860Z200US91501,7731,539,5096,471,3386,406,1710,414,599,277,1111,304,2635,372,2082,343,553,182
860Z200US91502,5585,434,2618,405,1594,299,1024,313,302,236,722,255,2967,352,2169,318,798,265
860Z200US91504,10224,531,7097,536,5406,515,1691,352,392,148,1299,311,3127,351,2455,340,672,187
860Z200US91505,13017,565,7574,420,5649,491,1925,353,454,144,1471,318,5443,544,4088,479,1355,346
860Z200US91506,8103,563,4711,490,3509,355,1202,392,513,351,689,206,3392,528,3042,500,350,119
860Z200US91601,17625,847,6500,582,4206,528,2294,347,737,247,1557,299,11125,857,7743,810,3382,428
860Z200US91602,10057,631,4322,433,3134,395,1188,273,360,177,828,233,5735,554,3980,460,1755,296
860Z200US91604,14449,861,7307,557,5887,535,1420,271,420,158,1000,225,7142,704,4915,529,2227,475
860Z200US91605,16145,659,11442,651,7109,496,4333,493,1424,258,2909,450,4703,408,3460,388,1243,213
860Z200US91606,15339,634,9576,517,5916,464,3660,380,1312,268,2348,328,5763,541,4449,509,1314,199
860Z200US91607,13751,646,6677,581,4900,543,1777,317,486,169,1291,240,7074,584,4985,548,2089,465
860Z200US91608,41,40,6,9,6,9,0,13,0,13,0,13,35,43,27,41,8,13
860Z200US91701,13098,592,10636,567,8192,451,2444,476,910,271,1534,386,2462,294,2062,279,400,131
860Z200US91702,16947,549,12774,482,8291,531,4483,363,1457,271,3026,311,4173,486,2648,405,1525,285
860Z200US91706,18343,419,15585,358,9492,454,6093,444,2184,264,3909,383,2758,353,2185,292,573,157
860Z200US91708,4702,560,3979,560,3105,525,874,318,359,290,515,156,723,385,449,173,274,341
860Z200US91709,25192,535,20829,489,16771,556,4058,495,1585,344,2473,402,4363,544,3303,521,1060,275
860Z200US91710,23254,737,18459,604,13522,621,4937,530,1657,294,3280,455,4795,633,3551,596,1244,297
860Z200US91711,12893,422,9089,372,7257,402,1832,319,413,180,1419,299,3804,516,3117,465,687,191
860Z200US91722,10024,493,7738,446,5237,418,2501,364,879,251,1622,278,2286,372,1699,326,587,187
860Z200US91723,6164,376,4204,368,2809,355,1395,279,409,142,986,241,1960,292,1679,285,281,98
860Z200US91724,9052,484,7016,429,4712,405,2304,339,673,238,1631,284,2036,293,1344,256,692,189
860Z200US91730,24998,748,17552,712,11393,750,6159,570,1735,378,4424,537,7446,649,6154,583,1292,303
860Z200US91731,8370,342,6237,365,3456,340,2781,310,1142,263,1639,228,2133,283,1708,265,425,127
860Z200US91732,15614,563,12694,549,7485,538,5209,423,2032,295,3177,327,2920,390,2083,305,837,240
860Z200US91733,10952,450,9368,348,5370,378,3998,338,1817,288,2181,260,1584,273,1244,257,340,106
860Z200US91737,7902,431,6464,380,5141,401,1323,239,393,128,930,204,1438,278,1121,220,317,154
860Z200US91739,11586,552,9633,541,7681,560,1952,432,877,366,1075,237,1953,424,1662,425,291,134
860Z200US91740,8393,435,6451,332,4576,354,1875,274,575,173,1300,211,1942,287,1532,238,410,131
860Z200US91741,8703,398,6624,377,5322,388,1302,176,348,118,954,157,2079,249,1606,237,473,139
860Z200US91744,18445,471,16256,433,10154,545,6102,475,2184,320,3918,405,2189,253,1519,210,670,170
860Z200US91745,16388,621,13570,628,9562,554,4008,476,1516,342,2492,355,2818,279,2180,244,638,168
860Z200US91746,7139,391,6156,441,4172,407,1984,297,631,182,1353,241,983,183,756,157,227,115
860Z200US91748,13654,584,11098,581,8041,460,3057,433,932,212,2125,370,2556,338,2001,326,555,149
860Z200US91750,12316,504,8793,342,6659,425,2134,334,604,172,1530,292,3523,451,2882,428,641,167
860Z200US91752,9679,527,8026,503,5987,492,2039,376,864,235,1175,285,1653,264,1175,187,478,178
860Z200US91754,11919,473,8576,454,5581,388,2995,369,1127,264,1868,315,3343,309,2467,320,876,196
860Z200US91755,8466,430,6758,430,4792,443,1966,257,590,136,1376,248,1708,319,1149,225,559,169
860Z200US91759,150,62,105,52,96,49,9,10,6,8,3,6,45,34,45,34,0,13
860Z200US91761,17767,769,13989,575,9823,614,4166,393,1417,288,2749,349,3778,670,2944,643,834,245
860Z200US91762,18412,706,14151,687,8625,587,5526,513,2050,367,3476,421,4261,534,3128,491,1133,270
860Z200US91763,10096,438,8258,372,5023,422,3235,380,854,232,2381,425,1838,261,1563,257,275,108
860Z200US91764,16525,688,12476,599,7571,505,4905,509,1595,349,3310,456,4049,507,2786,429,1263,366
860Z200US91765,15081,425,12069,423,9454,441,2615,378,902,202,1713,307,3012,526,2394,429,618,271
860Z200US91766,19218,697,15109,644,10186,634,4923,461,1769,284,3154,398,4109,472,2884,417,1225,253
860Z200US91767,14736,612,10834,492,6438,503,4396,425,1509,275,2887,358,3902,585,2944,536,958,258
860Z200US91768,8407,472,6692,430,4119,362,2573,286,874,240,1699,237,1715,326,1287,304,428,129
860Z200US91770,16458,463,13483,524,9145,544,4338,364,1623,247,2715,290,2975,477,2325,394,650,260
860Z200US91773,11910,495,8839,381,6551,464,2288,358,765,276,1523,296,3071,425,2507,380,564,169
860Z200US91775,8245,487,5840,350,4491,339,1349,183,427,126,922,169,2405,316,1692,252,713,224
860Z200US91776,11437,501,8610,391,5541,376,3069,416,1201,269,1868,341,2827,345,2022,292,805,228
860Z200US91780,11617,393,9281,328,6501,350,2780,352,1134,279,1646,255,2336,346,1852,292,484,190
860Z200US91784,8853,318,7196,318,6013,343,1183,222,241,89,942,193,1657,254,1401,236,256,99
860Z200US91786,19495,511,13228,521,8577,528,4651,511,1698,328,2953,439,6267,597,4212,451,2055,386
860Z200US91789,12698,443,11138,452,8826,427,2312,253,823,185,1489,192,1560,258,1183,216,377,148
860Z200US91790,12735,453,10306,488,6922,495,3384,380,888,238,2496,327,2429,298,1772,267,657,174
860Z200US91791,10793,492,8054,428,5364,434,2690,348,692,180,1998,329,2739,458,2124,345,615,286
860Z200US91792,9256,401,7153,378,4668,351,2485,277,813,202,1672,270,2103,307,1475,257,628,152
860Z200US91801,19985,608,13506,554,9111,471,4395,454,1348,289,3047,367,6479,589,4714,499,1765,339
860Z200US91803,10100,442,7086,426,4768,428,2318,270,827,245,1491,209,3014,356,2228,297,786,163
860Z200US91901,6425,372,4793,389,3870,391,923,212,306,141,617,184,1632,287,1241,247,391,160
860Z200US91902,6033,487,4293,385,3503,364,790,182,268,115,522,155,1740,547,1541,540,199,135
860Z200US91905,530,161,299,149,263,146,36,46,0,13,36,46,231,180,118,140,113,116
860Z200US91906,1280,185,929,187,709,175,220,124,54,60,166,106,351,135,280,115,71,57
860Z200US91910,25709,802,18744,779,12746,715,5998,529,1882,339,4116,385,6965,471,5168,442,1797,325
860Z200US91911,25537,896,20134,899,13570,953,6564,619,1778,367,4786,586,5403,588,4372,517,1031,234
860Z200US91913,16135,761,13430,727,10520,870,2910,477,775,228,2135,440,2705,610,1994,542,711,307
860Z200US91914,4750,422,4175,421,3507,437,668,195,213,126,455,161,575,161,547,162,28,34
860Z200US91915,10019,516,8726,598,6875,657,1851,392,636,258,1215,351,1293,346,977,299,316,204
860Z200US91916,587,121,446,113,371,113,75,58,13,20,62,54,141,71,96,60,45,47
860Z200US91917,229,88,202,82,136,68,66,50,27,43,39,43,27,34,10,18,17,28
860Z200US91931,318,166,160,101,115,81,45,53,17,27,28,45,158,151,129,147,29,45
860Z200US91932,9115,338,6095,268,3575,355,2520,346,1025,300,1495,263,3020,375,2266,331,754,188
860Z200US91934,425,170,328,152,211,156,117,119,0,13,117,119,97,97,57,76,40,50
860Z200US91935,3025,359,2428,359,2253,358,175,77,85,64,90,44,597,167,450,139,147,95
860Z200US91941,12440,732,9074,706,7246,630,1828,273,532,156,1296,265,3366,418,2490,325,876,248
860Z200US91942,17368,667,8976,439,5894,498,3082,453,730,218,2352,428,8392,748,6652,728,1740,303
860Z200US91945,9182,417,6342,295,4301,346,2041,319,478,170,1563,278,2840,430,2168,394,672,182
860Z200US91948,44,36,14,26,14,26,0,13,0,13,0,13,30,35,15,25,15,26
860Z200US91950,17728,608,12888,460,7724,458,5164,521,1200,261,3964,468,4840,641,4007,583,833,206
860Z200US91962,1012,377,771,400,676,392,95,49,14,21,81,43,241,124,154,87,87,97
860Z200US91963,140,69,72,55,58,49,14,24,0,13,14,24,68,48,22,25,46,45
860Z200US91977,19647,773,14735,550,9990,530,4745,418,1708,281,3037,381,4912,561,3443,380,1469,412
860Z200US91978,3392,288,2692,302,1803,293,889,230,475,203,414,183,700,229,382,105,318,185
860Z200US91980,14,20,14,20,0,13,14,20,0,13,14,20,0,13,0,13,0,13
860Z200US92003,1744,254,1186,251,814,159,372,187,89,77,283,163,558,163,403,148,155,87
860Z200US92004,1576,314,969,263,856,283,113,115,49,81,64,80,607,243,553,235,54,50
860Z200US92007,4387,358,3134,378,2734,387,400,163,169,142,231,104,1253,223,698,202,555,199
860Z200US92008,11753,649,6907,570,5686,486,1221,354,453,279,768,206,4846,501,3688,458,1158,241
860Z200US92009,16152,686,12919,693,10717,672,2202,487,386,179,1816,486,3233,393,2413,365,820,211
860Z200US92010,6629,539,4420,514,3555,425,865,259,290,188,575,168,2209,437,1737,418,472,187
860Z200US92011,9378,436,6743,487,5667,462,1076,298,268,171,808,245,2635,367,2160,341,475,150
860Z200US92014,5489,416,3590,293,3284,301,306,124,88,79,218,102,1899,393,1325,336,574,204
860Z200US92019,15118,773,11927,691,9036,562,2891,483,872,259,2019,392,3191,476,2792,463,399,135
860Z200US92020,19725,665,14261,564,9772,695,4489,572,1409,332,3080,504,5464,521,4131,493,1333,285
860Z200US92021,22877,789,16675,774,11205,789,5470,576,1933,358,3537,466,6202,539,4666,488,1536,306
860Z200US92024,19490,803,12924,609,10642,572,2282,344,715,184,1567,269,6566,550,4717,441,1849,357
860Z200US92025,17008,813,11036,533,7646,521,3390,400,1108,216,2282,325,5972,829,4902,810,1070,210
860Z200US92026,19009,890,13007,699,9915,680,3092,408,1270,327,1822,283,6002,636,4634,593,1368,315
860Z200US92027,17331,733,12848,609,9066,654,3782,411,1315,253,2467,354,4483,647,3590,636,893,183
860Z200US92028,16898,624,13057,685,10151,624,2906,440,1178,216,1728,396,3841,470,2923,397,918,261
860Z200US92029,7619,442,5039,325,4171,326,868,212,362,177,506,147,2580,396,1888,312,692,289
860Z200US92036,1428,327,761,164,637,149,124,79,28,42,96,68,667,311,465,298,202,124
860Z200US92037,16275,546,9406,495,8016,477,1390,271,574,222,816,169,6869,473,5130,384,1739,333
860Z200US92040,15507,768,11186,820,8392,674,2794,565,852,241,1942,469,4321,584,3095,451,1226,430
860Z200US92054,15014,715,8202,588,5927,461,2275,375,856,271,1419,258,6812,716,4765,592,2047,337
860Z200US92055,0,21,0,21,0,21,0,21,0,21,0,21,0,21,0,21,0,21
860Z200US92056,19695,744,13671,672,10861,703,2810,367,986,264,1824,286,6024,543,4626,494,1398,288
860Z200US92057,18698,595,14114,620,10942,581,3172,389,1075,205,2097,329,4584,458,3625,383,959,235
860Z200US92058,14149,906,11220,910,9152,813,2068,395,878,237,1190,335,2929,520,2192,504,737,193
860Z200US92059,442,91,368,87,272,86,96,25,25,15,71,21,74,24,64,23,10,9
860Z200US92060,148,102,119,95,117,95,2,3,0,13,2,3,29,41,29,41,0,13
860Z200US92061,746,145,542,140,451,135,91,48,17,11,74,48,204,85,119,71,85,93
860Z200US92064,16180,417,12927,374,10544,433,2383,299,908,245,1475,237,3253,425,2387,396,866,200
860Z200US92065,12113,659,9386,589,7607,585,1779,343,734,231,1045,232,2727,527,2059,481,668,184
860Z200US92066,158,65,68,42,68,42,0,13,0,13,0,13,90,48,63,41,27,29
860Z200US92067,3181,441,2558,444,2074,355,484,295,204,265,280,150,623,233,427,214,196,122
860Z200US92069,14930,635,11222,536,7971,471,3251,427,975,255,2276,361,3708,441,2745,382,963,193
860Z200US92070,300,102,172,51,99,40,73,37,52,37,21,13,128,87,41,21,87,83
860Z200US92071,20727,531,14993,395,11613,495,3380,431,1061,261,2319,350,5734,540,4272,512,1462,260
860Z200US92075,5110,399,3317,240,2794,287,523,155,207,109,316,150,1793,384,1493,350,300,120
860Z200US92078,18045,608,12607,610,10371,697,2236,362,455,184,1781,315,5438,546,4421,510,1017,256
860Z200US92081,10596,502,7095,480,5145,448,1950,375,487,176,1463,374,3501,453,2546,436,955,275
860Z200US92082,6336,583,5182,611,3973,475,1209,473,519,459,690,162,1154,274,869,231,285,160
860Z200US92083,11259,498,8204,454,5691,426,2513,321,789,202,1724,283,3055,359,2146,323,909,192
860Z200US92084,15007,710,11234,597,7900,627,3334,467,1427,279,1907,392,3773,478,2723,380,1050,245
860Z200US92086,548,93,382,85,278,63,104,48,82,44,22,18,166,64,108,43,58,45
860Z200US92091,668,140,347,116,283,103,64,62,0,13,64,62,321,114,296,116,25,27
860Z200US92092,0,13,0,13,0,13,0,13,0,13,0,13,0,13,0,13,0,13
860Z200US92093,0,13,0,13,0,13,0,13,0,13,0,13,0,13,0,13,0,13
860Z200US92096,0,13,0,13,0,13,0,13,0,13,0,13,0,13,0,13,0,13
860Z200US92101,27295,1021,7087,683,6193,640,894,229,220,127,674,201,20208,963,15927,841,4281,657
860Z200US92102,14482,697,8066,559,4957,464,3109,386,787,236,2322,300,6416,656,4753,593,1663,322
860Z200US92103,18834,730,6910,578,5541,481,1369,313,476,145,893,257,11924,777,8655,729,3269,461
860Z200US92104,22454,883,8862,603,6032,538,2830,456,781,176,2049,423,13592,877,9015,824,4577,517
860Z200US92105,22847,1028,15084,786,8599,677,6485,560,1840,389,4645,471,7763,756,5317,771,2446,454
860Z200US92106,7519,395,4893,391,4170,417,723,235,244,114,479,186,2626,293,2266,281,360,114
860Z200US92107,13653,667,6064,598,4867,559,1197,262,517,197,680,202,7589,554,4888,541,2701,397
860Z200US92108,12637,581,4964,455,3640,428,1324,383,433,243,891,313,7673,548,5382,511,2291,413
860Z200US92109,21783,866,7191,431,5665,463,1526,295,568,166,958,232,14592,805,8599,823,5993,629
860Z200US92110,12296,629,5657,465,4218,406,1439,313,435,197,1004,230,6639,566,4702,451,1937,375
860Z200US92111,16911,668,10818,660,7732,614,3086,296,900,249,2186,250,6093,562,4232,524,1861,331
860Z200US92113,13719,596,10688,548,5720,478,4968,403,1302,233,3666,357,3031,408,2468,416,563,146
860Z200US92114,18293,558,15253,575,10086,592,5167,487,1533,281,3634,415,3040,391,2478,341,562,171
860Z200US92115,21271,871,11758,763,8060,712,3698,462,1072,299,2626,356,9513,711,5613,620,3900,444
860Z200US92116,16421,712,6346,553,4908,528,1438,233,446,175,992,185,10075,740,6409,543,3666,532
860Z200US92117,20750,840,13277,833,9348,715,3929,642,1115,294,2814,574,7473,576,4677,525,2796,411
860Z200US92118,6549,292,4654,215,3993,235,661,168,131,56,530,165,1895,296,1612,240,283,162
860Z200US92119,9311,475,5881,433,4662,387,1219,222,262,119,957,205,3430,428,2659,372,771,250
860Z200US92120,11882,682,7586,488,5971,409,1615,319,522,158,1093,302,4296,487,2955,393,1341,251
860Z200US92121,1658,150,913,125,834,121,79,37,38,27,41,27,745,132,397,112,348,97
860Z200US92122,19549,699,8842,709,7245,672,1597,330,580,230,1017,223,10707,610,5892,622,4815,506
860Z200US92123,12222,758,7836,791,5615,767,2221,403,858,281,1363,299,4386,400,2837,383,1549,298
860Z200US92124,11383,573,8136,551,6896,490,1240,340,283,134,957,301,3247,414,2234,371,1013,271
860Z200US92126,25122,753,18612,853,14404,740,4208,492,1853,455,2355,355,6510,475,3985,413,2525,334
860Z200US92127,15895,797,13403,938,11204,687,2199,667,592,295,1607,562,2492,560,1645,407,847,355
860Z200US92128,20428,684,13897,688,11597,646,2300,392,572,190,1728,379,6531,421,5438,399,1093,273
860Z200US92129,18040,624,14489,701,12054,683,2435,342,707,193,1728,329,3551,447,2475,337,1076,262
860Z200US92130,20810,845,16072,906,13615,783,2457,420,649,212,1808,379,4738,544,3613,520,1125,259
860Z200US92131,12623,494,9837,547,8775,551,1062,211,328,126,734,216,2786,432,2076,378,710,229
860Z200US92132,0,13,0,13,0,13,0,13,0,13,0,13,0,13,0,13,0,13
860Z200US92134,0,13,0,13,0,13,0,13,0,13,0,13,0,13,0,13,0,13
860Z200US92135,0,13,0,13,0,13,0,13,0,13,0,13,0,13,0,13,0,13
860Z200US92136,16,26,0,19,0,19,0,19,0,19,0,19,16,26,16,26,0,19
860Z200US92139,9960,421,7910,480,5113,451,2797,397,617,202,2180,394,2050,264,1546,231,504,160
860Z200US92140,0,13,0,13,0,13,0,13,0,13,0,13,0,13,0,13,0,13
860Z200US92145,0,13,0,13,0,13,0,13,0,13,0,13,0,13,0,13,0,13
860Z200US92147,0,13,0,13,0,13,0,13,0,13,0,13,0,13,0,13,0,13
860Z200US92154,23076,720,19030,669,13509,738,5521,517,1688,348,3833,417,4046,533,3159,491,887,220
860Z200US92155,0,13,0,13,0,13,0,13,0,13,0,13,0,13,0,13,0,13
860Z200US92161,0,13,0,13,0,13,0,13,0,13,0,13,0,13,0,13,0,13
860Z200US92173,7998,507,5996,438,3866,362,2130,350,396,111,1734,336,2002,424,1807,404,195,98
860Z200US92179,0,13,0,13,0,13,0,13,0,13,0,13,0,13,0,13,0,13
860Z200US92182,0,13,0,13,0,13,0,13,0,13,0,13,0,13,0,13,0,13
860Z200US92201,23790,1120,14889,868,10832,762,4057,582,1140,331,2917,457,8901,1005,8028,938,873,261
860Z200US92203,12109,571,8427,491,7101,508,1326,366,422,217,904,260,3682,525,3165,507,517,163
860Z200US92210,2581,152,1498,201,1340,206,158,109,0,13,158,109,1083,225,825,191,258,250
860Z200US92211,13181,813,7621,546,6264,522,1357,327,230,123,1127,325,5560,699,4289,546,1271,381
860Z200US92220,11788,402,8095,372,5301,469,2794,381,958,281,1836,269,3693,480,3057,451,636,206
860Z200US92222,0,13,0,13,0,13,0,13,0,13,0,13,0,13,0,13,0,13
860Z200US92223,19156,610,14797,435,10869,598,3928,491,1512,363,2416,392,4359,483,3498,500,861,207
860Z200US92225,5367,312,3834,236,2393,295,1441,214,351,135,1090,187,1533,249,1200,211,333,126
860Z200US92227,7839,399,5710,374,3457,387,2253,356,757,252,1496,331,2129,403,1772,373,357,200
860Z200US92230,719,168,446,157,257,132,189,121,6,9,183,120,273,159,173,137,100,90
860Z200US92231,9413,517,7225,387,4480,355,2745,370,530,202,2215,348,2188,512,2021,505,167,105
860Z200US92233,1151,201,844,142,503,166,341,100,79,55,262,105,307,190,286,190,21,25
860Z200US92234,18868,533,11797,386,8532,509,3265,362,943,219,2322,293,7071,480,5783,466,1288,196
860Z200US92236,13996,764,9719,473,6426,438,3293,389,1013,230,2280,322,4277,673,3933,678,344,140
860Z200US92239,120,73,100,74,98,73,2,3,0,13,2,3,20,17,14,13,6,10
860Z200US92240,14278,690,9257,410,5436,558,3821,489,1049,349,2772,421,5021,626,4201,590,820,236
860Z200US92241,3725,345,1970,296,1536,259,434,146,189,113,245,116,1755,269,1482,237,273,149
860Z200US92242,628,66,292,67,212,55,80,33,43,27,37,23,336,68,247,59,89,35
860Z200US92243,13520,547,10461,422,6696,494,3765,412,1148,272,2617,336,3059,431,2566,354,493,199
860Z200US92249,1834,281,1588,253,978,179,610,261,285,214,325,173,246,151,195,140,51,69
860Z200US92250,2073,271,1537,218,1118,211,419,150,154,91,265,111,536,198,500,192,36,38
860Z200US92251,6049,625,4747,445,3259,486,1488,391,374,217,1114,330,1302,461,997,392,305,200
860Z200US92252,3347,366,1665,300,1187,265,478,139,50,68,428,140,1682,304,1204,254,478,196
860Z200US92253,15371,821,10509,472,8389,466,2120,364,666,262,1454,276,4862,737,3972,707,890,237
860Z200US92254,3390,537,2137,421,1341,305,796,356,170,132,626,332,1253,398,1119,406,134,100
860Z200US92256,1559,190,785,165,566,136,219,113,72,65,147,93,774,150,606,138,168,77
860Z200US92257,587,242,195,90,82,44,113,85,48,54,65,64,392,244,384,244,8,13
860Z200US92258,208,74,98,61,58,46,40,55,17,27,23,36,110,53,89,50,21,19
860Z200US92259,145,94,72,54,72,54,0,13,0,13,0,13,73,76,69,76,4,7
860Z200US92260,14728,636,8108,424,6112,426,1996,369,497,201,1499,319,6620,634,5435,554,1185,297
860Z200US92262,13086,410,5569,371,4215,357,1354,230,446,169,908,147,7517,429,5876,411,1641,234
860Z200US92264,11234,397,4660,223,3756,221,904,163,348,92,556,120,6574,371,5147,385,1427,180
860Z200US92266,113,72,49,53,49,53,0,13,0,13,0,13,64,57,64,57,0,13
860Z200US92267,0,13,0,13,0,13,0,13,0,13,0,13,0,13,0,13,0,13
860Z200US92268,232,79,102,64,102,64,0,13,0,13,0,13,130,61,124,61,6,9
860Z200US92270,8735,321,4934,320,4427,323,507,133,175,86,332,105,3801,447,2908,403,893,223
860Z200US92273,373,133,334,125,154,82,180,100,75,59,105,79,39,46,39,46,0,13
860Z200US92274,5983,559,3388,373,2465,357,923,190,170,101,753,188,2595,516,2394,484,201,128
860Z200US92275,521,189,286,125,189,118,97,71,24,30,73,63,235,144,215,143,20,23
860Z200US92276,2835,456,1871,408,1369,405,502,153,91,99,411,115,964,242,857,239,107,71
860Z200US92277,10511,543,6663,399,5063,437,1600,325,550,239,1050,202,3848,458,3255,423,593,192
860Z200US92278,0,13,0,13,0,13,0,13,0,13,0,13,0,13,0,13,0,13
860Z200US92280,0,13,0,13,0,13,0,13,0,13,0,13,0,13,0,13,0,13
860Z200US92281,549,111,409,111,245,76,164,77,26,20,138,75,140,48,112,45,28,21
860Z200US92282,454,90,311,82,250,79,61,28,0,13,61,28,143,59,97,47,46,33
860Z200US92283,596,118,369,83,166,60,203,61,42,24,161,54,227,74,191,67,36,24
860Z200US92284,10451,490,5991,336,4038,409,1953,345,807,261,1146,255,4460,504,3248,456,1212,354
860Z200US92285,1081,177,561,151,367,138,194,97,142,81,52,49,520,139,408,113,112,75
860Z200US92301,9259,474,7399,389,4099,419,3300,439,985,285,2315,445,1860,362,1460,311,400,148
860Z200US92304,0,13,0,13,0,13,0,13,0,13,0,13,0,13,0,13,0,13
860Z200US92305,172,53,132,49,110,41,22,29,22,29,0,13,40,31,40,31,0,13
860Z200US92307,13326,503,9894,507,7659,481,2235,444,561,213,1674,382,3432,430,2512,412,920,315
860Z200US92308,14117,542,10215,567,7469,449,2746,383,1000,305,1746,312,3902,482,3148,385,754,252
860Z200US92309,216,89,137,68,85,64,52,28,14,16,38,23,79,53,67,48,12,21
860Z200US92310,2853,384,2105,378,1683,300,422,290,213,233,209,160,748,256,682,250,66,81
860Z200US92311,11935,559,7972,577,4332,448,3640,509,1063,261,2577,555,3963,518,3224,470,739,225
860Z200US92313,4652,330,3251,249,2029,260,1222,242,477,169,745,202,1401,349,1115,343,286,130
860Z200US92314,4372,409,2734,316,1911,242,823,213,362,129,461,175,1638,325,1328,312,310,120
860Z200US92315,2252,213,1371,145,1094,148,277,88,90,54,187,74,881,177,722,176,159,68
860Z200US92316,7877,616,6718,525,4639,544,2079,283,737,191,1342,255,1159,307,859,212,300,215
860Z200US92317,279,106,173,86,147,85,26,42,0,13,26,42,106,77,77,62,29,45
860Z200US92320,3767,207,2707,172,2233,183,474,167,167,99,307,121,1060,212,812,193,248,114
860Z200US92321,373,104,248,95,248,95,0,13,0,13,0,13,125,64,113,60,12,16
860Z200US92322,336,139,173,99,173,99,0,13,0,13,0,13,163,101,118,84,45,69
860Z200US92324,17896,616,13876,531,8403,577,5473,582,1848,420,3625,469,4020,499,3060,440,960,243
860Z200US92325,3359,408,2244,359,1611,318,633,175,180,108,453,147,1115,248,810,211,305,150
860Z200US92327,351,169,116,83,57,50,59,66,25,39,34,53,235,139,156,123,79,92
860Z200US92328,477,179,198,150,196,150,2,4,0,13,2,4,279,111,201,74,78,84
860Z200US92332,61,74,11,16,0,13,11,16,0,13,11,16,50,73,4,6,46,73
860Z200US92333,203,62,114,50,95,46,19,30,0,13,19,30,89,51,57,43,32,31
860Z200US92335,24907,678,20595,654,12528,577,8067,566,2447,353,5620,441,4312,452,3307,418,1005,200
860Z200US92336,27112,776,23843,819,17439,793,6404,729,1962,426,4442,613,3269,513,2268,493,1001,215
860Z200US92337,9618,490,8673,532,6438,509,2235,332,775,233,1460,284,945,213,744,174,201,100
860Z200US92338,0,13,0,13,0,13,0,13,0,13,0,13,0,13,0,13,0,13
860Z200US92339,433,151,235,106,164,52,71,89,16,22,55,86,198,119,102,42,96,106
860Z200US92341,145,66,114,60,114,60,0,13,0,13,0,13,31,25,26,24,5,8
860Z200US92342,2374,259,1780,278,1440,276,340,167,135,117,205,196,594,204,469,178,125,119
860Z200US92344,5761,469,4813,436,4000,451,813,218,363,181,450,172,948,343,564,256,384,237
860Z200US92345,25630,835,20185,655,13289,691,6896,611,2648,422,4248,636,5445,740,4154,635,1291,348
860Z200US92346,18015,676,14226,747,9283,657,4943,592,1836,400,3107,478,3789,503,2894,401,895,269
860Z200US92347,258,116,124,84,113,81,11,17,0,13,11,17,134,78,102,83,32,41
860Z200US92350,15,24,15,24,15,24,0,13,0,13,0,13,0,13,0,13,0,13
860Z200US92352,2308,354,1804,337,1572,339,232,104,116,79,116,68,504,142,390,134,114,66
860Z200US92354,8132,521,5395,372,4171,373,1224,281,353,146,871,248,2737,515,1943,386,794,283
860Z200US92356,2462,266,1568,273,1008,221,560,182,245,130,315,143,894,225,698,182,196,136
860Z200US92358,329,123,189,102,164,102,25,23,5,8,20,22,140,58,91,42,49,33
860Z200US92359,3261,391,2165,302,1646,318,519,137,140,77,379,119,1096,330,771,292,325,139
860Z200US92363,2218,169,1532,175,967,198,565,139,160,103,405,114,686,202,535,186,151,91
860Z200US92364,12,14,0,13,0,13,0,13,0,13,0,13,12,14,12,14,0,13
860Z200US92365,910,193,576,132,442,140,134,61,7,12,127,64,334,163,316,160,18,19
860Z200US92368,296,68,206,47,112,37,94,40,16,14,78,38,90,43,47,22,43,34
860Z200US92369,0,13,0,13,0,13,0,13,0,13,0,13,0,13,0,13,0,13
860Z200US92371,5789,525,4748,511,3263,390,1485,351,483,236,1002,286,1041,320,758,246,283,198
860Z200US92372,1827,245,1332,247,1042,253,290,155,103,86,187,128,495,242,430,227,65,81
860Z200US92373,13078,668,8368,599,6502,478,1866,542,463,166,1403,520,4710,522,3715,541,995,242
860Z200US92374,14590,574,10398,536,6913,460,3485,513,1047,277,2438,451,4192,551,2874,498,1318,336
860Z200US92376,22026,771,17936,701,11159,654,6777,610,2399,452,4378,511,4090,530,3199,500,891,173
860Z200US92377,5337,360,4868,390,3459,346,1409,311,408,184,1001,250,469,126,403,114,66,51
860Z200US92378,164,75,128,69,109,63,19,21,12,19,7,10,36,32,36,32,0,13
860Z200US92382,1914,200,1310,195,1020,176,290,106,82,62,208,100,604,123,516,120,88,68
860Z200US92384,16,19,9,15,9,15,0,13,0,13,0,13,7,11,7,11,0,13
860Z200US92385,101,45,55,37,55,37,0,13,0,13,0,13,46,26,36,24,10,16
860Z200US92386,914,181,497,131,375,124,122,83,40,44,82,71,417,163,273,134,144,90
860Z200US92389,111,49,52,39,35,34,17,18,11,17,6,7,59,32,50,29,9,13
860Z200US92391,927,262,660,237,436,220,224,172,159,165,65,71,267,115,222,111,45,52
860Z200US92392,16786,774,14061,750,9466,825,4595,629,1516,359,3079,566,2725,467,1991,393,734,332
860Z200US92394,9657,672,7915,688,5266,721,2649,492,621,238,2028,427,1742,393,1459,360,283,155
860Z200US92395,15343,739,10849,569,6495,599,4354,554,1075,305,3279,518,4494,653,3668,673,826,248
860Z200US92397,2319,307,1501,308,1390,299,111,83,63,64,48,54,818,250,666,225,152,93
860Z200US92398,652,309,245,128,206,123,39,49,12,20,27,44,407,288,312,287,95,84
860Z200US92399,18926,683,14196,575,11018,502,3178,501,957,286,2221,433,4730,611,4166,565,564,213
860Z200US92401,720,129,391,109,130,65,261,107,70,62,191,87,329,94,265,86,64,59
860Z200US92404,18914,860,14097,768,7733,494,6364,623,2165,440,4199,538,4817,595,3405,415,1412,417
860Z200US92405,9377,585,6779,519,3530,382,3249,496,753,219,2496,452,2598,421,2011,385,587,248
860Z200US92407,17625,648,14006,702,8873,604,5133,548,1888,379,3245,417,3619,447,2821,419,798,212
860Z200US92408,3721,354,2608,302,1649,264,959,203,317,143,642,170,1113,229,862,219,251,117
860Z200US92410,13378,547,10040,545,5713,497,4327,423,1572,305,2755,290,3338,377,2704,337,634,192
860Z200US92411,6594,415,5254,410,3090,364,2164,307,509,131,1655,299,1340,223,944,179,396,159
860Z200US92415,0,13,0,13,0,13,0,13,0,13,0,13,0,13,0,13,0,13
860Z200US92501,6798,453,4480,489,2495,299,1985,460,502,175,1483,394,2318,347,1545,280,773,222
860Z200US92503,24503,724,19885,717,13689,721,6196,576,2062,334,4134,490,4618,490,3625,451,993,238
860Z200US92504,15843,797,11822,797,8107,666,3715,494,1244,325,2471,392,4021,495,2849,422,1172,277
860Z200US92505,14324,542,11347,470,7757,523,3590,331,1121,185,2469,342,2977,369,2031,306,946,193
860Z200US92506,14639,748,11083,670,8641,649,2442,434,730,249,1712,351,3556,557,2780,477,776,221
860Z200US92507,17561,663,10648,518,6775,569,3873,480,1201,282,2672,440,6913,564,4478,463,2435,409
860Z200US92508,10031,502,8882,481,7274,494,1608,257,585,164,1023,212,1149,318,952,330,197,90
860Z200US92509,19370,497,16093,467,10660,593,5433,498,1848,429,3585,414,3277,322,2256,280,1021,189
860Z200US92518,493,143,194,65,181,65,13,23,0,13,13,23,299,141,199,70,100,125
860Z200US92521,0,13,0,13,0,13,0,13,0,13,0,13,0,13,0,13,0,13
860Z200US92530,16620,716,12754,583,9258,689,3496,441,1037,260,2459,357,3866,556,2997,505,869,236
860Z200US92532,7928,567,6607,528,4932,551,1675,402,523,215,1152,379,1321,323,934,276,387,204
860Z200US92536,1040,189,738,181,628,158,110,88,46,41,64,84,302,158,290,159,12,27
860Z200US92539,1369,224,792,159,670,172,122,73,45,51,77,41,577,180,435,173,142,90
860Z200US92543,13473,827,8976,676,5104,655,3872,480,1212,275,2660,435,4497,594,3507,532,990,274
860Z200US92544,16194,710,12246,695,8412,750,3834,398,855,190,2979,376,3948,309,3134,295,814,223
860Z200US92545,15700,734,10438,586,7754,598,2684,369,810,263,1874,307,5262,595,4325,529,937,311
860Z200US92548,2159,431,1500,362,1085,393,415,163,141,104,274,125,659,211,471,179,188,113
860Z200US92549,1440,204,799,163,657,151,142,66,37,39,105,53,641,154,565,133,76,52
860Z200US92551,8349,378,7569,407,4770,378,2799,319,920,227,1879,295,780,175,518,142,262,116
860Z200US92553,19372,707,16145,702,9807,614,6338,485,1912,326,4426,457,3227,424,2363,350,864,223
860Z200US92555,11570,560,9832,540,7261,505,2571,430,823,218,1748,346,1738,318,1086,263,652,197
860Z200US92557,14864,588,12059,563,7628,487,4431,517,1252,249,3179,431,2805,294,2018,270,787,193
860Z200US92561,729,153,490,139,364,126,126,92,69,75,57,70,239,109,235,108,4,12
860Z200US92562,20620,694,16148,635,12590,627,3558,451,958,273,2600,357,4472,539,3685,504,787,231
860Z200US92563,22250,860,18319,815,15148,746,3171,603,1104,321,2067,526,3931,627,2880,546,1051,297
860Z200US92567,2703,266,2255,262,1795,254,460,180,167,87,293,163,448,120,274,111,174,77
860Z200US92570,14325,684,12027,672,8700,659,3327,481,1184,267,2143,462,2298,369,1865,314,433,178
860Z200US92571,13832,601,12379,567,8738,594,3641,539,1235,374,2406,452,1453,332,1004,308,449,168
860Z200US92582,5228,411,4520,394,3458,376,1062,256,442,168,620,219,708,254,369,152,339,214
860Z200US92583,9495,575,6946,427,4262,471,2684,428,858,271,1826,353,2549,360,2001,317,548,192
860Z200US92584,15884,742,13523,645,11193,659,2330,309,928,223,1402,242,2361,362,1774,289,587,195
860Z200US92585,7448,503,6318,511,4806,484,1512,379,477,280,1035,251,1130,274,831,226,299,159
860Z200US92586,9096,586,4891,455,3567,408,1324,321,177,80,1147,311,4205,428,3617,422,588,208
860Z200US92587,6207,454,4720,377,3687,353,1033,291,264,127,769,273,1487,300,1131,291,356,167
860Z200US92590,1962,230,1328,212,909,185,419,135,129,77,290,121,634,257,507,232,127,84
860Z200US92591,13641,526,10382,620,8417,622,1965,286,591,169,1374,227,3259,498,2477,448,782,222
860Z200US92592,24778,683,20728,762,17021,777,3707,458,1146,296,2561,352,4050,498,2985,396,1065,308
860Z200US92595,10136,378,8377,261,6366,411,2011,333,827,252,1184,247,1759,321,1286,277,473,168
860Z200US92596,9417,529,8145,548,6187,519,1958,408,681,236,1277,310,1272,362,634,215,638,313
860Z200US92602,9405,669,6611,563,4905,516,1706,521,576,293,1130,380,2794,676,2125,596,669,310
860Z200US92603,7267,531,5067,494,4352,505,715,243,213,112,502,232,2200,409,1352,256,848,344
860Z200US92604,10364,637,7356,555,5840,532,1516,369,446,144,1070,349,3008,492,2120,460,888,242
860Z200US92606,9026,843,5754,606,4508,515,1246,334,386,167,860,296,3272,624,2265,543,1007,333
860Z200US92610,4555,458,3734,440,3291,453,443,143,165,85,278,112,821,310,577,269,244,121
860Z200US92612,14404,620,6530,581,4856,539,1674,309,570,275,1104,229,7874,697,4489,555,3385,527
860Z200US92614,11626,855,6800,549,4980,484,1820,507,492,170,1328,455,4826,771,3198,687,1628,473
860Z200US92617,4358,367,1888,350,1570,359,318,172,45,47,273,168,2470,334,815,266,1655,324
860Z200US92618,22546,894,14290,826,11383,771,2907,495,1162,329,1745,393,8256,797,6105,640,2151,433
860Z200US92620,21469,1133,16718,975,13322,967,3396,550,999,329,2397,416,4751,757,3524,584,1227,426
860Z200US92624,2731,242,1814,241,1428,227,386,163,174,122,212,103,917,222,711,210,206,124
860Z200US92625,5807,470,3304,381,2678,322,626,254,199,170,427,199,2503,353,2001,344,502,168
860Z200US92626,19313,608,11558,571,8675,568,2883,447,1137,272,1746,345,7755,668,5036,584,2719,439
860Z200US92627,22380,731,12947,592,8981,569,3966,511,1328,300,2638,423,9433,673,6082,572,3351,423
860Z200US92629,11446,451,7389,352,6049,395,1340,298,385,190,955,258,4057,456,3267,415,790,204
860Z200US92630,23337,568,16391,523,13253,573,3138,356,907,206,2231,280,6946,604,5071,607,1875,298
860Z200US92637,11932,323,4184,281,3647,316,537,142,131,81,406,131,7748,543,7006,599,742,219
860Z200US92646,21493,831,14928,624,11663,591,3265,487,1151,337,2114,371,6565,710,5371,641,1194,291
860Z200US92647,21287,648,14075,623,9712,489,4363,462,1410,353,2953,356,7212,565,4922,471,2290,457
860Z200US92648,19968,747,10866,635,8303,464,2563,462,805,248,1758,374,9102,783,6471,680,2631,429
860Z200US92649,14589,536,9389,595,7505,678,1884,290,693,221,1191,255,5200,461,3804,446,1396,338
860Z200US92651,11106,407,6660,399,5827,403,833,214,359,166,474,139,4446,514,3650,441,796,191
860Z200US92653,10772,458,7648,301,6201,439,1447,342,394,151,1053,305,3124,463,2410,424,714,228
860Z200US92655,2510,349,1778,306,1080,247,698,186,298,121,400,151,732,215,643,176,89,106
860Z200US92656,20053,530,13552,393,10662,475,2890,388,863,237,2027,312,6501,642,5118,571,1383,310
860Z200US92657,3584,309,2594,297,2124,288,470,195,102,100,368,162,990,269,731,230,259,158
860Z200US92660,15676,705,9478,542,7815,561,1663,366,506,187,1157,306,6198,648,5049,636,1149,256
860Z200US92661,1708,399,1096,338,953,328,143,74,27,38,116,69,612,219,488,216,124,98
860Z200US92662,1173,188,647,155,459,114,188,133,43,29,145,131,526,151,414,111,112,104
860Z200US92663,10702,697,4756,515,3834,436,922,290,391,172,531,273,5946,651,4253,546,1693,403
860Z200US92672,14940,788,9527,674,7961,654,1566,244,453,149,1113,230,5413,639,4025,588,1388,286
860Z200US92673,9649,379,8082,370,7174,399,908,256,199,99,709,222,1567,296,964,235,603,228
860Z200US92675,11769,498,8675,401,7223,441,1452,388,418,184,1034,373,3094,457,2557,435,537,167
860Z200US92676,726,78,503,79,395,87,108,50,19,17,89,42,223,73,172,61,51,29
860Z200US92677,25239,592,17790,441,14449,528,3341,447,809,234,2532,411,7449,635,5787,575,1662,265
860Z200US92678,247,63,141,41,124,44,17,13,0,13,17,13,106,54,57,33,49,44
860Z200US92679,10410,510,9037,544,8043,490,994,219,382,166,612,140,1373,252,1179,243,194,67
860Z200US92683,27692,693,21525,607,15640,667,5885,557,1942,334,3943,435,6167,540,4964,530,1203,247
860Z200US92688,15637,612,11628,482,9617,410,2011,336,544,195,1467,270,4009,648,3131,519,878,307
860Z200US92691,16295,717,12557,553,10522,557,2035,279,751,198,1284,243,3738,452,2805,369,933,254
860Z200US92692,16680,509,12750,470,11114,502,1636,296,576,166,1060,261,3930,426,3238,371,692,178
860Z200US92694,11538,514,9488,509,7789,493,1699,368,520,204,1179,313,2050,388,1854,384,196,116
860Z200US92697,0,13,0,13,0,13,0,13,0,13,0,13,0,13,0,13,0,13
860Z200US92701,12741,557,9837,461,6352,434,3485,399,942,226,2543,321,2904,439,2101,402,803,255
860Z200US92703,13524,638,11636,525,7641,470,3995,435,1484,277,2511,332,1888,398,1469,378,419,133
860Z200US92704,19931,560,15863,558,10574,512,5289,423,2116,322,3173,324,4068,412,2622,355,1446,293
860Z200US92705,15310,757,11951,686,9552,775,2399,404,912,239,1487,283,3359,388,2579,344,780,230
860Z200US92706,10019,587,8141,573,5977,588,2164,313,494,141,1670,295,1878,278,1444,249,434,162
860Z200US92707,14062,668,11562,677,7974,640,3588,453,1135,272,2453,369,2500,339,1566,304,934,214
860Z200US92708,18906,675,13767,400,10789,486,2978,359,1152,271,1826,247,5139,641,3783,571,1356,299
860Z200US92780,17342,633,12658,509,8742,550,3916,425,986,224,2930,427,4684,498,3250,470,1434,272
860Z200US92782,11041,683,8059,709,6333,715,1726,518,753,318,973,392,2982,509,2311,449,671,246
860Z200US92801,18780,798,13943,743,8613,595,5330,505,1477,331,3853,456,4837,549,3371,447,1466,319
860Z200US92802,12149,734,9114,634,5892,586,3222,432,1186,253,2036,368,3035,519,2339,506,696,153
860Z200US92804,24586,922,17634,790,11828,569,5806,561,1924,357,3882,483,6952,667,5140,622,1812,380
860Z200US92805,20917,881,15183,725,9675,589,5508,633,1965,475,3543,522,5734,665,4039,597,1695,313
860Z200US92806,12550,595,8818,553,6463,527,2355,387,795,213,1560,327,3732,428,2535,382,1197,264
860Z200US92807,12389,459,9186,511,7145,437,2041,356,741,216,1300,304,3203,319,2514,303,689,213
860Z200US92808,7721,538,5545,466,4599,412,946,250,395,151,551,211,2176,471,1796,390,380,295
860Z200US92821,14658,498,10646,428,8307,488,2339,363,472,156,1867,332,4012,542,3078,490,934,249
860Z200US92823,1796,294,1564,283,1195,232,369,202,93,84,276,199,232,100,157,78,75,65
860Z200US92831,12732,427,7559,453,5484,397,2075,308,661,200,1414,274,5173,417,3118,342,2055,371
860Z200US92832,8403,371,5568,455,3866,432,1702,394,588,291,1114,252,2835,337,2016,293,819,204
860Z200US92833,16402,601,12948,564,9811,548,3137,439,1061,220,2076,391,3454,456,2389,416,1065,289
860Z200US92835,9321,436,6935,472,5901,510,1034,249,302,152,732,212,2386,377,2036,325,350,144
860Z200US92840,15588,686,11920,639,8114,620,3806,484,927,182,2879,420,3668,337,2564,317,1104,196
860Z200US92841,9598,444,7268,427,4794,321,2474,338,953,208,1521,284,2330,298,1848,266,482,136
860Z200US92843,11719,463,9555,521,6483,503,3072,312,960,194,2112,257,2164,296,1459,243,705,191
860Z200US92844,6735,387,5250,400,3084,320,2166,344,915,254,1251,218,1485,260,1132,222,353,137
860Z200US92845,5435,284,4072,238,3199,266,873,171,289,97,584,130,1363,203,1210,190,153,96
860Z200US92860,6953,257,5737,252,4646,303,1091,207,425,130,666,168,1216,174,923,162,293,101
860Z200US92861,1926,158,1657,139,1509,156,148,67,62,52,86,46,269,97,216,83,53,39
860Z200US92865,6983,449,5047,354,3840,313,1207,239,434,158,773,193,1936,382,1119,335,817,279
860Z200US92866,5534,386,3086,315,2086,282,1000,298,296,138,704,268,2448,378,1925,348,523,151
860Z200US92867,13203,490,10144,454,7890,405,2254,268,779,199,1475,217,3059,383,2202,293,857,195
860Z200US92868,8354,554,5283,475,3457,407,1826,394,551,228,1275,344,3071,423,1963,375,1108,233
860Z200US92869,11497,598,8844,471,7193,510,1651,253,510,171,1141,163,2653,433,1930,410,723,143
860Z200US92870,16982,448,12998,395,9755,416,3243,375,999,224,2244,376,3984,485,3053,393,931,239
860Z200US92879,14040,585,11184,560,7687,554,3497,412,1006,257,2491,329,2856,424,2233,351,623,203
860Z200US92880,19333,707,16989,696,14358,710,2631,289,746,225,1885,309,2344,397,1861,355,483,205
860Z200US92881,9204,491,8106,497,6456,413,1650,351,451,227,1199,282,1098,223,921,226,177,117
860Z200US92882,19761,625,16241,687,12533,699,3708,442,1231,278,2477,332,3520,356,2709,322,811,227
860Z200US92883,11817,788,9258,640,7719,570,1539,342,486,181,1053,276,2559,530,2129,520,430,186
860Z200US92886,16715,423,13373,417,11517,461,1856,333,737,290,1119,193,3342,454,2840,421,502,165
860Z200US92887,7098,368,5900,382,5099,351,801,178,334,99,467,149,1198,197,965,167,233,105
860Z200US93001,12755,578,7225,472,4926,375,2299,359,561,184,1738,347,5530,702,4277,638,1253,253
860Z200US93003,20087,638,12822,551,9523,549,3299,446,1204,286,2095,390,7265,511,5643,548,1622,292
860Z200US93004,11119,468,7963,477,6569,496,1394,238,490,195,904,187,3156,356,2362,371,794,215
860Z200US93010,16379,604,11625,568,9289,540,2336,346,674,161,1662,310,4754,468,3842,373,912,235
860Z200US93012,13471,480,9063,593,7334,495,1729,455,263,107,1466,439,4408,524,3188,364,1220,342
860Z200US93013,6296,470,3998,296,3345,315,653,198,270,157,383,122,2298,412,1970,385,328,120
860Z200US93015,5659,406,4372,303,3022,333,1350,334,441,315,909,248,1287,338,938,293,349,135
860Z200US93021,11844,365,9541,361,7989,423,1552,243,713,216,839,149,2303,356,1746,306,557,178
860Z200US93022,2159,199,1491,164,1245,171,246,82,102,68,144,60,668,191,456,158,212,110
860Z200US93023,8389,517,5360,440,4109,439,1251,273,384,161,867,238,3029,436,2491,393,538,178
860Z200US93030,15040,578,11987,502,7937,604,4050,447,1370,293,2680,393,3053,396,1991,371,1062,222
860Z200US93033,16851,489,14881,524,9629,484,5252,385,1883,304,3369,304,1970,263,1374,216,596,156
860Z200US93035,9137,589,6417,636,4785,416,1632,488,634,347,998,329,2720,340,2124,352,596,189
860Z200US93036,13763,591,10373,618,6732,492,3641,527,1163,372,2478,397,3390,454,2283,383,1107,324
860Z200US93040,529,98,454,85,333,82,121,65,50,49,71,42,75,42,54,35,21,23
860Z200US93041,7430,459,5329,377,3374,399,1955,374,555,264,1400,368,2101,365,1645,310,456,154
860Z200US93042,0,13,0,13,0,13,0,13,0,13,0,13,0,13,0,13,0,13
860Z200US93043,0,13,0,13,0,13,0,13,0,13,0,13,0,13,0,13,0,13
860Z200US93060,10103,508,7737,375,5437,418,2300,294,696,158,1604,279,2366,392,2020,363,346,147
860Z200US93063,19936,838,14284,645,11166,600,3118,385,979,221,2139,386,5652,633,4283,528,1369,296
860Z200US93064,0,13,0,13,0,13,0,13,0,13,0,13,0,13,0,13,0,13
860Z200US93065,25047,781,17275,716,13351,705,3924,414,1232,276,2692,372,7772,765,5918,702,1854,359
860Z200US93066,1024,139,831,144,749,140,82,53,25,30,57,45,193,76,139,62,54,42
860Z200US93067,418,148,229,121,194,115,35,53,35,53,0,13,189,108,162,105,27,45
860Z200US93101,12401,575,5591,475,3464,365,2127,427,911,370,1216,266,6810,506,4590,422,2220,405
860Z200US93103,7523,538,4777,524,3173,400,1604,375,513,184,1091,392,2746,439,2072,393,674,223
860Z200US93105,10783,587,6222,411,5342,419,880,196,417,163,463,146,4561,469,3337,460,1224,267
860Z200US93106,24,33,5,7,5,7,0,19,0,19,0,19,19,32,0,19,19,32
860Z200US93108,4581,406,2936,314,2566,283,370,142,59,33,311,138,1645,282,1344,274,301,111
860Z200US93109,4587,292,2609,237,2056,257,553,189,278,130,275,131,1978,270,1215,248,763,182
860Z200US93110,6508,515,3866,411,3045,375,821,234,106,60,715,234,2642,322,2077,321,565,161
860Z200US93111,6304,447,4377,394,3628,388,749,166,247,90,502,143,1927,260,1341,232,586,194
860Z200US93117,17009,577,8199,421,6258,426,1941,312,429,143,1512,323,8810,601,3948,449,4862,471
860Z200US93201,298,78,238,74,191,75,47,22,14,13,33,19,60,25,49,21,11,13
860Z200US93202,1021,190,834,185,596,161,238,145,66,100,172,77,187,87,155,81,32,50
860Z200US93203,4842,198,4350,182,2895,206,1455,214,403,135,1052,195,492,121,394,122,98,62
860Z200US93204,3067,276,2618,261,1689,328,929,228,388,184,541,162,449,210,449,210,0,21
860Z200US93205,897,237,635,216,504,169,131,103,77,87,54,52,262,121,228,114,34,39
860Z200US93206,481,92,380,89,252,76,128,61,33,30,95,49,101,42,101,42,0,13
860Z200US93207,85,46,74,42,50,33,24,23,9,15,15,17,11,14,11,14,0,13
860Z200US93208,105,103,23,34,23,34,0,13,0,13,0,13,82,99,82,99,0,13
860Z200US93210,4619,285,3515,216,2244,244,1271,242,433,144,838,229,1104,231,924,227,180,101
860Z200US93212,4540,314,3608,279,1954,289,1654,282,242,91,1412,297,932,243,741,224,191,112
860Z200US93215,12328,639,10404,520,7408,536,2996,414,789,245,2207,351,1924,400,1584,344,340,180
860Z200US93218,151,53,130,50,79,37,51,35,6,10,45,33,21,18,21,18,0,13
860Z200US93219,2427,235,1974,259,1174,208,800,244,174,85,626,224,453,149,404,146,49,52
860Z200US93220,0,13,0,13,0,13,0,13,0,13,0,13,0,13,0,13,0,13
860Z200US93221,4661,360,3493,258,2270,266,1223,209,431,157,792,163,1168,295,1065,291,103,52
860Z200US93222,1050,260,595,227,557,220,38,62,38,62,0,13,455,140,373,138,82,67
860Z200US93223,2763,256,2239,196,1263,183,976,257,273,124,703,198,524,171,390,147,134,91
860Z200US93224,158,35,121,28,74,24,47,21,19,14,28,15,37,22,31,20,6,5
860Z200US93225,2062,244,1236,267,931,272,305,135,61,73,244,123,826,186,681,185,145,101
860Z200US93226,35,25,12,15,12,15,0,13,0,13,0,13,23,18,14,14,9,11
860Z200US93227,74,82,42,65,0,13,42,65,0,13,42,65,32,55,0,13,32,55
860Z200US93230,21942,502,16498,554,11146,614,5352,519,1876,345,3476,422,5444,500,4251,505,1193,254
860Z200US93234,1690,181,1404,170,1001,211,403,146,114,92,289,124,286,147,239,140,47,57
860Z200US93235,1253,286,1053,301,445,167,608,323,334,302,274,142,200,108,126,61,74,87
860Z200US93237,67,61,27,25,27,25,0,13,0,13,0,13,40,61,40,61,0,13
860Z200US93238,400,162,154,128,154,128,0,13,0,13,0,13,246,138,211,128,35,54
860Z200US93239,525,268,394,214,325,212,69,58,0,13,69,58,131,157,117,158,14,23
860Z200US93240,2446,404,1527,378,970,292,557,262,121,77,436,272,919,200,852,196,67,73
860Z200US93241,4387,350,3737,310,2216,318,1521,297,375,149,1146,266,650,255,536,230,114,80
860Z200US93242,925,198,581,117,439,109,142,71,27,32,115,62,344,161,329,160,15,22
860Z200US93243,504,193,369,192,300,203,69,82,6,10,63,81,135,75,99,63,36,37
860Z200US93244,62,41,38,32,38,32,0,13,0,13,0,13,24,28,24,28,0,13
860Z200US93245,11788,464,9060,508,6328,564,2732,491,945,361,1787,346,2728,420,2079,373,649,196
860Z200US93246,0,13,0,13,0,13,0,13,0,13,0,13,0,13,0,13,0,13
860Z200US93247,5309,466,4022,344,2738,368,1284,300,454,179,830,259,1287,322,1044,305,243,132
860Z200US93249,541,64,392,54,297,53,95,45,34,32,61,30,149,53,113,53,36,19
860Z200US93250,3600,290,3037,244,1899,294,1138,214,219,107,919,208,563,179,529,175,34,36
860Z200US93251,80,28,71,26,51,21,20,12,3,4,17,12,9,7,8,6,1,4
860Z200US93252,622,83,446,68,363,69,83,33,8,10,75,33,176,53,106,38,70,50
860Z200US93254,329,68,202,54,131,44,71,42,33,29,38,33,127,49,86,45,41,28
860Z200US93255,419,161,232,129,112,80,120,104,101,113,19,31,187,134,33,39,154,130
860Z200US93256,1452,203,1211,193,879,201,332,147,97,70,235,122,241,107,196,97,45,49
860Z200US93257,23692,775,18028,708,11659,736,6369,722,2241,484,4128,535,5664,603,4683,550,981,297
860Z200US93258,374,82,210,64,143,61,67,50,2,3,65,49,164,77,103,65,61,45
860Z200US93260,77,40,41,26,41,26,0,13,0,13,0,13,36,25,34,25,2,4
860Z200US93261,529,64,428,60,233,57,195,62,35,32,160,56,101,40,80,39,21,23
860Z200US93262,0,13,0,13,0,13,0,13,0,13,0,13,0,13,0,13,0,13
860Z200US93263,5914,310,4955,282,3412,313,1543,270,636,205,907,195,959,302,810,286,149,83
860Z200US93265,1192,188,819,184,715,178,104,66,61,46,43,46,373,132,347,131,26,31
860Z200US93266,369,131,346,126,124,74,222,104,108,91,114,69,23,35,0,13,23,35
860Z200US93267,1664,209,1289,246,958,259,331,152,122,102,209,107,375,147,328,137,47,44
860Z200US93268,5692,456,3880,365,2373,371,1507,405,694,350,813,252,1812,441,1515,406,297,203
860Z200US93270,1644,188,1368,193,754,195,614,198,377,184,237,104,276,92,255,87,21,21
860Z200US93271,1200,252,716,225,503,106,213,219,185,219,28,15,484,101,421,99,63,38
860Z200US93272,1117,176,970,161,711,143,259,91,100,81,159,58,147,109,68,45,79,100
860Z200US93274,22523,672,18496,635,11882,729,6614,613,2217,381,4397,514,4027,489,3049,430,978,244
860Z200US93276,55,22,35,20,9,7,26,19,11,12,15,14,20,14,20,14,0,13
860Z200US93277,18525,787,13401,719,8934,669,4467,557,1150,305,3317,456,5124,455,3817,398,1307,275
860Z200US93280,6387,517,5283,462,3485,476,1798,332,745,242,1053,264,1104,269,1064,261,40,33
860Z200US93283,1172,282,805,300,359,159,446,271,246,164,200,218,367,142,251,117,116,78
860Z200US93285,1328,229,698,212,396,174,302,131,26,27,276,135,630,232,524,197,106,117
860Z200US93286,2916,257,2448,203,1782,237,666,157,220,87,446,142,468,167,389,124,79,78
860Z200US93287,59,28,25,14,19,12,6,7,0,13,6,7,34,25,12,13,22,22
860Z200US93291,18443,826,14111,788,10205,828,3906,613,1478,425,2428,400,4332,700,3596,685,736,220
860Z200US93292,13868,724,10911,750,7325,736,3586,487,1410,354,2176,377,2957,495,2343,453,614,211
860Z200US93301,5434,442,2791,394,1235,285,1556,362,418,185,1138,304,2643,288,2148,239,495,229
860Z200US93304,15205,743,10720,562,5439,417,5281,524,1877,290,3404,451,4485,612,3626,589,859,248
860Z200US93305,11081,531,7891,548,3946,381,3945,496,1023,267,2922,464,3190,361,2588,345,602,200
860Z200US93306,22116,762,16717,844,11002,769,5715,623,2113,429,3602,502,5399,532,4459,489,940,223
860Z200US93307,23152,766,18690,715,11259,639,7431,692,2199,429,5232,678,4462,672,3283,491,1179,444
860Z200US93308,19913,804,12890,826,8468,618,4422,719,1653,547,2769,466,7023,707,5563,668,1460,260
860Z200US93309,22145,779,14776,778,8685,685,6091,599,1920,423,4171,529,7369,598,5682,559,1687,345
860Z200US93311,16105,806,12694,830,10157,694,2537,624,924,337,1613,542,3411,501,2805,487,606,195
860Z200US93312,18163,800,14765,745,11637,754,3128,488,975,269,2153,444,3398,394,2707,335,691,245
860Z200US93313,16200,913,14281,942,10566,958,3715,670,830,302,2885,588,1919,395,1300,267,619,281
860Z200US93314,10803,683,8774,756,7317,672,1457,355,638,224,819,284,2029,383,1587,380,442,182
860Z200US93401,12794,532,6356,372,5103,297,1253,230,432,123,821,189,6438,499,4269,441,2169,300
860Z200US93402,6394,427,4201,319,3422,344,779,177,285,123,494,141,2193,423,1686,411,507,162
860Z200US93405,8439,473,2811,310,1956,251,855,261,380,197,475,186,5628,432,1921,312,3707,326
860Z200US93407,0,13,0,13,0,13,0,13,0,13,0,13,0,13,0,13,0,13
860Z200US93408,0,13,0,13,0,13,0,13,0,13,0,13,0,13,0,13,0,13
860Z200US93409,0,13,0,13,0,13,0,13,0,13,0,13,0,13,0,13,0,13
860Z200US93410,0,19,0,19,0,19,0,19,0,19,0,19,0,19,0,19,0,19
860Z200US93420,12470,690,9050,560,7525,538,1525,334,507,187,1018,308,3420,532,2851,480,569,226
860Z200US93422,13275,461,9177,439,7115,414,2062,367,903,295,1159,259,4098,550,3349,516,749,191
860Z200US93424,551,211,391,216,329,213,62,72,0,13,62,72,160,102,160,102,0,13
860Z200US93426,572,112,395,91,332,84,63,35,20,12,43,36,177,60,145,58,32,26
860Z200US93427,2251,199,1815,158,1298,229,517,208,154,101,363,180,436,169,395,158,41,35
860Z200US93428,2876,267,1726,194,1575,188,151,60,46,41,105,51,1150,232,994,233,156,81
860Z200US93429,51,45,15,24,15,24,0,13,0,13,0,13,36,42,36,42,0,13
860Z200US93430,1442,239,875,176,762,170,113,56,27,27,86,46,567,163,401,126,166,109
860Z200US93432,525,156,432,147,361,137,71,84,71,84,0,13,93,91,71,87,22,26
860Z200US93433,5140,313,3280,261,2157,278,1123,329,379,211,744,299,1860,345,1497,313,363,163
860Z200US93434,2080,141,1811,133,1174,192,637,166,289,120,348,137,269,107,229,100,40,46
860Z200US93436,18132,587,12796,508,8687,557,4109,547,1469,416,2640,335,5336,519,4345,431,991,242
860Z200US93437,1190,179,1002,180,916,186,86,41,43,30,43,28,188,77,152,76,36,20
860Z200US93440,424,146,237,125,140,108,97,83,0,13,97,83,187,109,187,109,0,13
860Z200US93441,421,88,335,92,303,89,32,25,0,13,32,25,86,42,72,39,14,18
860Z200US93442,5123,361,2947,218,2289,220,658,152,252,104,406,124,2176,381,1801,360,375,136
860Z200US93444,7579,521,5760,477,4577,495,1183,278,308,130,875,276,1819,333,1328,304,491,162
860Z200US93445,2829,430,1544,247,1085,239,459,176,121,107,338,153,1285,412,1145,413,140,87
860Z200US93446,17486,693,11870,510,9407,436,2463,429,685,280,1778,375,5616,594,4496,594,1120,261
860Z200US93449,4113,232,2197,237,1796,238,401,179,140,85,261,135,1916,329,1438,279,478,248
860Z200US93450,225,81,203,78,104,69,99,46,72,39,27,25,22,26,7,10,15,24
860Z200US93451,1550,233,1221,219,966,192,255,134,133,125,122,69,329,128,270,121,59,43
860Z200US93452,170,84,44,36,44,36,0,13,0,13,0,13,126,83,126,83,0,13
860Z200US93453,1072,388,735,252,637,245,98,69,43,44,55,55,337,306,307,306,30,37
860Z200US93454,11611,453,8630,433,5853,426,2777,426,1061,228,1716,359,2981,313,2376,261,605,210
860Z200US93455,15609,556,11822,547,9120,641,2702,412,992,234,1710,325,3787,419,3081,406,706,183
860Z200US93458,13893,449,11871,473,6978,506,4893,445,1849,335,3044,394,2022,312,1627,284,395,155
860Z200US93460,2386,232,1570,252,1259,220,311,143,236,138,75,44,816,209,660,186,156,104
860Z200US93461,453,145,293,106,241,101,52,40,31,38,21,21,160,86,64,31,96,81
860Z200US93463,3321,349,2122,179,1699,219,423,146,92,94,331,110,1199,343,761,280,438,218
860Z200US93465,3762,462,3002,434,2244,404,758,263,155,147,603,235,760,213,568,180,192,116
860Z200US93501,2022,256,1153,253,901,255,252,117,109,96,143,87,869,191,738,196,131,77
860Z200US93505,4509,321,2965,274,1873,312,1092,284,454,200,638,190,1544,369,1347,313,197,123
860Z200US93510,2418,212,1833,204,1563,205,270,104,104,67,166,67,585,158,481,162,104,62
860Z200US93512,152,76,122,82,22,25,100,81,48,67,52,30,30,30,30,30,0,13
860Z200US93513,693,105,341,77,236,67,105,42,37,23,68,30,352,101,277,91,75,48
860Z200US93514,5939,257,3594,247,2649,227,945,217,158,99,787,206,2345,269,1923,285,422,159
860Z200US93516,998,237,494,84,371,74,123,47,60,42,63,30,504,232,362,192,142,123
860Z200US93517,225,104,146,95,137,95,9,9,2,5,7,7,79,57,79,57,0,13
860Z200US93518,418,80,260,66,212,65,48,31,0,13,48,31,158,56,150,55,8,7
860Z200US93519,0,13,0,13,0,13,0,13,0,13,0,13,0,13,0,13,0,13
860Z200US93522,46,31,18,21,18,21,0,13,0,13,0,13,28,34,28,34,0,13
860Z200US93523,1215,193,1019,174,762,115,257,117,95,78,162,102,196,86,162,79,34,35
860Z200US93524,0,13,0,13,0,13,0,13,0,13,0,13,0,13,0,13,0,13
860Z200US93526,342,66,156,48,113,40,43,25,30,23,13,10,186,51,157,50,29,19
860Z200US93527,814,151,500,173,288,152,212,124,27,36,185,122,314,138,314,138,0,13
860Z200US93528,50,42,22,27,12,19,10,16,10,16,0,13,28,44,28,44,0,13
860Z200US93529,141,80,128,76,115,73,13,21,0,13,13,21,13,20,13,20,0,13
860Z200US93530,28,29,0,13,0,13,0,13,0,13,0,13,28,29,28,29,0,13
860Z200US93531,182,67,136,65,136,65,0,13,0,13,0,13,46,30,28,32,18,24
860Z200US93532,982,184,683,176,513,154,170,94,78,53,92,81,299,90,209,77,90,64
860Z200US93534,15006,648,9038,530,4826,531,4212,545,969,255,3243,446,5968,536,5000,530,968,256
860Z200US93535,22857,700,18230,644,11013,582,7217,596,1765,402,5452,584,4627,593,4031,582,596,188
860Z200US93536,22872,821,16609,802,12091,713,4518,544,1547,434,2971,359,6263,546,4882,535,1381,305
860Z200US93541,247,136,247,136,247,136,0,13,0,13,0,13,0,13,0,13,0,13
860Z200US93543,3512,422,2885,387,2286,323,599,236,193,135,406,201,627,250,354,143,273,210
860Z200US93544,545,166,381,139,309,119,72,68,0,13,72,68,164,94,149,83,15,26
860Z200US93545,580,140,261,106,215,99,46,36,6,7,40,33,319,107,274,101,45,41
860Z200US93546,3726,358,2077,349,1822,297,255,158,160,131,95,89,1649,384,1281,408,368,196
860Z200US93549,123,52,76,50,76,50,0,13,0,13,0,13,47,28,47,28,0,13
860Z200US93550,22916,664,18025,534,10159,550,7866,526,2376,307,5490,435,4891,532,3655,421,1236,390
860Z200US93551,16966,567,13934,630,10768,619,3166,428,1069,267,2097,354,3032,416,2595,413,437,150
860Z200US93552,10826,608,9356,535,6562,477,2794,459,1071,430,1723,282,1470,320,1123,284,347,168
860Z200US93553,559,168,413,165,302,148,111,74,24,25,87,78,146,74,119,68,27,30
860Z200US93554,32,43,32,43,32,43,0,13,0,13,0,13,0,13,0,13,0,13
860Z200US93555,13234,606,8039,406,5851,446,2188,319,820,239,1368,292,5195,647,4199,637,996,247
860Z200US93558,8,14,0,13,0,13,0,13,0,13,0,13,8,14,0,13,8,14
860Z200US93560,6759,411,4912,456,3573,415,1339,392,289,130,1050,359,1847,353,1241,290,606,216
860Z200US93561,12203,692,8128,656,6365,656,1763,376,760,207,1003,313,4075,533,3450,489,625,163
860Z200US93562,737,114,506,108,397,96,109,43,65,39,44,21,231,63,193,57,38,30
860Z200US93563,41,42,35,41,35,41,0,13,0,13,0,13,6,8,6,8,0,13
860Z200US93581,0,13,0,13,0,13,0,13,0,13,0,13,0,13,0,13,0,13
860Z200US93591,1991,205,1571,238,835,171,736,227,479,204,257,119,420,118,340,108,80,69
860Z200US93601,570,202,409,173,305,123,104,138,104,138,0,13,161,106,93,55,68,86
860Z200US93602,1153,175,878,167,768,159,110,70,57,54,53,32,275,86,249,83,26,29
860Z200US93603,141,72,74,61,74,61,0,13,0,13,0,13,67,42,38,38,29,30
860Z200US93604,158,77,149,76,112,62,37,47,12,20,25,42,9,14,9,14,0,13
860Z200US93605,35,22,24,19,24,19,0,13,0,13,0,13,11,10,11,10,0,13
860Z200US93606,270,74,257,77,166,70,91,63,18,29,73,58,13,21,13,21,0,13
860Z200US93608,292,103,235,102,165,88,70,49,0,13,70,49,57,42,57,42,0,13
860Z200US93609,1306,129,1171,130,831,146,340,118,163,90,177,91,135,77,121,76,14,17
860Z200US93610,5488,383,3813,312,2641,336,1172,256,429,170,743,203,1675,328,1372,318,303,125
860Z200US93611,15213,683,12272,653,9893,583,2379,313,832,203,1547,263,2941,309,2386,285,555,136
860Z200US93612,13906,629,8890,593,5139,564,3751,539,1114,314,2637,549,5016,524,4134,449,882,290
860Z200US93614,4341,373,3244,396,2544,337,700,271,226,117,474,216,1097,224,849,183,248,142
860Z200US93615,1468,184,1264,201,857,216,407,147,154,104,253,124,204,100,169,94,35,44
860Z200US93616,600,113,559,117,332,90,227,99,22,28,205,96,41,34,36,33,5,7
860Z200US93618,8339,461,7189,418,4327,422,2862,383,890,254,1972,325,1150,228,876,221,274,145
860Z200US93619,15647,582,12787,631,10574,622,2213,341,679,227,1534,288,2860,372,2316,297,544,206
860Z200US93620,2979,314,2335,259,1591,260,744,243,243,118,501,199,644,198,550,187,94,83
860Z200US93621,89,94,58,82,58,82,0,13,0,13,0,13,31,50,31,50,0,13
860Z200US93622,2696,226,2335,204,1571,241,764,231,128,99,636,207,361,141,330,136,31,28
860Z200US93623,0,13,0,13,0,13,0,13,0,13,0,13,0,13,0,13,0,13
860Z200US93624,196,84,164,76,138,73,26,20,14,16,12,15,32,29,32,29,0,13
860Z200US93625,2579,245,1961,201,1439,190,522,162,209,119,313,113,618,179,592,172,26,26
860Z200US93626,926,217,736,193,672,184,64,42,0,13,64,42,190,103,190,103,0,13
860Z200US93627,46,49,46,49,46,49,0,13,0,13,0,13,0,13,0,13,0,13
860Z200US93628,225,229,42,55,42,55,0,13,0,13,0,13,183,228,183,228,0,13
860Z200US93630,5567,380,4222,284,2806,294,1416,316,334,161,1082,291,1345,397,1013,323,332,293
860Z200US93631,5543,605,4002,425,2976,394,1026,233,217,129,809,214,1541,315,1323,293,218,124
860Z200US93633,26,43,0,13,0,13,0,13,0,13,0,13,26,43,26,43,0,13
860Z200US93634,0,13,0,13,0,13,0,13,0,13,0,13,0,13,0,13,0,13
860Z200US93635,13046,681,10353,611,7332,553,3021,478,1063,286,1958,454,2693,502,2371,497,322,171
860Z200US93636,4171,297,3432,314,2891,321,541,161,191,82,350,123,739,203,525,153,214,112
860Z200US93637,11353,516,9244,604,6158,496,3086,429,853,243,2233,409,2109,364,1746,339,363,153
860Z200US93638,12166,611,10282,636,6379,577,3903,488,1501,310,2402,451,1884,368,1274,316,610,189
860Z200US93640,3276,222,2740,185,1738,212,1002,211,353,133,649,187,536,197,371,185,165,106
860Z200US93641,89,58,57,46,44,42,13,20,0,13,13,20,32,35,17,29,15,20
860Z200US93643,1352,274,847,199,691,199,156,83,92,67,64,46,505,155,392,156,113,70
860Z200US93644,3030,338,1792,275,1158,228,634,232,125,96,509,223,1238,307,792,221,446,231
860Z200US93645,280,143,205,118,189,114,16,28,16,28,0,13,75,68,75,68,0,13
860Z200US93646,2636,168,2324,162,1374,197,950,184,189,94,761,161,312,137,282,134,30,35
860Z200US93647,2737,363,2496,358,1523,284,973,379,91,78,882,372,241,135,148,109,93,84
860Z200US93648,3979,279,3487,253,1945,300,1542,260,483,202,1059,223,492,163,381,135,111,84
860Z200US93650,955,146,614,128,253,111,361,92,92,69,269,83,341,147,307,142,34,39
860Z200US93651,576,165,412,140,316,139,96,66,19,21,77,62,164,115,144,113,20,23
860Z200US93652,117,51,88,39,49,30,39,24,14,17,25,16,29,34,29,34,0,13
860Z200US93653,554,121,411,118,373,118,38,25,18,19,20,18,143,59,86,46,57,34
860Z200US93654,8575,427,7216,398,5103,399,2113,331,790,276,1323,321,1359,263,1124,238,235,111
860Z200US93656,1592,237,1453,251,1094,266,359,117,164,89,195,94,139,99,121,96,18,28
860Z200US93657,10604,394,8601,349,5867,432,2734,352,1202,296,1532,251,2003,330,1583,279,420,174
860Z200US93660,918,115,834,95,608,82,226,88,33,30,193,82,84,53,72,49,12,19
860Z200US93662,8896,508,6819,381,3899,377,2920,424,1143,377,1777,294,2077,464,1811,451,266,116
860Z200US93664,167,58,112,50,103,50,9,8,0,13,9,8,55,32,55,32,0,13
860Z200US93665,153,91,114,76,0,13,114,76,0,13,114,76,39,57,39,57,0,13
860Z200US93666,184,59,146,52,67,33,79,42,7,12,72,39,38,27,22,19,16,19
860Z200US93667,795,122,473,99,380,100,93,47,44,31,49,32,322,111,281,109,41,33
860Z200US93668,309,109,273,108,217,105,56,46,20,30,36,37,36,39,36,39,0,13
860Z200US93669,88,51,67,35,54,33,13,17,0,13,13,17,21,36,21,36,0,13
860Z200US93670,35,54,35,54,35,54,0,13,0,13,0,13,0,13,0,13,0,13
860Z200US93673,112,30,100,27,84,26,16,10,9,8,7,8,12,13,12,13,0,13
860Z200US93675,1368,266,1133,250,1016,263,117,76,21,33,96,70,235,104,228,105,7,12
860Z200US93701,3720,468,2114,316,1196,254,918,237,271,109,647,217,1606,368,1229,321,377,163
860Z200US93702,12966,547,9315,589,4809,481,4506,536,1340,298,3166,468,3651,525,3022,448,629,277
860Z200US93703,10323,584,6633,489,2898,362,3735,399,1107,264,2628,372,3690,504,2993,479,697,259
860Z200US93704,11611,659,6974,619,4390,546,2584,361,740,261,1844,308,4637,422,3745,425,892,204
860Z200US93705,13027,610,8616,687,4123,459,4493,562,1490,403,3003,370,4411,503,3497,433,914,314
860Z200US93706,11784,579,7757,482,4160,434,3597,347,1139,249,2458,315,4027,506,3356,505,671,159
860Z200US93710,12126,703,7035,576,4240,443,2795,440,608,184,2187,398,5091,475,3362,408,1729,378
860Z200US93711,16095,710,9733,647,7917,594,1816,306,557,184,1259,268,6362,565,5029,481,1333,382
860Z200US93720,18625,664,12165,667,9103,669,3062,435,1165,304,1897,309,6460,616,4975,590,1485,308
860Z200US93721,2472,345,772,181,376,123,396,144,94,78,302,123,1700,332,1481,310,219,119
860Z200US93722,26499,837,19814,892,12868,935,6946,844,2186,530,4760,618,6685,647,5247,559,1438,328
860Z200US93723,3333,327,2894,322,2237,391,657,220,328,123,329,157,439,174,351,145,88,92
860Z200US93725,6788,482,5519,442,3506,372,2013,345,691,294,1322,236,1269,275,952,223,317,203
860Z200US93726,14979,691,9217,606,4952,555,4265,480,1373,310,2892,436,5762,612,4362,593,1400,301
860Z200US93727,24012,752,18424,815,11913,727,6511,554,2325,380,4186,485,5588,507,4638,488,950,276
860Z200US93728,6376,458,3708,450,2002,371,1706,341,603,213,1103,277,2668,370,1994,305,674,220
860Z200US93730,4637,410,3600,365,3125,387,475,170,110,102,365,143,1037,230,914,230,123,83
860Z200US93737,2071,259,1609,232,1211,226,398,162,137,104,261,137,462,177,326,162,136,81
860Z200US93740,0,13,0,13,0,13,0,13,0,13,0,13,0,13,0,13,0,13
860Z200US93741,74,89,0,13,0,13,0,13,0,13,0,13,74,89,74,89,0,13
860Z200US93901,10590,528,7028,478,4789,415,2239,314,820,199,1419,243,3562,379,2837,360,725,180
860Z200US93905,13787,457,12261,455,7087,452,5174,496,1510,282,3664,475,1526,270,1243,261,283,102
860Z200US93906,17751,646,14054,678,9833,598,4221,493,1589,329,2632,410,3697,580,2671,474,1026,324
860Z200US93907,7241,383,5732,390,4385,348,1347,277,524,236,823,186,1509,232,1041,187,468,182
860Z200US93908,4454,328,3516,289,2828,251,688,248,242,198,446,161,938,167,803,171,135,68
860Z200US93920,594,141,330,143,309,143,21,20,18,19,3,6,264,97,235,95,29,40
860Z200US93921,1327,320,781,213,719,205,62,55,20,31,42,47,546,223,503,219,43,48
860Z200US93923,5401,333,3439,340,2955,384,484,162,56,39,428,156,1962,245,1629,213,333,130
860Z200US93924,2710,283,1847,262,1723,252,124,69,0,19,124,69,863,184,671,162,192,111
860Z200US93925,306,81,275,66,202,54,73,41,17,21,56,36,31,37,14,15,17,36
860Z200US93926,2451,245,2147,210,1417,240,730,205,237,143,493,192,304,162,219,139,85,76
860Z200US93927,4494,282,3924,224,2568,326,1356,255,397,139,959,237,570,199,447,173,123,88
860Z200US93928,0,13,0,13,0,13,0,13,0,13,0,13,0,13,0,13,0,13
860Z200US93930,4375,436,3732,379,2670,356,1062,307,468,258,594,164,643,189,517,168,126,83
860Z200US93932,199,63,122,60,110,61,12,11,4,7,8,9,77,47,61,38,16,27
860Z200US93933,9503,345,6165,322,4518,362,1647,210,472,159,1175,162,3338,351,2267,317,1071,247
860Z200US93940,14177,517,7316,469,6012,450,1304,234,417,148,887,211,6861,719,5064,669,1797,312
860Z200US93943,6,12,6,12,6,12,0,13,0,13,0,13,0,13,0,13,0,13
860Z200US93944,5,8,0,13,0,13,0,13,0,13,0,13,5,8,5,8,0,13
860Z200US93950,6860,236,3972,194,3209,207,763,141,247,92,516,116,2888,307,2390,283,498,115
860Z200US93953,1582,209,981,141,886,149,95,47,37,29,58,44,601,187,550,180,51,37
860Z200US93954,106,40,98,41,38,29,60,37,19,20,41,30,8,9,8,9,0,13
860Z200US93955,10665,468,7332,421,5034,476,2298,303,736,200,1562,256,3333,404,2301,327,1032,246
860Z200US93960,4702,328,4027,296,2926,327,1101,299,319,154,782,259,675,215,515,192,160,113
860Z200US93962,115,81,54,44,54,44,0,13,0,13,0,13,61,69,32,50,29,46
860Z200US94002,10854,401,7340,331,6500,376,840,202,284,105,556,161,3514,521,2586,495,928,258
860Z200US94005,1902,235,1072,125,737,131,335,134,58,69,277,117,830,270,732,276,98,68
860Z200US94010,16070,394,10694,349,9353,435,1341,284,425,139,916,233,5376,510,4286,496,1090,202
860Z200US94014,14014,611,10050,565,6868,577,3182,464,938,232,2244,390,3964,486,2634,406,1330,344
860Z200US94015,20476,714,14878,741,11109,709,3769,480,1244,269,2525,339,5598,595,3901,496,1697,336
860Z200US94018,1366,297,1148,300,962,311,186,118,67,78,119,92,218,128,173,121,45,41
860Z200US94019,5548,361,3714,297,3079,298,635,152,331,146,304,112,1834,337,1495,335,339,153
860Z200US94020,844,243,533,149,533,149,0,13,0,13,0,13,311,194,242,179,69,58
860Z200US94021,61,58,25,39,25,39,0,13,0,13,0,13,36,43,36,43,0,13
860Z200US94022,7341,300,5772,262,5145,280,627,243,258,148,369,203,1569,205,1291,195,278,115
860Z200US94024,8117,339,6990,338,6329,377,661,178,146,57,515,157,1127,205,1048,206,79,43
860Z200US94025,14349,470,9753,376,8231,433,1522,256,424,157,1098,219,4596,455,3436,362,1160,260
860Z200US94027,2192,130,1796,112,1674,125,122,57,54,37,68,44,396,109,269,97,127,53
860Z200US94028,2575,255,1839,210,1751,208,88,98,69,94,19,26,736,221,655,225,81,55
860Z200US94030,8074,287,5516,258,4222,228,1294,237,359,127,935,219,2558,347,1956,300,602,173
860Z200US94037,1033,286,671,246,640,246,31,52,0,13,31,52,362,172,288,160,74,89
860Z200US94038,1087,233,752,177,624,152,128,88,80,69,48,57,335,181,288,172,47,51
860Z200US94040,15064,557,8310,558,7000,500,1310,285,343,156,967,225,6754,588,5089,593,1665,318
860Z200US94041,6467,356,3392,353,2703,363,689,215,263,117,426,190,3075,313,2226,295,849,211
860Z200US94043,13369,477,7765,477,6487,478,1278,260,565,138,713,207,5604,503,3779,377,1825,365
860Z200US94044,13951,358,9797,405,7753,484,2044,273,642,163,1402,214,4154,455,3057,398,1097,211
860Z200US94060,362,145,217,127,170,89,47,81,0,13,47,81,145,67,75,61,70,61
860Z200US94061,13176,610,9389,571,7355,583,2034,369,691,284,1343,255,3787,344,2763,319,1024,222
860Z200US94062,9679,516,7122,391,6372,401,750,160,267,99,483,124,2557,354,1928,343,629,141
860Z200US94063,10969,447,6911,445,5048,438,1863,293,595,148,1268,257,4058,394,2653,319,1405,214
860Z200US94065,4659,271,3102,297,2712,300,390,122,119,65,271,105,1557,210,1325,210,232,97
860Z200US94066,15169,553,10259,426,7946,441,2313,289,823,197,1490,299,4910,566,3687,506,1223,271
860Z200US94070,11627,303,8492,263,7232,326,1260,227,263,93,997,200,3135,345,2428,300,707,157
860Z200US94074,68,52,43,49,43,49,0,13,0,13,0,13,25,20,25,20,0,13
860Z200US94080,22220,625,15962,602,11960,566,4002,546,1389,318,2613,410,6258,620,4500,561,1758,319
860Z200US94085,8952,590,4990,461,3827,380,1163,349,419,160,744,302,3962,422,2453,360,1509,315
860Z200US94086,20118,693,11968,609,9815,652,2153,320,740,242,1413,275,8150,598,5167,496,2983,469
860Z200US94087,20553,719,15314,571,13040,558,2274,426,724,199,1550,372,5239,535,3735,412,1504,362
860Z200US94089,9023,575,5430,358,4344,403,1086,214,419,153,667,162,3593,560,2283,372,1310,420
860Z200US94102,19031,958,5006,638,3624,451,1382,394,580,283,802,242,14025,846,11806,895,2219,412
860Z200US94103,16675,765,5157,523,3817,466,1340,289,494,179,846,234,11518,799,8576,844,2942,480
860Z200US94104,279,113,110,67,99,67,11,14,4,6,7,12,169,91,116,76,53,59
860Z200US94105,7616,859,2742,716,2429,664,313,166,11,23,302,168,4874,649,3157,689,1717,514
860Z200US94107,15271,925,5529,795,4800,752,729,226,133,87,596,206,9742,780,6335,607,3407,496
860Z200US94108,6483,440,2384,272,1707,257,677,173,188,80,489,153,4099,351,3440,331,659,164
860Z200US94109,32462,1159,8637,612,7231,581,1406,311,366,136,1040,272,23825,1054,17975,929,5850,590
860Z200US94110,27220,921,13526,781,9508,645,4018,418,1616,335,2402,317,13694,874,8473,707,5221,588
860Z200US94111,2446,256,1113,239,886,203,227,143,60,86,167,128,1333,206,1182,212,151,74
860Z200US94112,23106,728,17319,651,11785,637,5534,451,2087,307,3447,378,5787,540,3520,516,2267,278
860Z200US94114,16946,726,6250,381,5492,362,758,174,286,106,472,127,10696,709,6774,631,3922,470
860Z200US94115,16737,764,5616,492,4299,424,1317,273,398,156,919,210,11121,774,8355,698,2766,407
860Z200US94116,15368,727,10769,600,8581,584,2188,360,606,169,1582,346,4599,500,3064,419,1535,285
860Z200US94117,17619,754,6145,537,4978,486,1167,313,566,246,601,200,11474,842,5784,477,5690,699
860Z200US94118,16984,907,8379,638,6670,549,1709,349,419,151,1290,307,8605,745,5808,661,2797,357
860Z200US94121,17955,762,9887,551,8082,548,1805,269,569,132,1236,237,8068,660,5838,590,2230,357
860Z200US94122,22420,860,12995,793,9697,568,3298,575,1222,283,2076,452,9425,721,6040,535,3385,475
860Z200US94123,12732,511,4534,415,3833,410,701,222,181,139,520,167,8198,569,5542,534,2656,332
860Z200US94124,11165,493,7879,485,4471,393,3408,404,656,186,2752,392,3286,369,2645,327,641,155
860Z200US94127,7351,611,5271,465,4567,489,704,201,221,99,483,164,2080,386,1494,304,586,259
860Z200US94128,0,13,0,13,0,13,0,13,0,13,0,13,0,13,0,13,0,13
860Z200US94129,1331,164,775,184,540,148,235,123,26,28,209,122,556,133,199,85,357,114
860Z200US94130,626,85,298,71,109,49,189,63,33,25,156,64,328,72,138,50,190,81
860Z200US94131,12477,566,6653,482,5490,419,1163,269,311,136,852,236,5824,553,3933,503,1891,335
860Z200US94132,10576,767,5381,466,3835,402,1546,252,274,115,1272,226,5195,698,3730,661,1465,266
860Z200US94133,12998,633,5769,519,4101,452,1668,309,570,196,1098,245,7229,600,5883,595,1346,213
860Z200US94134,12467,658,8992,524,6119,528,2873,359,1197,243,1676,254,3475,441,2501,416,974,233
860Z200US94158,4501,500,2569,472,2289,448,280,186,57,68,223,178,1932,418,1458,344,474,210
860Z200US94188,0,13,0,13,0,13,0,13,0,13,0,13,0,13,0,13,0,13
860Z200US94301,7130,437,4403,360,3857,339,546,121,176,80,370,95,2727,367,2151,336,576,151
860Z200US94303,14276,627,11017,453,8380,461,2637,413,759,196,1878,378,3259,573,2497,516,762,273
860Z200US94304,2035,252,1151,219,982,201,169,103,0,13,169,103,884,138,799,134,85,41
860Z200US94305,3574,421,1238,318,1028,295,210,110,112,92,98,64,2336,318,1419,266,917,229
860Z200US94306,10722,474,7015,461,5830,422,1185,286,326,150,859,217,3707,476,2577,399,1130,315
860Z200US94401,12993,678,7872,486,5265,482,2607,441,879,240,1728,369,5121,650,3975,629,1146,232
860Z200US94402,10073,512,6731,439,5657,385,1074,220,262,132,812,176,3342,393,2682,360,660,192
860Z200US94403,16612,560,10853,571,9247,583,1606,248,661,210,945,204,5759,480,4326,445,1433,251
860Z200US94404,14371,330,9639,318,8059,419,1580,291,478,128,1102,276,4732,420,3448,367,1284,252
860Z200US94501,24978,703,15109,545,11583,568,3526,400,688,152,2838,386,9869,724,7567,661,2302,373
860Z200US94502,4842,396,3951,346,3245,369,706,192,230,135,476,150,891,249,809,246,82,59
860Z200US94503,5790,280,4946,246,3764,274,1182,183,334,101,848,157,844,211,629,164,215,110
860Z200US94505,5482,362,4392,339,3556,264,836,297,335,164,501,255,1090,262,810,232,280,113
860Z200US94506,9211,658,7757,584,7111,564,646,214,114,81,532,194,1454,376,1106,307,348,207
860Z200US94507,5007,309,4370,296,4095,299,275,145,98,66,177,130,637,169,556,161,81,54
860Z200US94508,988,152,648,117,578,123,70,40,5,8,65,39,340,105,210,61,130,79
860Z200US94509,23166,737,16385,760,10351,693,6034,660,1746,396,4288,608,6781,877,4994,739,1787,493
860Z200US94510,10922,389,6908,297,5550,356,1358,241,445,154,913,186,4014,401,3352,380,662,151
860Z200US94511,842,229,400,168,324,137,76,77,32,55,44,52,442,194,308,149,134,131
860Z200US94512,28,42,28,42,0,13,28,42,28,42,0,13,0,13,0,13,0,13
860Z200US94513,21808,563,17573,446,14087,556,3486,536,767,230,2719,498,4235,575,3359,423,876,322
860Z200US94514,573,154,444,158,258,89,186,130,72,100,114,97,129,58,91,53,38,34
860Z200US94515,2728,355,1634,183,1332,236,302,157,120,124,182,88,1094,278,875,267,219,110
860Z200US94516,74,39,58,36,54,35,4,5,3,3,1,4,16,16,15,16,1,2
860Z200US94517,4408,195,3424,185,2824,186,600,193,167,102,433,166,984,177,919,177,65,48
860Z200US94518,10229,546,6766,531,4876,352,1890,414,539,203,1351,374,3463,477,2507,455,956,224
860Z200US94519,7055,505,4906,395,3630,353,1276,287,476,177,800,217,2149,459,1278,322,871,332
860Z200US94520,13308,463,8162,544,5996,558,2166,303,561,165,1605,277,5146,498,3787,456,1359,285
860Z200US94521,15513,605,10709,518,8380,503,2329,353,555,188,1774,305,4804,547,3888,530,916,200
860Z200US94523,14056,505,9147,371,6869,521,2278,387,662,245,1616,317,4909,618,3906,597,1003,268
860Z200US94525,1686,207,915,181,672,151,243,143,22,23,221,142,771,134,642,137,129,58
860Z200US94526,12174,471,9256,390,7880,404,1376,331,330,126,1046,315,2918,393,2364,382,554,203
860Z200US94528,230,144,230,144,194,137,36,56,0,13,36,56,0,13,0,13,0,13
860Z200US94530,10850,297,6731,297,5219,317,1512,304,452,167,1060,244,4119,356,2883,338,1236,182
860Z200US94531,13233,587,10373,515,7143,469,3230,459,879,274,2351,419,2860,367,2144,375,716,223
860Z200US94533,24660,631,17800,627,11275,677,6525,546,2177,374,4348,501,6860,698,5324,600,1536,246
860Z200US94534,13549,478,10514,475,8654,495,1860,299,556,171,1304,236,3035,343,2230,310,805,206
860Z200US94535,1015,188,984,190,937,181,47,36,23,23,24,29,31,18,26,16,5,7
860Z200US94536,24789,693,18711,667,15517,707,3194,495,1174,324,2020,374,6078,591,4775,568,1303,281
860Z200US94538,22104,700,16405,666,13341,611,3064,425,872,213,2192,376,5699,635,3946,485,1753,308
860Z200US94539,16411,606,14482,554,12834,566,1648,264,428,141,1220,244,1929,309,1491,264,438,141
860Z200US94541,21963,683,14863,653,9804,625,5059,501,1844,386,3215,423,7100,506,5245,485,1855,316
860Z200US94542,5013,353,3618,327,3016,304,602,179,168,88,434,162,1395,289,914,263,481,163
860Z200US94544,23082,571,17804,652,12004,638,5800,493,1587,256,4213,473,5278,562,3692,447,1586,336
860Z200US94545,10027,490,7483,435,5603,422,1880,261,627,155,1253,253,2544,367,1684,382,860,307
860Z200US94546,15897,581,11453,575,8908,544,2545,375,902,249,1643,300,4444,462,3345,378,1099,232
860Z200US94547,8990,420,6553,291,5025,341,1528,334,294,102,1234,317,2437,486,2148,473,289,111
860Z200US94548,211,114,125,90,110,92,15,29,0,13,15,29,86,76,69,70,17,30
860Z200US94549,10141,490,7828,458,6999,448,829,225,450,190,379,133,2313,416,1703,377,610,197
860Z200US94550,17260,618,13185,529,11538,535,1647,287,509,152,1138,223,4075,403,3201,380,874,230
860Z200US94551,14192,583,9962,525,8108,486,1854,386,541,174,1313,353,4230,588,3252,571,978,220
860Z200US94552,4993,441,4131,376,3672,365,459,157,124,88,335,126,862,222,730,210,132,73
860Z200US94553,19174,460,12829,564,9753,504,3076,432,1034,301,2042,380,6345,502,4861,424,1484,317
860Z200US94555,11691,523,10013,514,8739,527,1274,215,528,182,746,169,1678,270,1288,268,390,138
860Z200US94556,5665,245,4216,234,3719,249,497,136,121,75,376,105,1449,244,1023,237,426,174
860Z200US94558,24253,546,16693,512,13307,521,3386,391,1251,278,2135,268,7560,546,6080,543,1480,245
860Z200US94559,10313,377,6382,415,4575,347,1807,320,570,145,1237,304,3931,308,2790,325,1141,202
860Z200US94560,14805,442,11972,442,9376,457,2596,404,912,228,1684,367,2833,412,1913,321,920,217
860Z200US94561,13463,639,10902,517,8684,534,2218,525,661,328,1557,384,2561,554,2048,484,513,230
860Z200US94562,0,13,0,13,0,13,0,13,0,13,0,13,0,13,0,13,0,13
860Z200US94563,7447,314,5492,222,5042,236,450,151,188,93,262,108,1955,348,1550,289,405,217
860Z200US94564,6784,283,4896,331,3249,292,1647,361,394,166,1253,354,1888,283,1375,236,513,178
860Z200US94565,29858,740,23350,722,15489,859,7861,725,2798,390,5063,585,6508,672,4865,656,1643,297
860Z200US94566,16051,532,12376,462,10804,476,1572,318,693,178,879,256,3675,371,3192,380,483,156
860Z200US94567,219,56,148,56,108,55,40,24,11,15,29,21,71,23,60,22,11,8
860Z200US94568,23583,527,18507,461,15676,521,2831,387,913,241,1918,364,5076,577,3688,507,1388,247
860Z200US94569,171,141,39,50,39,50,0,13,0,13,0,13,132,134,104,123,28,45
860Z200US94571,5342,433,3026,406,2459,421,567,269,276,226,291,169,2316,563,1998,511,318,182
860Z200US94572,3046,276,2352,258,1476,238,876,217,310,118,566,166,694,182,518,176,176,91
860Z200US94573,51,41,35,33,20,23,15,24,0,13,15,24,16,24,16,24,0,13
860Z200US94574,3457,224,2171,200,1667,217,504,136,216,68,288,125,1286,220,1042,195,244,85
860Z200US94575,0,13,0,13,0,13,0,13,0,13,0,13,0,13,0,13,0,13
860Z200US94576,86,49,54,43,54,43,0,13,0,13,0,13,32,28,32,28,0,13
860Z200US94577,16684,632,10873,506,7812,464,3061,356,1001,286,2060,363,5811,613,4427,533,1384,352
860Z200US94578,13872,629,9496,584,5532,488,3964,512,941,249,3023,472,4376,442,3347,403,1029,270
860Z200US94579,6589,443,4976,445,3779,486,1197,294,620,261,577,143,1613,305,1238,280,375,122
860Z200US94580,8775,470,6836,397,4880,461,1956,354,648,205,1308,297,1939,380,1448,335,491,147
860Z200US94582,16184,511,12849,474,10852,451,1997,417,597,283,1400,348,3335,450,2682,414,653,284
860Z200US94583,13707,498,10819,486,9527,486,1292,250,496,151,796,218,2888,381,2208,285,680,253
860Z200US94585,9659,498,6998,340,4826,403,2172,353,687,242,1485,265,2661,489,2266,470,395,160
860Z200US94586,323,72,263,61,220,54,43,27,28,22,15,17,60,30,40,24,20,16
860Z200US94587,20860,542,16897,436,13651,494,3246,367,1231,219,2015,325,3963,452,3116,440,847,179
860Z200US94588,12292,406,9700,388,8459,390,1241,202,304,117,937,200,2592,331,1929,297,663,242
860Z200US94589,9552,357,7042,456,4546,398,2496,321,918,253,1578,262,2510,305,2012,308,498,130
860Z200US94590,15456,568,8472,471,4864,437,3608,354,801,202,2807,355,6984,576,5608,486,1376,298
860Z200US94591,19742,599,14526,544,10086,616,4440,437,1582,339,2858,421,5216,484,4169,436,1047,263
860Z200US94592,422,170,234,95,196,94,38,32,17,20,21,26,188,151,79,72,109,134
860Z200US94595,9586,506,4220,404,3606,359,614,200,98,82,516,202,5366,393,4998,380,368,141
860Z200US94596,10738,561,6188,448,5081,450,1107,267,413,211,694,178,4550,497,3554,475,996,207
860Z200US94597,10691,604,5609,514,4507,474,1102,295,451,224,651,221,5082,674,3626,522,1456,362
860Z200US94598,10443,494,7445,424,6465,406,980,240,328,157,652,208,2998,378,2367,358,631,216
860Z200US94599,1531,213,604,106,528,110,76,48,8,11,68,46,927,201,803,194,124,66
860Z200US94601,16023,639,10592,627,6330,550,4262,498,1362,232,2900,481,5431,465,4092,449,1339,219
860Z200US94602,12094,438,7566,433,5937,416,1629,280,420,112,1209,234,4528,372,3288,338,1240,274
860Z200US94603,10574,345,7275,423,4314,412,2961,385,897,240,2064,285,3299,335,2700,315,599,163
860Z200US94605,16861,732,10371,637,6647,548,3724,401,984,263,2740,310,6490,679,5147,623,1343,274
860Z200US94606,15692,587,7644,449,4665,400,2979,319,1041,225,1938,267,8048,661,6032,585,2016,329
860Z200US94607,11899,463,5215,395,2791,337,2424,321,584,183,1840,261,6684,464,4707,418,1977,277
860Z200US94608,15674,578,6231,570,3851,362,2380,394,870,252,1510,290,9443,642,6210,594,3233,406
860Z200US94609,10651,565,4429,415,3039,304,1390,350,467,168,923,334,6222,517,3941,494,2281,277
860Z200US94610,15826,761,6438,607,5018,526,1420,320,327,143,1093,297,9388,652,6740,689,2648,364
860Z200US94611,17997,545,9741,418,8528,412,1213,294,565,200,648,174,8256,502,6471,480,1785,270
860Z200US94612,9906,598,2865,435,1966,329,899,326,349,305,550,158,7041,501,5590,454,1451,272
860Z200US94613,0,13,0,13,0,13,0,13,0,13,0,13,0,13,0,13,0,13
860Z200US94618,7434,389,4149,332,3580,336,569,205,233,144,336,121,3285,366,2461,342,824,188
860Z200US94619,9621,486,6695,456,5009,441,1686,284,543,176,1143,235,2926,274,2236,249,690,177
860Z200US94621,10119,566,7138,549,3542,365,3596,511,932,251,2664,481,2981,441,2533,403,448,139
860Z200US94702,7428,445,3947,410,2676,313,1271,310,332,107,939,302,3481,266,2563,245,918,184
860Z200US94703,8339,362,3799,343,2786,310,1013,243,219,90,794,216,4540,398,2916,334,1624,289
860Z200US94704,8156,631,1742,269,1196,214,546,153,216,100,330,147,6414,596,3167,595,3247,330
860Z200US94705,5843,337,3336,319,2918,318,418,131,203,103,215,83,2507,245,1600,233,907,149
860Z200US94706,8107,238,5390,220,4276,252,1114,186,223,84,891,166,2717,316,1880,292,837,153
860Z200US94707,5176,311,3489,248,3017,230,472,129,124,55,348,122,1687,264,1413,256,274,76
860Z200US94708,4543,257,3225,273,2924,277,301,95,79,48,222,77,1318,174,844,126,474,114
860Z200US94709,5244,397,1749,285,1505,248,244,153,118,114,126,77,3495,374,2137,384,1358,189
860Z200US94710,3597,300,1870,210,1274,160,596,176,238,122,358,126,1727,308,1315,275,412,127
860Z200US94720,155,68,69,46,69,46,0,19,0,19,0,19,86,45,71,43,15,14
860Z200US94801,10126,465,7157,498,4432,470,2725,414,844,212,1881,370,2969,337,2282,299,687,218
860Z200US94803,9353,503,7095,488,5148,452,1947,334,836,245,1111,234,2258,260,1657,231,601,186
860Z200US94804,15657,664,10067,645,6043,593,4024,518,1208,358,2816,415,5590,532,4411,442,1179,326
860Z200US94805,5541,502,3503,318,2836,312,667,178,249,125,418,127,2038,404,1587,402,451,146
860Z200US94806,20412,757,14831,695,8607,598,6224,666,1754,334,4470,604,5581,599,4243,521,1338,319
860Z200US94901,15601,600,9260,496,7169,498,2091,349,780,239,1311,267,6341,534,4840,487,1501,275
860Z200US94903,12308,589,7627,597,6218,570,1409,346,372,175,1037,291,4681,625,4033,591,648,194
860Z200US94904,5675,296,3548,267,2920,239,628,153,179,80,449,132,2127,274,1820,251,307,105
860Z200US94920,5144,269,3769,232,3310,267,459,140,129,67,330,122,1375,262,1227,242,148,76
860Z200US94922,91,70,91,70,28,39,63,72,29,45,34,55,0,13,0,13,0,13
860Z200US94923,652,177,334,143,258,112,76,85,46,69,30,50,318,146,272,138,46,55
860Z200US94924,578,112,271,68,165,76,106,59,61,53,45,32,307,105,200,85,107,64
860Z200US94925,4023,226,2926,205,2418,211,508,196,107,62,401,190,1097,290,906,260,191,135
860Z200US94928,17001,548,10248,531,7325,592,2923,439,939,250,1984,361,6753,638,4101,496,2652,466
860Z200US94929,186,70,151,71,151,71,0,13,0,13,0,13,35,34,11,14,24,32
860Z200US94930,3648,202,2227,187,1750,230,477,182,146,98,331,142,1421,236,916,195,505,184
860Z200US94931,3783,395,2136,211,1655,213,481,140,175,95,306,105,1647,378,1347,369,300,124
860Z200US94933,595,198,244,112,166,83,78,78,13,22,65,77,351,163,294,153,57,49
860Z200US94937,544,132,211,73,157,69,54,40,12,19,42,37,333,125,299,126,34,37
860Z200US94938,228,80,103,57,83,47,20,30,20,30,0,13,125,68,83,54,42,46
860Z200US94939,3464,294,1828,201,1363,224,465,185,122,108,343,139,1636,337,1398,366,238,200
860Z200US94940,118,88,63,39,52,35,11,14,0,13,11,14,55,88,55,88,0,13
860Z200US94941,12388,384,8308,371,6942,403,1366,234,350,139,1016,204,4080,399,3129,396,951,237
860Z200US94945,7250,453,4919,363,4170,351,749,235,207,88,542,214,2331,356,1918,318,413,181
860Z200US94946,293,60,178,52,148,34,30,39,0,13,30,39,115,30,84,24,31,18
860Z200US94947,9204,495,6926,496,5505,519,1421,370,414,169,1007,287,2278,345,1924,335,354,128
860Z200US94949,7343,378,4401,378,3817,402,584,180,177,97,407,178,2942,443,2194,345,748,297
860Z200US94950,15,12,8,11,8,11,0,13,0,13,0,13,7,7,7,7,0,13
860Z200US94951,1468,201,890,172,742,168,148,73,53,55,95,64,578,158,500,156,78,94
860Z200US94952,13672,533,8342,403,6790,421,1552,335,710,184,842,278,5330,439,3976,359,1354,249
860Z200US94954,14403,480,9927,419,7821,507,2106,324,749,165,1357,260,4476,517,3476,511,1000,202
860Z200US94956,666,160,304,104,255,91,49,37,0,13,49,37,362,122,348,121,14,23
860Z200US94957,712,99,548,88,487,83,61,35,38,30,23,19,164,60,152,57,12,18
860Z200US94960,6117,340,4322,301,3479,251,843,270,312,210,531,151,1795,302,1368,265,427,155
860Z200US94963,157,69,116,57,100,51,16,25,16,25,0,13,41,48,41,48,0,13
860Z200US94964,93,141,0,13,0,13,0,13,0,13,0,13,93,141,0,13,93,141
860Z200US94965,6079,323,2789,254,1986,222,803,202,244,98,559,178,3290,333,2596,350,694,170
860Z200US94970,228,90,72,50,72,50,0,13,0,13,0,13,156,80,100,63,56,49
860Z200US94971,114,54,73,47,73,47,0,13,0,13,0,13,41,24,32,25,9,13
860Z200US94972,41,56,41,56,37,58,4,8,0,13,4,8,0,13,0,13,0,13
860Z200US94973,627,164,423,147,389,141,34,37,15,22,19,28,204,100,160,90,44,51
860Z200US95002,541,64,414,57,278,59,136,45,32,26,104,42,127,68,111,58,16,22
860Z200US95003,10082,540,6997,465,5537,490,1460,272,470,204,990,187,3085,320,2560,256,525,168
860Z200US95004,1270,244,1102,233,952,221,150,90,98,82,52,40,168,88,96,60,72,70
860Z200US95005,2798,359,1782,276,1357,185,425,243,113,85,312,234,1016,241,609,194,407,156
860Z200US95006,3479,321,2280,310,1716,254,564,238,288,192,276,134,1199,225,774,180,425,138
860Z200US95007,190,108,101,77,101,77,0,13,0,13,0,13,89,81,74,81,15,23
860Z200US95008,19015,580,12481,387,9633,461,2848,338,869,197,1979,305,6534,638,5147,593,1387,332
860Z200US95010,4382,382,2115,254,1472,274,643,180,197,114,446,130,2267,444,1576,397,691,246
860Z200US95012,2412,250,2104,265,1452,259,652,179,149,81,503,171,308,125,173,109,135,87
860Z200US95013,16,24,16,24,0,13,16,24,0,13,16,24,0,13,0,13,0,13
860Z200US95014,21485,457,16431,443,14409,469,2022,310,663,174,1359,243,5054,470,3982,481,1072,248
860Z200US95017,275,67,170,55,144,54,26,16,9,10,17,17,105,54,70,46,35,30
860Z200US95018,2705,296,1573,243,1230,212,343,131,121,67,222,114,1132,195,862,172,270,128
860Z200US95019,1840,291,1282,288,936,250,346,164,8,10,338,164,558,134,447,127,111,79
860Z200US95020,19807,568,16050,491,11388,591,4662,532,1298,321,3364,461,3757,495,2618,407,1139,275
860Z200US95023,17255,270,13717,371,9973,503,3744,384,1393,284,2351,296,3538,339,2717,318,821,184
860Z200US95030,5278,336,3855,311,3471,298,384,141,131,86,253,102,1423,260,1210,254,213,98
860Z200US95032,10416,416,7546,335,6511,368,1035,232,312,139,723,201,2870,447,2429,427,441,146
860Z200US95033,3763,355,2685,273,2398,272,287,92,135,60,152,72,1078,302,595,227,483,218
860Z200US95035,24477,607,19492,564,15535,618,3957,461,1425,297,2532,388,4985,525,3167,431,1818,356
860Z200US95037,16607,473,13225,451,10497,434,2728,402,723,249,2005,321,3382,402,2677,371,705,197
860Z200US95039,388,139,348,136,212,98,136,102,95,87,41,48,40,27,40,27,0,13
860Z200US95041,316,111,302,107,287,108,15,22,2,8,13,20,14,24,14,24,0,13
860Z200US95043,256,70,174,51,163,49,11,11,10,11,1,3,82,47,54,31,28,34
860Z200US95045,1509,243,1153,211,997,184,156,99,122,95,34,29,356,132,311,130,45,32
860Z200US95046,1832,259,1556,248,1167,253,389,133,119,87,270,123,276,117,168,88,108,93
860Z200US95050,15204,722,9024,483,6769,417,2255,444,1216,340,1039,243,6180,679,4256,608,1924,311
860Z200US95051,23189,656,15664,660,13173,696,2491,423,763,225,1728,361,7525,574,5090,474,2435,374
860Z200US95053,42,60,0,13,0,13,0,13,0,13,0,13,42,60,0,13,42,60
860Z200US95054,8988,468,5807,496,4907,482,900,288,254,110,646,278,3181,443,2014,401,1167,235
860Z200US95060,18430,678,9356,565,7093,550,2263,383,742,187,1521,340,9074,675,5086,592,3988,549
860Z200US95062,15019,629,8130,470,6200,462,1930,319,622,200,1308,266,6889,507,4377,391,2512,413
860Z200US95064,503,128,242,71,206,70,36,20,21,13,15,15,261,106,114,77,147,87
860Z200US95065,2871,195,1864,209,1545,174,319,144,122,68,197,132,1007,140,636,115,371,104
860Z200US95066,6002,312,4331,291,3734,322,597,169,304,134,293,118,1671,383,1412,350,259,113
860Z200US95070,11099,318,9325,273,8530,289,795,162,231,86,564,148,1774,258,1501,240,273,105
860Z200US95073,4310,355,2715,269,2195,261,520,136,120,58,400,131,1595,280,1298,276,297,104
860Z200US95075,184,53,150,55,140,54,10,13,0,13,10,13,34,19,32,18,2,4
860Z200US95076,24567,779,19151,817,13402,814,5749,715,1776,395,3973,597,5416,616,3865,474,1551,364
860Z200US95110,6854,466,3887,352,2720,315,1167,201,395,125,772,180,2967,348,2108,274,859,208
860Z200US95111,15687,560,12709,516,8326,550,4383,496,1747,321,2636,409,2978,358,2339,327,639,187
860Z200US95112,21187,794,9815,568,6586,510,3229,459,1239,302,1990,323,11372,762,7347,651,4025,523
860Z200US95113,1263,213,384,129,259,93,125,89,43,33,82,76,879,173,700,147,179,105
860Z200US95116,13529,509,10403,465,6393,459,4010,378,1206,210,2804,364,3126,347,2221,283,905,218
860Z200US95117,10327,646,6889,553,4876,519,2013,370,950,266,1063,282,3438,519,2502,490,936,272
860Z200US95118,11361,470,8401,448,6143,332,2258,337,700,242,1558,290,2960,328,2218,300,742,181
860Z200US95119,3412,313,2617,244,2064,232,553,208,277,194,276,90,795,230,452,125,343,194
860Z200US95120,12458,517,10699,462,9674,418,1025,210,355,128,670,183,1759,329,1387,303,372,135
860Z200US95121,9828,429,8570,449,6189,436,2381,302,658,175,1723,248,1258,244,778,158,480,205
860Z200US95122,12013,434,9880,405,6121,380,3759,336,1531,231,2228,290,2133,302,1405,234,728,241
860Z200US95123,24018,684,17712,663,12752,576,4960,535,1349,251,3611,488,6306,462,4640,461,1666,265
860Z200US95124,17388,697,13859,722,11806,696,2053,342,667,204,1386,298,3529,399,2577,347,952,209
860Z200US95125,20934,578,13450,635,10175,608,3275,398,1214,341,2061,339,7484,538,6019,483,1465,259
860Z200US95126,15432,575,7987,578,5575,461,2412,394,958,263,1454,303,7445,490,5264,448,2181,342
860Z200US95127,15806,444,13042,477,9115,457,3927,381,1641,259,2286,290,2764,316,1986,292,778,190
860Z200US95128,13787,623,7664,474,5745,464,1919,296,597,189,1322,245,6123,569,4582,517,1541,305
860Z200US95129,14068,632,10690,650,8918,618,1772,320,457,173,1315,287,3378,420,2822,409,556,159
860Z200US95130,4581,277,3563,303,2727,281,836,156,309,122,527,139,1018,182,855,157,163,78
860Z200US95131,9754,431,7473,495,6291,467,1182,221,451,139,731,175,2281,312,1296,263,985,250
860Z200US95132,12044,433,10001,450,8288,437,1713,226,566,145,1147,205,2043,220,1426,205,617,141
860Z200US95133,9046,491,6816,454,4833,452,1983,258,567,153,1416,215,2230,320,1540,276,690,222
860Z200US95134,13722,663,7550,631,6288,603,1262,308,572,230,690,189,6172,522,3866,480,2306,364
860Z200US95135,7545,499,5716,380,5243,369,473,226,115,58,358,235,1829,304,1643,290,186,79
860Z200US95136,16017,703,11743,705,9119,656,2624,343,673,188,1951,310,4274,420,3011,371,1263,260
860Z200US95138,5587,290,4961,307,3573,308,1388,324,345,143,1043,283,626,143,379,99,247,114
860Z200US95139,2126,190,1698,176,1336,152,362,173,182,142,180,73,428,135,314,122,114,48
860Z200US95140,57,32,28,25,28,25,0,13,0,13,0,13,29,20,29,20,0,13
860Z200US95148,11913,522,10504,541,8336,543,2168,289,796,183,1372,212,1409,254,1088,237,321,120
860Z200US95202,3070,413,1022,315,231,102,791,325,220,121,571,329,2048,253,1858,236,190,114
860Z200US95203,5423,391,3340,372,1941,324,1399,330,331,168,1068,271,2083,277,1646,243,437,131
860Z200US95204,11080,495,6927,542,4514,403,2413,386,641,181,1772,349,4153,471,3327,428,826,224
860Z200US95205,10548,475,8041,503,4776,452,3265,349,974,272,2291,288,2507,370,1923,340,584,188
860Z200US95206,17415,672,14254,630,9138,662,5116,567,1642,362,3474,455,3161,409,2490,344,671,205
860Z200US95207,18894,610,12302,685,6278,593,6024,538,1863,463,4161,455,6592,583,5294,567,1298,260
860Z200US95209,13256,591,10602,633,7421,593,3181,432,1229,306,1952,353,2654,462,2119,419,535,182
860Z200US95210,11983,516,9247,526,4983,474,4264,419,1450,309,2814,344,2736,366,2345,342,391,140
860Z200US95211,0,13,0,13,0,13,0,13,0,13,0,13,0,13,0,13,0,13
860Z200US95212,7905,560,6542,573,4889,562,1653,384,752,283,901,292,1363,342,1291,353,72,65
860Z200US95215,6679,481,5276,488,3295,402,1981,353,852,285,1129,244,1403,220,1049,176,354,159
860Z200US95219,11018,460,7815,539,5448,451,2367,369,796,243,1571,342,3203,374,2356,354,847,262
860Z200US95220,2683,332,2043,279,1628,306,415,145,93,82,322,122,640,277,434,250,206,156
860Z200US95221,92,68,92,68,0,13,92,68,24,36,68,73,0,13,0,13,0,13
860Z200US95222,2205,287,1598,217,1399,232,199,108,30,42,169,105,607,195,576,197,31,44
860Z200US95223,1224,221,791,169,733,174,58,42,17,25,41,33,433,136,399,130,34,31
860Z200US95224,160,81,81,52,65,47,16,23,16,23,0,13,79,57,79,57,0,13
860Z200US95225,325,213,277,214,259,212,18,32,0,13,18,32,48,62,48,62,0,13
860Z200US95226,0,13,0,13,0,13,0,13,0,13,0,13,0,13,0,13,0,13
860Z200US95227,375,115,310,114,275,114,35,37,26,41,9,14,65,46,56,45,9,14
860Z200US95228,1749,228,1329,193,1103,189,226,100,34,38,192,107,420,141,345,133,75,60
860Z200US95230,202,91,145,85,129,84,16,15,8,12,8,10,57,34,57,34,0,13
860Z200US95231,674,172,535,166,427,164,108,54,39,38,69,39,139,59,85,45,54,43
860Z200US95232,48,38,30,39,10,18,20,34,20,34,0,13,18,27,0,13,18,27
860Z200US95233,115,62,61,45,61,45,0,13,0,13,0,13,54,44,45,42,9,14
860Z200US95236,1676,219,1171,211,839,189,332,154,90,86,242,140,505,151,474,140,31,39
860Z200US95237,1479,264,1045,258,729,227,316,111,110,82,206,84,434,184,310,157,124,85
860Z200US95240,16242,505,11380,436,7482,435,3898,441,1495,331,2403,338,4862,442,3834,377,1028,257
860Z200US95242,10149,492,7147,445,5433,389,1714,449,665,359,1049,251,3002,301,2523,282,479,196
860Z200US95245,1040,254,759,226,670,224,89,49,67,46,22,31,281,130,243,126,38,38
860Z200US95246,506,255,402,258,383,268,19,25,6,11,13,22,104,65,70,53,34,48
860Z200US95247,1671,223,1068,213,927,212,141,66,61,48,80,49,603,146,536,141,67,46
860Z200US95248,31,34,31,34,14,22,17,26,17,26,0,13,0,13,0,13,0,13
860Z200US95249,1655,272,1161,232,854,214,307,149,94,75,213,122,494,194,425,186,69,78
860Z200US95251,317,132,201,121,186,118,15,25,0,13,15,25,116,99,116,99,0,13
860Z200US95252,4984,331,3926,324,3157,375,769,233,475,205,294,171,1058,279,705,227,353,167
860Z200US95253,136,100,130,100,56,53,74,84,0,13,74,84,6,11,0,13,6,11
860Z200US95254,189,117,93,62,93,62,0,13,0,13,0,13,96,120,96,120,0,13
860Z200US95255,726,183,492,173,302,101,190,128,26,34,164,123,234,102,195,97,39,27
860Z200US95257,148,89,115,85,101,76,14,22,0,13,14,22,33,29,18,28,15,23
860Z200US95258,1511,302,1099,262,1004,257,95,57,7,11,88,56,412,173,362,163,50,55
860Z200US95301,12828,558,10030,503,6379,445,3651,477,1154,283,2497,400,2798,402,2373,401,425,180
860Z200US95303,318,88,229,73,165,58,64,43,45,36,19,21,89,53,69,49,20,19
860Z200US95304,4631,448,3232,366,2638,377,594,191,286,149,308,149,1399,401,1222,383,177,92
860Z200US95305,56,62,56,62,56,62,0,13,0,13,0,13,0,13,0,13,0,13
860Z200US95306,389,168,264,106,234,94,30,47,23,47,7,11,125,114,58,51,67,105
860Z200US95307,13030,622,10336,583,6872,577,3464,468,1068,226,2396,422,2694,373,2088,353,606,193
860Z200US95309,0,13,0,13,0,13,0,13,0,13,0,13,0,13,0,13,0,13
860Z200US95310,764,113,498,106,273,91,225,98,126,72,99,72,266,107,264,107,2,5
860Z200US95311,1060,238,530,142,463,139,67,48,0,13,67,48,530,188,380,168,150,132
860Z200US95312,73,38,66,37,32,25,34,30,29,28,5,8,7,6,7,6,0,13
860Z200US95313,356,122,236,96,151,84,85,66,50,61,35,28,120,68,90,62,30,23
860Z200US95315,3596,304,3034,279,2206,276,828,197,334,130,494,178,562,193,486,192,76,61
860Z200US95316,2472,344,1825,291,1568,275,257,137,55,71,202,113,647,223,460,183,187,153
860Z200US95317,263,70,227,65,183,55,44,31,34,28,10,10,36,29,26,26,10,13
860Z200US95318,269,113,86,61,57,42,29,41,0,13,29,41,183,108,134,99,49,62
860Z200US95319,557,155,368,132,199,108,169,104,47,51,122,97,189,122,144,114,45,51
860Z200US95320,4544,405,3482,274,2881,286,601,205,305,180,296,121,1062,383,913,373,149,109
860Z200US95321,1771,264,1070,199,835,148,235,139,111,111,124,88,701,167,597,148,104,78
860Z200US95322,3236,359,2355,270,1395,317,960,385,219,142,741,338,881,371,815,348,66,90
860Z200US95323,463,101,387,97,321,92,66,34,35,28,31,22,76,36,68,35,8,6
860Z200US95324,2646,273,2063,280,1663,284,400,158,123,106,277,137,583,171,417,148,166,108
860Z200US95325,29,46,29,46,29,46,0,13,0,13,0,13,0,13,0,13,0,13
860Z200US95326,4055,430,2864,339,1879,268,985,321,513,312,472,180,1191,297,933,255,258,141
860Z200US95327,2968,387,1474,275,1095,235,379,185,127,113,252,162,1494,300,1220,297,274,137
860Z200US95328,1103,268,947,260,653,238,294,140,140,118,154,99,156,138,135,133,21,33
860Z200US95329,1094,174,741,139,643,123,98,59,49,41,49,52,353,112,295,114,58,37
860Z200US95330,7481,350,6417,298,4876,361,1541,266,615,148,926,238,1064,287,804,252,260,114
860Z200US95333,809,102,632,98,448,103,184,43,64,33,120,38,177,53,159,51,18,14
860Z200US95334,4086,320,3494,298,2118,281,1376,240,523,170,853,198,592,189,452,172,140,103
860Z200US95335,58,71,0,13,0,13,0,13,0,13,0,13,58,71,58,71,0,13
860Z200US95336,15812,670,11834,636,8216,582,3618,481,1470,323,2148,345,3978,470,3102,401,876,258
860Z200US95337,13012,515,10231,483,7897,576,2334,448,636,225,1698,338,2781,411,2061,348,720,259
860Z200US95338,4751,293,3056,256,2232,261,824,210,239,114,585,151,1695,286,1441,276,254,118
860Z200US95340,12323,534,8000,528,5120,471,2880,428,679,187,2201,379,4323,482,3630,484,693,228
860Z200US95341,9074,458,7354,458,4056,368,3298,350,1190,241,2108,300,1720,270,1284,247,436,147
860Z200US95345,270,140,137,105,137,105,0,13,0,13,0,13,133,91,118,89,15,21
860Z200US95346,429,154,269,123,257,122,12,20,12,20,0,13,160,104,137,99,23,38
860Z200US95348,10998,699,8011,596,4489,504,3522,562,1381,434,2141,344,2987,496,2086,376,901,301
860Z200US95350,19205,737,12905,641,8323,616,4582,465,1364,312,3218,403,6300,571,5013,537,1287,300
860Z200US95351,13429,551,10696,577,5827,466,4869,574,1736,334,3133,450,2733,397,2229,387,504,138
860Z200US95354,8721,472,5560,443,3360,307,2200,343,787,276,1413,257,3161,320,2416,314,745,161
860Z200US95355,21175,640,14971,747,10495,680,4476,614,1233,338,3243,537,6204,517,4970,507,1234,247
860Z200US95356,11288,409,7881,391,5879,366,2002,324,670,186,1332,288,3407,376,2430,334,977,256
860Z200US95357,4300,365,3556,324,2654,343,902,196,289,127,613,162,744,235,642,217,102,71
860Z200US95358,8339,426,6830,390,4679,408,2151,327,659,178,1492,287,1509,228,1099,188,410,133
860Z200US95360,4090,293,3427,247,2664,265,763,228,189,126,574,194,663,263,529,249,134,105
860Z200US95361,12478,572,9148,509,7066,481,2082,469,789,310,1293,349,3330,489,2842,480,488,146
860Z200US95363,8063,496,6834,363,5186,422,1648,351,752,233,896,282,1229,362,1011,331,218,115
860Z200US95364,0,13,0,13,0,13,0,13,0,13,0,13,0,13,0,13,0,13
860Z200US95365,1183,129,862,146,566,152,296,125,91,65,205,105,321,124,286,119,35,38
860Z200US95366,6573,408,5278,346,4252,349,1026,273,345,164,681,199,1295,257,1054,254,241,125
860Z200US95367,7478,328,5884,274,4496,330,1388,250,452,165,936,214,1594,326,1316,307,278,90
860Z200US95368,4350,452,3452,468,2636,391,816,350,632,321,184,131,898,279,687,228,211,121
860Z200US95369,330,100,187,56,140,49,47,30,40,29,7,8,143,88,137,88,6,6
860Z200US95370,12154,564,7240,527,5588,451,1652,364,590,249,1062,248,4914,533,4057,475,857,203
860Z200US95372,609,193,389,161,313,150,76,74,33,48,43,57,220,131,124,94,96,85
860Z200US95374,513,90,365,64,321,54,44,34,30,30,14,16,148,80,114,68,34,38
860Z200US95375,61,74,0,13,0,13,0,13,0,13,0,13,61,74,61,74,0,13
860Z200US95376,16713,792,12848,636,8869,573,3979,507,1410,394,2569,405,3865,540,2984,479,881,213
860Z200US95377,9307,450,8204,499,6768,508,1436,311,519,205,917,254,1103,344,573,189,530,299
860Z200US95379,1622,283,953,206,779,197,174,106,41,60,133,91,669,211,567,189,102,81
860Z200US95380,14844,659,10510,597,6458,602,4052,503,1559,362,2493,345,4334,614,3355,513,979,232
860Z200US95382,13327,632,9479,629,7082,583,2397,467,828,306,1569,359,3848,525,2762,422,1086,298
860Z200US95383,1666,347,1036,263,959,258,77,64,28,35,49,54,630,218,476,205,154,96
860Z200US95385,201,74,107,58,90,56,17,18,0,13,17,18,94,54,94,54,0,13
860Z200US95386,2941,214,2309,112,1591,183,718,164,315,146,403,147,632,197,535,184,97,66
860Z200US95387,306,100,306,100,237,99,69,54,0,13,69,54,0,13,0,13,0,13
860Z200US95388,3748,333,2828,255,1794,232,1034,243,553,175,481,185,920,249,744,237,176,94
860Z200US95389,331,123,50,41,33,31,17,28,0,13,17,28,281,116,257,107,24,36
860Z200US95391,6190,608,5407,598,4944,627,463,178,158,117,305,165,783,311,722,304,61,78
860Z200US95401,13682,612,8668,540,5877,542,2791,462,1149,308,1642,313,5014,497,3438,445,1576,343
860Z200US95403,16000,836,10200,635,7639,605,2561,387,1016,298,1545,254,5800,562,4379,518,1421,279
860Z200US95404,15697,758,9170,593,6551,548,2619,446,860,231,1759,366,6527,555,4930,558,1597,296
860Z200US95405,9359,548,6268,526,4957,573,1311,271,430,200,881,195,3091,574,2243,500,848,259
860Z200US95407,13058,550,9406,594,6265,561,3141,469,1199,356,1942,374,3652,427,2295,357,1357,309
860Z200US95409,11856,639,6871,565,5686,556,1185,281,424,236,761,168,4985,453,4129,461,856,240
860Z200US95410,395,150,154,90,154,90,0,13,0,13,0,13,241,112,216,102,25,43
860Z200US95412,123,64,49,31,49,31,0,13,0,13,0,13,74,60,46,51,28,28
860Z200US95415,430,83,288,80,237,77,51,36,21,25,30,28,142,52,87,46,55,38
860Z200US95417,63,57,63,57,63,57,0,13,0,13,0,13,0,13,0,13,0,13
860Z200US95419,131,72,36,43,25,40,11,17,0,13,11,17,95,71,95,71,0,13
860Z200US95420,150,60,124,62,124,62,0,13,0,13,0,13,26,33,26,33,0,13
860Z200US95421,700,105,386,89,327,88,59,33,25,20,34,29,314,64,232,56,82,35
860Z200US95422,5999,328,3580,269,1887,282,1693,234,559,174,1134,191,2419,334,1809,263,610,190
860Z200US95423,1605,226,819,199,487,159,332,109,161,103,171,61,786,152,710,146,76,63
860Z200US95425,4401,259,3017,263,2460,316,557,188,147,93,410,169,1384,276,960,226,424,194
860Z200US95426,564,139,374,138,291,121,83,78,55,62,28,46,190,99,166,91,24,38
860Z200US95427,202,102,202,102,124,71,78,85,20,31,58,78,0,13,0,13,0,13
860Z200US95428,946,126,656,116,380,102,276,90,118,55,158,85,290,93,221,81,69,49
860Z200US95429,85,68,23,27,6,10,17,26,17,26,0,13,62,60,62,60,0,13
860Z200US95430,0,13,0,13,0,13,0,13,0,13,0,13,0,13,0,13,0,13
860Z200US95431,0,13,0,13,0,13,0,13,0,13,0,13,0,13,0,13,0,13
860Z200US95432,304,101,133,74,114,73,19,21,8,13,11,17,171,93,114,84,57,46
860Z200US95435,83,125,83,125,83,125,0,13,0,13,0,13,0,13,0,13,0,13
860Z200US95436,2432,284,1361,246,1148,257,213,92,31,33,182,87,1071,188,840,174,231,86
860Z200US95437,6366,368,3378,293,2454,290,924,209,168,83,756,203,2988,372,2532,366,456,154
860Z200US95439,266,103,197,93,82,62,115,72,44,75,71,70,69,51,69,51,0,13
860Z200US95441,702,85,506,74,448,78,58,31,32,25,26,18,196,60,162,61,34,27
860Z200US95442,1253,408,501,158,446,144,55,67,0,13,55,67,752,384,404,177,348,343
860Z200US95443,35,32,30,35,0,13,30,35,21,32,9,15,5,10,0,13,5,10
860Z200US95444,215,93,108,65,99,65,9,10,9,10,0,13,107,72,45,49,62,83
860Z200US95445,884,185,515,129,446,126,69,60,0,13,69,60,369,160,273,138,96,72
860Z200US95446,2407,264,1089,164,904,156,185,75,80,53,105,63,1318,229,938,184,380,143
860Z200US95448,6949,309,4644,362,3553,367,1091,205,470,163,621,180,2305,390,1472,239,833,340
860Z200US95449,587,88,350,84,213,73,137,60,53,40,84,47,237,76,121,56,116,60
860Z200US95450,112,31,71,24,48,20,23,16,12,9,11,12,41,22,30,17,11,13
860Z200US95451,4973,412,2998,337,2266,318,732,240,171,104,561,218,1975,398,1469,331,506,253
860Z200US95452,527,193,217,114,177,94,40,64,0,13,40,64,310,161,151,92,159,147
860Z200US95453,4583,372,2676,302,1954,293,722,251,186,135,536,205,1907,326,1783,319,124,64
860Z200US95454,763,188,540,158,397,171,143,93,49,55,94,81,223,128,223,128,0,13
860Z200US95456,400,141,138,77,74,40,64,62,0,13,64,62,262,116,242,117,20,22
860Z200US95457,1363,238,635,174,562,167,73,67,34,41,39,47,728,197,500,166,228,140
860Z200US95458,1474,207,755,167,566,141,189,99,17,30,172,95,719,162,570,157,149,96
860Z200US95459,345,87,183,73,133,55,50,53,3,5,47,53,162,63,91,47,71,53
860Z200US95460,1059,191,610,149,444,116,166,108,9,9,157,107,449,170,367,162,82,52
860Z200US95461,1418,279,874,261,663,226,211,159,16,25,195,159,544,171,345,161,199,86
860Z200US95462,575,133,318,126,243,89,75,84,10,16,65,82,257,77,219,76,38,31
860Z200US95463,33,30,18,20,18,20,0,13,0,13,0,13,15,22,0,13,15,22
860Z200US95464,974,257,609,219,439,191,170,111,68,80,102,78,365,144,260,112,105,90
860Z200US95465,531,121,282,110,192,76,90,79,83,78,7,11,249,76,180,76,69,37
860Z200US95466,284,77,166,63,142,52,24,27,14,23,10,16,118,48,62,29,56,42
860Z200US95467,2184,284,1529,268,1374,247,155,115,30,32,125,111,655,188,488,165,167,84
860Z200US95468,681,160,528,140,454,145,74,47,21,18,53,44,153,71,103,57,50,34
860Z200US95469,622,78,356,92,315,83,41,34,20,22,21,23,266,87,254,85,12,15
860Z200US95470,2111,294,1414,266,1066,258,348,150,190,126,158,90,697,209,611,202,86,63
860Z200US95471,400,142,190,103,129,81,61,70,0,13,61,70,210,128,180,134,30,47
860Z200US95472,11591,616,7655,521,5947,434,1708,379,455,168,1253,348,3936,490,3063,455,873,177
860Z200US95476,15267,631,9162,527,7413,558,1749,398,589,186,1160,363,6105,523,4855,490,1250,268
860Z200US95480,1,3,1,3,1,3,0,13,0,13,0,13,0,13,0,13,0,13
860Z200US95482,11653,467,7334,481,4646,407,2688,396,855,225,1833,328,4319,514,3628,514,691,198
860Z200US95485,1164,217,691,173,527,146,164,101,66,56,98,82,473,171,334,119,139,143
860Z200US95486,27,32,0,13,0,13,0,13,0,13,0,13,27,32,27,32,0,13
860Z200US95488,276,165,31,25,31,25,0,13,0,13,0,13,245,161,245,161,0,13
860Z200US95490,5542,456,3337,419,2386,399,951,267,184,110,767,268,2205,421,1627,354,578,253
860Z200US95492,9826,390,7448,318,5818,344,1630,279,761,232,869,229,2378,339,1879,313,499,140
860Z200US95493,68,48,45,41,25,29,20,35,0,13,20,35,23,25,23,25,0,13
860Z200US95494,71,51,45,44,45,44,0,13,0,13,0,13,26,26,19,21,7,10
860Z200US95497,643,108,406,96,365,91,41,35,14,22,27,28,237,73,213,71,24,21
860Z200US95501,9658,528,4572,359,3169,327,1403,302,501,158,902,249,5086,549,3711,533,1375,276
860Z200US95503,9873,435,5990,468,4335,400,1655,313,611,185,1044,298,3883,466,2889,398,994,233
860Z200US95511,58,61,0,13,0,13,0,13,0,13,0,13,58,61,11,19,47,57
860Z200US95514,50,46,15,23,15,23,0,13,0,13,0,13,35,40,35,40,0,13
860Z200US95519,7446,390,4218,363,3341,287,877,213,183,94,694,190,3228,425,2228,382,1000,247
860Z200US95521,8736,435,3452,367,2052,308,1400,335,470,172,930,299,5284,506,2977,414,2307,358
860Z200US95524,630,156,466,127,378,118,88,51,55,44,33,23,164,84,131,77,33,30
860Z200US95525,681,117,359,80,294,78,65,33,48,30,17,17,322,90,198,67,124,67
860Z200US95526,216,65,98,40,85,36,13,14,7,10,6,8,118,46,91,37,27,27
860Z200US95527,270,107,211,96,132,76,79,68,13,19,66,64,59,42,54,41,5,9
860Z200US95528,584,120,420,104,368,105,52,26,11,12,41,25,164,60,113,43,51,34
860Z200US95531,7741,328,5107,346,3497,374,1610,293,574,184,1036,257,2634,356,2115,328,519,153
860Z200US95536,1241,157,875,153,637,133,238,79,101,58,137,72,366,103,308,93,58,36
860Z200US95537,148,126,57,77,9,18,48,75,0,13,48,75,91,107,15,24,76,103
860Z200US95538,431,183,316,177,249,157,67,76,35,59,32,49,115,87,50,63,65,58
860Z200US95540,5725,366,3480,298,2399,316,1081,245,453,167,628,199,2245,355,1559,297,686,229
860Z200US95542,1276,274,677,183,441,181,236,126,19,33,217,124,599,233,419,171,180,176
860Z200US95543,250,114,86,57,77,57,9,14,0,13,9,14,164,116,164,116,0,13
860Z200US95545,117,56,54,37,32,24,22,26,7,11,15,23,63,41,51,40,12,18
860Z200US95546,812,147,603,116,243,58,360,97,158,75,202,60,209,67,158,56,51,30
860Z200US95547,461,95,287,75,233,61,54,41,40,38,14,18,174,78,118,54,56,55
860Z200US95548,382,70,246,61,144,50,102,44,32,32,70,25,136,50,103,42,33,18
860Z200US95549,372,85,210,66,179,62,31,25,22,24,9,8,162,58,77,39,85,49
860Z200US95550,89,60,33,24,26,23,7,9,7,9,0,13,56,53,6,10,50,52
860Z200US95551,585,145,386,113,321,110,65,32,26,18,39,27,199,98,161,93,38,28
860Z200US95552,227,77,140,71,133,69,7,10,7,10,0,13,87,54,74,54,13,16
860Z200US95553,388,167,172,113,105,95,67,72,0,13,67,72,216,142,142,118,74,82
860Z200US95554,149,91,100,66,48,43,52,69,42,68,10,17,49,63,49,63,0,13
860Z200US95555,132,38,57,25,26,17,31,17,11,9,20,13,75,28,59,24,16,11
860Z200US95556,227,158,217,157,149,145,68,48,0,13,68,48,10,7,10,7,0,13
860Z200US95558,133,50,50,30,30,20,20,19,6,9,14,17,83,37,58,29,25,27
860Z200US95559,0,13,0,13,0,13,0,13,0,13,0,13,0,13,0,13,0,13
860Z200US95560,600,299,278,194,156,146,122,138,0,13,122,138,322,231,219,202,103,105
860Z200US95562,1381,145,802,124,525,128,277,131,66,60,211,132,579,187,532,180,47,43
860Z200US95563,233,114,90,66,61,49,29,40,0,13,29,40,143,97,122,91,21,33
860Z200US95564,219,67,129,56,102,55,27,17,14,12,13,11,90,41,48,32,42,29
860Z200US95565,281,81,185,68,117,53,68,45,33,33,35,30,96,54,39,28,57,44
860Z200US95567,726,169,565,167,458,179,107,71,42,39,65,58,161,67,118,70,43,46
860Z200US95568,41,21,25,14,21,13,4,7,0,13,4,7,16,16,15,15,1,2
860Z200US95569,57,37,33,30,33,30,0,13,0,13,0,13,24,23,18,22,6,9
860Z200US95570,1131,131,663,113,420,75,243,98,50,28,193,97,468,82,396,84,72,33
860Z200US95571,0,13,0,13,0,13,0,13,0,13,0,13,0,13,0,13,0,13
860Z200US95573,597,134,303,130,303,130,0,13,0,13,0,13,294,145,185,112,109,96
860Z200US95585,225,87,138,64,76,41,62,51,13,23,49,44,87,55,84,56,3,4
860Z200US95587,0,13,0,13,0,13,0,13,0,13,0,13,0,13,0,13,0,13
860Z200US95589,548,203,183,120,140,112,43,56,3,6,40,56,365,186,262,151,103,103
860Z200US95595,74,67,20,24,20,24,0,13,0,13,0,13,54,58,54,58,0,13
860Z200US95601,175,95,111,88,42,27,69,86,0,13,69,86,64,36,59,35,5,6
860Z200US95602,7325,498,5319,505,4389,433,930,246,512,225,418,139,2006,299,1592,231,414,216
860Z200US95603,12031,463,7349,372,5528,387,1821,264,616,170,1205,235,4682,391,4102,375,580,151
860Z200US95604,23,24,0,13,0,13,0,13,0,13,0,13,23,24,12,17,11,17
860Z200US95605,4742,382,2940,359,1920,268,1020,347,156,117,864,317,1802,308,1262,260,540,207
860Z200US95606,95,79,92,79,92,79,0,13,0,13,0,13,3,6,3,6,0,13
860Z200US95607,116,60,78,44,78,44,0,13,0,13,0,13,38,42,38,42,0,13
860Z200US95608,26050,997,15831,673,11175,628,4656,528,1495,297,3161,441,10219,874,7812,846,2407,429
860Z200US95610,17223,589,10780,524,7799,552,2981,355,866,186,2115,323,6443,473,4699,433,1744,252
860Z200US95612,457,111,380,118,281,98,99,85,14,21,85,83,77,64,70,62,7,15
860Z200US95613,0,13,0,13,0,13,0,13,0,13,0,13,0,13,0,13,0,13
860Z200US95614,1756,202,1306,210,1087,207,219,118,87,79,132,103,450,142,292,137,158,98
860Z200US95615,413,178,304,158,270,149,34,48,0,13,34,48,109,77,88,73,21,28
860Z200US95616,18369,645,7659,450,6475,438,1184,244,287,103,897,241,10710,632,4729,544,5981,443
860Z200US95618,9952,423,5665,346,4442,314,1223,250,265,108,958,212,4287,394,2092,262,2195,310
860Z200US95619,2547,390,1709,371,1486,371,223,155,36,41,187,153,838,253,704,236,134,99
860Z200US95620,7523,413,5727,335,4114,350,1613,393,435,218,1178,355,1796,432,1560,455,236,104
860Z200US95621,16201,539,10034,528,6667,547,3367,468,1034,285,2333,363,6167,444,4750,429,1417,290
860Z200US95623,1642,207,1181,221,1003,195,178,96,62,56,116,73,461,139,363,127,98,61
860Z200US95624,20424,618,16848,689,12472,621,4376,621,990,258,3386,585,3576,407,2947,357,629,190
860Z200US95625,65,59,0,13,0,13,0,13,0,13,0,13,65,59,24,37,41,67
860Z200US95626,1911,238,1553,241,1124,176,429,161,204,134,225,80,358,87,282,89,76,52
860Z200US95627,1202,219,985,191,869,202,116,71,21,22,95,68,217,108,190,101,27,26
860Z200US95628,16954,567,11561,523,8944,497,2617,403,806,157,1811,357,5393,414,4064,440,1329,236
860Z200US95629,359,116,209,97,175,96,34,27,21,13,13,17,150,76,113,68,37,55
860Z200US95630,28274,571,20403,516,17250,540,3153,435,1104,221,2049,360,7871,646,6275,563,1596,382
860Z200US95631,2610,283,1700,228,1298,191,402,255,141,115,261,212,910,239,735,200,175,151
860Z200US95632,10001,547,7870,449,5871,516,1999,341,687,212,1312,289,2131,363,1671,365,460,176
860Z200US95633,1336,297,974,213,735,209,239,158,103,123,136,100,362,246,269,228,93,107
860Z200US95634,1795,433,990,297,715,245,275,175,78,61,197,161,805,326,745,323,60,65
860Z200US95635,405,168,222,150,195,135,27,38,2,10,25,39,183,100,183,100,0,13
860Z200US95636,484,216,370,201,370,201,0,13,0,13,0,13,114,87,114,87,0,13
860Z200US95637,125,62,91,55,75,52,16,29,16,29,0,13,34,30,0,13,34,30
860Z200US95638,796,146,534,103,449,106,85,38,24,24,61,35,262,141,221,139,41,33
860Z200US95639,109,65,28,30,12,18,16,24,0,13,16,24,81,65,81,65,0,13
860Z200US95640,3912,323,2628,295,2172,280,456,188,168,115,288,153,1284,359,1124,339,160,95
860Z200US95641,772,135,428,106,258,87,170,95,43,64,127,64,344,89,268,80,76,51
860Z200US95642,2984,248,2001,252,1603,243,398,136,134,89,264,101,983,242,848,223,135,84
860Z200US95645,447,104,318,91,184,74,134,76,41,37,93,65,129,56,129,56,0,13
860Z200US95646,59,43,38,36,38,36,0,13,0,13,0,13,21,23,21,23,0,13
860Z200US95648,20954,532,15110,438,12649,446,2461,412,496,153,1965,405,5844,473,4880,491,964,189
860Z200US95650,5355,538,3856,497,3378,446,478,165,235,126,243,119,1499,467,1182,452,317,224
860Z200US95651,255,99,164,72,147,76,17,26,17,26,0,13,91,77,69,68,22,35
860Z200US95652,345,99,304,93,88,48,216,93,44,49,172,82,41,37,41,37,0,13
860Z200US95653,175,102,124,87,92,69,32,50,0,13,32,50,51,58,51,58,0,13
860Z200US95655,1618,137,1293,170,1038,162,255,119,131,101,124,83,325,110,257,103,68,44
860Z200US95658,2274,235,1680,207,1346,199,334,141,116,89,218,98,594,123,529,118,65,44
860Z200US95659,308,63,188,41,149,34,39,21,18,14,21,17,120,48,103,46,17,15
860Z200US95660,10797,680,7599,550,4624,475,2975,435,915,259,2060,387,3198,508,2480,459,718,232
860Z200US95661,13002,465,8467,453,6464,442,2003,327,717,228,1286,270,4535,380,3753,336,782,197
860Z200US95662,12531,470,8630,467,6169,452,2461,383,846,223,1615,373,3901,485,3107,438,794,240
860Z200US95663,1128,187,787,177,694,168,93,71,82,69,11,19,341,117,312,116,29,16
860Z200US95664,516,154,374,140,357,137,17,25,0,13,17,25,142,100,142,100,0,13
860Z200US95665,2012,263,1343,268,1050,234,293,177,97,88,196,158,669,226,551,196,118,111
860Z200US95666,2516,269,1670,214,1290,193,380,138,144,97,236,105,846,203,676,184,170,63
860Z200US95667,14504,601,9675,539,7477,499,2198,423,807,253,1391,332,4829,567,3823,480,1006,268
860Z200US95668,208,40,126,31,82,23,44,22,25,19,19,14,82,26,70,24,12,9
860Z200US95669,986,155,655,142,500,126,155,75,35,34,120,71,331,107,279,104,52,40
860Z200US95670,22046,516,14733,511,10570,574,4163,446,1305,261,2858,384,7313,419,5540,454,1773,313
860Z200US95671,24,24,0,13,0,13,0,13,0,13,0,13,24,24,24,24,0,13
860Z200US95672,2067,273,1525,247,1216,254,309,111,16,25,293,115,542,164,430,160,112,71
860Z200US95673,5129,345,4018,324,2912,304,1106,261,270,101,836,250,1111,244,811,235,300,120
860Z200US95674,281,54,217,52,166,40,51,34,29,29,22,15,64,21,57,19,7,11
860Z200US95675,140,105,117,104,117,104,0,13,0,13,0,13,23,33,0,13,23,33
860Z200US95676,29,20,29,20,9,14,20,16,8,14,12,10,0,13,0,13,0,13
860Z200US95677,10501,414,7211,405,5734,381,1477,242,466,152,1011,202,3290,415,2462,334,828,197
860Z200US95678,17588,573,11254,594,7785,526,3469,365,1043,221,2426,324,6334,534,4714,460,1620,318
860Z200US95679,56,53,47,52,47,52,0,13,0,13,0,13,9,14,9,14,0,13
860Z200US95680,9,14,0,13,0,13,0,13,0,13,0,13,9,14,9,14,0,13
860Z200US95681,336,106,321,104,253,76,68,61,13,23,55,55,15,23,15,23,0,13
860Z200US95682,11510,487,8310,547,6774,528,1536,368,494,239,1042,233,3200,361,2333,316,867,256
860Z200US95683,2657,309,1956,325,1633,198,323,228,207,215,116,97,701,200,568,165,133,132
860Z200US95684,1410,209,787,190,762,191,25,31,2,3,23,31,623,199,508,179,115,85
860Z200US95685,2114,270,1153,214,892,215,261,117,41,53,220,106,961,259,877,244,84,65
860Z200US95686,406,69,255,67,128,50,127,55,38,31,89,42,151,51,113,48,38,30
860Z200US95687,22564,621,15763,652,12023,603,3740,441,1234,290,2506,390,6801,569,5201,525,1600,329
860Z200US95688,14035,582,10895,585,8004,582,2891,492,1044,331,1847,352,3140,433,2622,396,518,136
860Z200US95689,539,171,434,167,345,134,89,94,75,92,14,16,105,63,90,58,15,23
860Z200US95690,598,138,522,142,371,119,151,93,66,62,85,74,76,54,76,54,0,13
860Z200US95691,14276,525,10304,563,7525,467,2779,458,798,224,1981,397,3972,461,2898,422,1074,300
860Z200US95692,1737,180,1309,146,908,149,401,146,88,65,313,132,428,138,328,110,100,88
860Z200US95693,2413,222,1855,209,1403,236,452,207,280,163,172,121,558,208,367,136,191,179
860Z200US95694,3269,281,2515,224,1917,260,598,160,305,140,293,102,754,205,508,149,246,114
860Z200US95695,14626,541,10316,545,7329,568,2987,503,855,240,2132,438,4310,539,3300,457,1010,310
860Z200US95697,89,64,56,49,22,34,34,38,12,18,22,34,33,40,33,40,0,13
860Z200US95698,121,73,54,57,54,57,0,13,0,13,0,13,67,52,67,52,0,13
860Z200US95699,15,18,6,11,0,13,6,11,0,13,6,11,9,14,0,13,9,14
860Z200US95701,398,93,295,80,271,75,24,21,0,13,24,21,103,51,96,50,7,8
860Z200US95703,733,157,506,171,483,171,23,30,0,13,23,30,227,76,176,66,51,41
860Z200US95709,2521,405,1780,322,1569,324,211,99,118,85,93,60,741,257,500,205,241,183
860Z200US95713,3877,251,2651,246,2165,256,486,132,100,75,386,118,1226,188,860,169,366,118
860Z200US95714,159,45,104,39,87,36,17,19,6,9,11,16,55,31,48,26,7,8
860Z200US95715,42,27,35,28,27,27,8,8,0,13,8,8,7,7,0,13,7,7
860Z200US95717,54,33,17,15,17,15,0,13,0,13,0,13,37,32,23,24,14,18
860Z200US95720,39,28,29,26,29,26,0,13,0,13,0,13,10,10,10,10,0,13
860Z200US95721,0,13,0,13,0,13,0,13,0,13,0,13,0,13,0,13,0,13
860Z200US95722,1885,165,1421,185,1314,186,107,76,0,13,107,76,464,135,308,101,156,86
860Z200US95726,3454,393,2172,306,1721,269,451,187,288,174,163,75,1282,273,1055,252,227,100
860Z200US95728,219,77,153,63,132,57,21,24,0,13,21,24,66,47,66,47,0,13
860Z200US95735,22,22,20,21,20,21,0,13,0,13,0,13,2,5,2,5,0,13
860Z200US95736,60,36,19,22,19,22,0,13,0,13,0,13,41,29,41,29,0,13
860Z200US95742,4341,285,3668,269,3166,266,502,154,154,89,348,125,673,213,454,164,219,136
860Z200US95746,7915,325,6613,387,5832,364,781,191,328,148,453,159,1302,250,1056,232,246,123
860Z200US95747,27164,675,20664,768,17198,717,3466,536,1383,464,2083,350,6500,550,5516,531,984,231
860Z200US95757,15139,570,13039,559,10729,552,2310,298,697,160,1613,282,2100,333,1740,304,360,104
860Z200US95758,22176,838,16502,813,11972,874,4530,637,1293,334,3237,528,5674,622,4674,652,1000,232
860Z200US95762,16066,571,13299,668,11773,596,1526,324,520,204,1006,243,2767,456,2389,413,378,149
860Z200US95765,14103,447,10725,477,9188,466,1537,294,465,167,1072,256,3378,389,2518,336,860,224
860Z200US95776,8165,444,6698,403,4912,384,1786,319,588,169,1198,260,1467,290,1158,271,309,131
860Z200US95811,4534,361,1091,173,565,108,526,145,154,80,372,123,3443,331,2476,306,967,217
860Z200US95814,6868,569,1098,209,755,167,343,123,102,54,241,109,5770,604,4571,600,1199,210
860Z200US95815,9592,664,5817,517,3108,410,2709,543,1111,387,1598,360,3775,575,2976,501,799,219
860Z200US95816,10747,567,2866,382,2554,388,312,93,87,49,225,87,7881,584,5996,526,1885,334
860Z200US95817,6637,520,2752,263,1753,213,999,253,312,132,687,213,3885,503,2686,518,1199,266
860Z200US95818,10681,485,5639,436,4064,409,1575,266,587,245,988,187,5042,386,3848,391,1194,208
860Z200US95819,8100,463,4603,416,3912,423,691,183,233,116,458,123,3497,413,2762,407,735,207
860Z200US95820,13656,735,7748,568,4480,439,3268,464,1239,347,2029,345,5908,717,3962,610,1946,453
860Z200US95821,15841,753,9069,535,6348,499,2721,395,692,184,2029,383,6772,635,5584,597,1188,244
860Z200US95822,16601,585,10529,568,6480,466,4049,379,1018,229,3031,383,6072,525,4935,470,1137,253
860Z200US95823,24396,842,18162,799,10131,624,8031,651,2224,399,5807,615,6234,615,5019,570,1215,266
860Z200US95824,9024,411,6557,425,3690,327,2867,400,892,233,1975,351,2467,307,1912,273,555,181
860Z200US95825,16047,568,7285,490,3930,432,3355,448,951,286,2404,388,8762,597,6588,518,2174,347
860Z200US95826,15920,661,9073,462,5848,445,3225,359,1220,266,2005,256,6847,747,4365,614,2482,374
860Z200US95827,7444,367,4773,386,3341,358,1432,292,415,135,1017,251,2671,250,1830,223,841,198
860Z200US95828,17941,639,13492,531,8199,543,5293,588,1770,338,3523,466,4449,419,3570,388,879,261
860Z200US95829,9280,423,7630,476,6000,502,1630,298,383,137,1247,301,1650,284,1288,270,362,135
860Z200US95830,210,70,181,70,127,57,54,51,33,44,21,26,29,20,29,20,0,13
860Z200US95831,19337,799,11545,726,8038,610,3507,552,1138,310,2369,471,7792,705,6308,633,1484,309
860Z200US95832,3152,435,2609,341,1333,265,1276,357,476,147,800,299,543,270,339,128,204,241
860Z200US95833,15628,605,10047,499,6831,541,3216,427,1257,350,1959,316,5581,473,3937,439,1644,264
860Z200US95834,12195,644,8138,604,6002,544,2136,422,630,206,1506,380,4057,540,3174,490,883,224
860Z200US95835,14491,622,10325,599,7818,574,2507,436,886,271,1621,354,4166,516,3166,515,1000,279
860Z200US95837,119,44,88,36,59,32,29,17,16,13,13,11,31,29,24,25,7,11
860Z200US95838,11766,518,8868,553,4832,532,4036,457,1122,280,2914,423,2898,372,2269,345,629,193
860Z200US95841,8406,514,5301,485,3682,436,1619,312,487,191,1132,240,3105,459,2356,414,749,192
860Z200US95842,11855,404,8298,550,4605,426,3693,495,1010,253,2683,383,3557,433,2602,368,955,206
860Z200US95843,14974,570,11707,638,8377,690,3330,511,907,240,2423,523,3267,442,2365,392,902,283
860Z200US95864,9930,652,7398,663,5567,561,1831,354,491,174,1340,320,2532,297,2018,273,514,144
860Z200US95901,12777,494,8528,560,5308,530,3220,472,929,258,2291,360,4249,517,3293,463,956,274
860Z200US95903,482,82,362,65,320,61,42,29,0,13,42,29,120,69,115,68,5,8
860Z200US95910,49,48,25,30,25,30,0,13,0,13,0,13,24,35,24,35,0,13
860Z200US95912,1522,259,984,125,818,106,166,89,42,37,124,81,538,279,483,274,55,47
860Z200US95913,133,60,80,41,65,37,15,22,0,13,15,22,53,47,53,47,0,13
860Z200US95914,206,65,109,44,79,37,30,24,0,13,30,24,97,47,61,38,36,23
860Z200US95915,0,13,0,13,0,13,0,13,0,13,0,13,0,13,0,13,0,13
860Z200US95916,397,102,235,81,158,63,77,48,13,15,64,45,162,58,116,60,46,32
860Z200US95917,1287,153,1017,150,686,131,331,135,106,87,225,111,270,92,161,76,109,71
860Z200US95918,911,188,570,142,559,144,11,19,0,13,11,19,341,175,212,116,129,140
860Z200US95919,561,213,327,198,167,117,160,171,160,171,0,13,234,136,221,136,13,19
860Z200US95920,85,45,28,17,28,17,0,13,0,13,0,13,57,42,57,42,0,13
860Z200US95922,294,80,130,49,102,45,28,23,8,9,20,19,164,62,130,53,34,26
860Z200US95923,29,31,8,11,8,11,0,13,0,13,0,13,21,29,21,29,0,13
860Z200US95925,43,43,33,41,33,41,0,13,0,13,0,13,10,15,0,13,10,15
860Z200US95926,17000,651,8238,667,5343,515,2895,522,1195,488,1700,318,8762,646,4550,440,4212,529
860Z200US95928,15583,739,7577,573,5302,494,2275,304,834,208,1441,250,8006,683,4823,458,3183,531
860Z200US95929,0,13,0,13,0,13,0,13,0,13,0,13,0,13,0,13,0,13
860Z200US95930,120,106,99,102,51,71,48,69,0,13,48,69,21,31,21,31,0,13
860Z200US95932,3010,214,2035,199,1360,199,675,146,248,92,427,112,975,203,804,181,171,76
860Z200US95934,24,25,6,10,6,10,0,13,0,13,0,13,18,24,18,24,0,13
860Z200US95935,207,129,183,116,148,108,35,53,35,53,0,13,24,36,0,13,24,36
860Z200US95936,42,43,42,43,42,43,0,13,0,13,0,13,0,13,0,13,0,13
860Z200US95937,496,148,205,86,162,86,43,38,14,21,29,33,291,133,230,123,61,60
860Z200US95938,1460,239,1150,227,964,206,186,116,126,111,60,52,310,131,235,109,75,78
860Z200US95939,158,51,67,29,53,27,14,9,4,5,10,8,91,48,83,47,8,7
860Z200US95941,133,73,127,73,71,39,56,75,56,75,0,13,6,10,6,10,0,13
860Z200US95942,793,260,627,283,508,282,119,135,0,13,119,135,166,145,90,104,76,107
860Z200US95943,283,55,146,40,131,36,15,19,15,19,0,13,137,52,95,47,42,33
860Z200US95944,65,86,0,13,0,13,0,13,0,13,0,13,65,86,65,86,0,13
860Z200US95945,11846,520,6278,510,4474,521,1804,291,470,174,1334,269,5568,604,4567,594,1001,235
860Z200US95946,3561,370,2635,339,2333,323,302,155,31,37,271,151,926,226,783,212,143,100
860Z200US95947,585,139,403,122,301,94,102,87,54,67,48,49,182,88,156,78,26,42
860Z200US95948,3749,312,2819,240,2156,232,663,168,190,90,473,148,930,213,831,202,99,58
860Z200US95949,8273,453,5382,369,4429,335,953,247,324,156,629,198,2891,373,2090,311,801,208
860Z200US95950,171,95,101,81,65,70,36,42,0,13,36,42,70,58,70,58,0,13
860Z200US95951,845,138,612,117,444,102,168,86,78,45,90,68,233,108,103,55,130,99
860Z200US95953,3406,240,2691,229,1760,196,931,169,329,138,602,132,715,178,608,175,107,64
860Z200US95954,4000,357,2610,355,1764,286,846,278,283,125,563,232,1390,244,878,206,512,171
860Z200US95955,538,125,388,111,318,85,70,58,9,13,61,52,150,89,127,87,23,25
860Z200US95956,180,86,108,57,108,57,0,13,0,13,0,13,72,64,72,64,0,13
860Z200US95957,268,55,188,46,137,35,51,32,49,32,2,4,80,32,61,24,19,20
860Z200US95958,0,13,0,13,0,13,0,13,0,13,0,13,0,13,0,13,0,13
860Z200US95959,7605,541,4818,354,3967,383,851,199,208,102,643,200,2787,411,2113,380,674,191
860Z200US95960,252,84,117,76,69,59,48,33,21,23,27,22,135,69,116,62,19,30
860Z200US95961,9766,479,7425,475,5463,418,1962,358,752,210,1210,278,2341,498,1790,424,551,229
860Z200US95962,455,156,262,137,235,121,27,44,27,44,0,13,193,108,84,68,109,94
860Z200US95963,5537,266,4176,295,3192,325,984,257,356,153,628,180,1361,261,1177,265,184,99
860Z200US95965,7377,508,4445,429,2623,350,1822,291,410,143,1412,255,2932,422,2386,379,546,171
860Z200US95966,11978,650,7714,590,5778,520,1936,388,646,175,1290,323,4264,502,3472,455,792,210
860Z200US95968,538,150,412,127,234,98,178,91,151,79,27,36,126,93,109,93,17,24
860Z200US95969,3447,301,2082,230,1634,258,448,123,155,73,293,115,1365,307,1226,304,139,69
860Z200US95970,183,65,135,51,129,53,6,8,0,13,6,8,48,35,48,35,0,13
860Z200US95971,2162,202,1370,194,971,192,399,150,202,121,197,100,792,190,638,165,154,94
860Z200US95972,56,82,56,82,0,13,56,82,0,13,56,82,0,13,0,13,0,13
860Z200US95973,15106,668,9585,575,6858,506,2727,433,812,266,1915,375,5521,524,3776,444,1745,321
860Z200US95974,33,46,0,13,0,13,0,13,0,13,0,13,33,46,0,13,33,46
860Z200US95975,703,189,402,148,223,127,179,145,100,111,79,91,301,141,263,144,38,61
860Z200US95977,678,184,475,163,444,166,31,29,5,8,26,27,203,86,160,82,43,42
860Z200US95978,30,24,23,25,11,17,12,18,12,18,0,13,7,12,0,13,7,12
860Z200US95979,172,59,91,32,55,22,36,25,18,18,18,18,81,46,74,47,7,6
860Z200US95981,18,27,18,27,18,27,0,13,0,13,0,13,0,13,0,13,0,13
860Z200US95982,1112,143,891,134,738,141,153,61,56,39,97,54,221,86,191,81,30,42
860Z200US95983,165,78,124,74,77,50,47,59,8,19,39,59,41,43,41,43,0,13
860Z200US95984,89,58,27,42,27,42,0,13,0,13,0,13,62,41,62,41,0,13
860Z200US95986,39,39,28,37,6,10,22,36,0,13,22,36,11,11,11,11,0,13
860Z200US95987,1878,166,1467,165,1261,142,206,94,55,51,151,78,411,146,361,139,50,43
860Z200US95988,2900,317,1900,204,1386,201,514,154,117,83,397,149,1000,313,873,313,127,62
860Z200US95991,14583,428,10261,461,6390,480,3871,338,1495,250,2376,318,4322,397,3277,311,1045,286
860Z200US95993,12594,580,9096,508,7096,494,2000,289,817,222,1183,199,3498,445,2734,392,764,255
860Z200US96001,13156,480,8294,542,5805,446,2489,417,862,287,1627,324,4862,371,3361,312,1501,260
860Z200US96002,12734,480,8517,472,6068,498,2449,349,799,181,1650,326,4217,368,3323,311,894,239
860Z200US96003,18084,652,10520,593,7844,519,2676,310,792,196,1884,262,7564,628,5655,520,1909,385
860Z200US96006,196,74,108,48,84,40,24,26,11,17,13,19,88,51,68,39,20,32
860Z200US96007,9971,456,6181,467,4494,432,1687,284,534,173,1153,231,3790,393,2937,387,853,229
860Z200US96008,420,137,258,110,255,111,3,6,3,6,0,13,162,93,92,60,70,71
860Z200US96009,111,44,63,34,58,32,5,7,0,13,5,7,48,28,48,28,0,13
860Z200US96010,0,13,0,13,0,13,0,13,0,13,0,13,0,13,0,13,0,13
860Z200US96011,77,30,37,21,17,11,20,18,4,7,16,15,40,21,30,20,10,12
860Z200US96013,1605,188,1052,176,737,146,315,153,51,49,264,147,553,146,532,146,21,24
860Z200US96014,99,69,49,54,49,54,0,13,0,13,0,13,50,40,50,40,0,13
860Z200US96015,121,75,88,70,88,70,0,13,0,13,0,13,33,35,33,35,0,13
860Z200US96016,143,83,120,76,91,67,29,38,29,38,0,13,23,35,23,35,0,13
860Z200US96017,78,31,44,25,31,22,13,14,8,10,5,8,34,20,28,18,6,7
860Z200US96019,3958,236,2749,179,1829,199,920,194,292,141,628,144,1209,246,949,221,260,109
860Z200US96020,1125,166,756,167,625,162,131,88,31,50,100,78,369,130,306,122,63,50
860Z200US96021,5384,327,3841,329,2750,288,1091,234,276,127,815,220,1543,337,1282,307,261,152
860Z200US96022,5708,432,4073,413,3100,362,973,292,368,158,605,239,1635,276,1329,269,306,149
860Z200US96023,485,85,278,59,178,56,100,44,49,30,51,29,207,58,171,51,36,36
860Z200US96024,369,96,122,58,116,56,6,9,6,9,0,13,247,80,214,73,33,33
860Z200US96025,1017,105,512,81,348,64,164,47,66,38,98,36,505,88,417,82,88,33
860Z200US96027,778,137,554,139,365,109,189,91,22,21,167,90,224,72,164,64,60,39
860Z200US96028,676,144,533,152,438,140,95,75,10,14,85,74,143,79,133,78,10,17
860Z200US96029,39,20,35,20,30,19,5,7,5,7,0,13,4,6,2,4,2,5
860Z200US96031,38,20,17,14,16,14,1,2,0,13,1,2,21,14,20,15,1,3
860Z200US96032,1072,126,669,118,480,115,189,65,59,38,130,62,403,113,267,96,136,67
860Z200US96033,128,33,100,34,79,28,21,14,5,7,16,12,28,18,27,18,1,3
860Z200US96034,149,38,87,29,57,19,30,20,24,19,6,7,62,25,48,20,14,16
860Z200US96035,1651,301,1043,218,709,199,334,159,94,100,240,132,608,246,559,227,49,53
860Z200US96037,60,42,21,34,21,34,0,13,0,13,0,13,39,42,18,27,21,33
860Z200US96038,232,74,154,65,126,61,28,21,4,8,24,20,78,51,66,49,12,14
860Z200US96039,360,76,177,56,121,49,56,33,16,17,40,28,183,57,139,51,44,27
860Z200US96040,30,31,30,31,30,31,0,13,0,13,0,13,0,13,0,13,0,13
860Z200US96041,1121,184,431,148,259,131,172,109,90,114,82,75,690,238,525,187,165,119
860Z200US96044,471,87,293,62,189,38,104,49,30,29,74,39,178,58,147,57,31,18
860Z200US96046,123,79,88,73,88,73,0,13,0,13,0,13,35,57,0,13,35,57
860Z200US96047,362,87,274,80,243,77,31,24,7,11,24,21,88,38,76,37,12,18
860Z200US96048,341,85,206,65,183,63,23,21,8,15,15,14,135,57,120,56,15,13
860Z200US96050,241,51,111,33,104,33,7,5,5,5,2,2,130,45,104,43,26,16
860Z200US96051,517,118,340,99,283,100,57,38,18,17,39,35,177,64,146,61,31,29
860Z200US96052,620,162,403,148,302,133,101,60,22,21,79,55,217,93,188,81,29,39
860Z200US96054,128,48,80,43,49,34,31,33,31,33,0,13,48,28,48,28,0,13
860Z200US96055,1494,170,973,190,689,182,284,120,120,86,164,94,521,113,457,100,64,42
860Z200US96056,545,174,392,153,317,144,75,43,33,33,42,36,153,83,152,82,1,4
860Z200US96057,525,78,298,62,232,62,66,21,38,16,28,16,227,47,203,45,24,17
860Z200US96058,223,54,153,55,146,54,7,11,3,9,4,5,70,41,60,40,10,3
860Z200US96059,152,112,112,106,76,95,36,41,25,38,11,17,40,46,40,46,0,13
860Z200US96061,0,13,0,13,0,13,0,13,0,13,0,13,0,13,0,13,0,13
860Z200US96062,398,103,291,94,241,90,50,29,19,18,31,24,107,55,93,55,14,11
860Z200US96063,59,52,8,13,8,13,0,13,0,13,0,13,51,50,40,48,11,16
860Z200US96064,1794,120,1182,109,947,108,235,61,77,33,158,53,612,102,478,83,134,67
860Z200US96065,153,53,106,44,72,37,34,27,17,19,17,18,47,29,43,29,4,6
860Z200US96067,3630,303,2118,233,1742,256,376,139,91,52,285,132,1512,316,1328,294,184,105
860Z200US96068,17,14,7,10,1,2,6,10,6,10,0,13,10,9,10,9,0,13
860Z200US96069,529,125,356,119,289,114,67,31,33,18,34,25,173,69,155,67,18,15
860Z200US96071,7,11,0,13,0,13,0,13,0,13,0,13,7,11,7,11,0,13
860Z200US96073,1919,218,1584,207,1381,199,203,87,103,55,100,73,335,106,309,103,26,20
860Z200US96074,43,21,18,14,18,14,0,13,0,13,0,13,25,18,23,18,2,3
860Z200US96075,172,74,67,56,59,56,8,12,0,13,8,12,105,61,94,58,11,17
860Z200US96076,63,44,15,18,15,18,0,13,0,13,0,13,48,40,35,39,13,19
860Z200US96078,34,55,34,55,34,55,0,13,0,13,0,13,0,13,0,13,0,13
860Z200US96080,12003,509,8159,575,5455,535,2704,398,997,266,1707,349,3844,463,3055,396,789,295
860Z200US96084,279,65,190,49,152,41,38,30,23,27,15,14,89,44,68,38,21,22
860Z200US96085,14,13,6,6,6,6,0,13,0,13,0,13,8,12,1,2,7,11
860Z200US96086,125,33,72,23,59,22,13,10,5,7,8,7,53,25,44,21,9,11
860Z200US96087,299,101,219,88,131,59,88,68,64,61,24,32,80,54,18,27,62,47
860Z200US96088,2179,280,1332,248,1145,239,187,82,114,72,73,43,847,200,678,189,169,94
860Z200US96090,202,67,112,50,92,44,20,16,6,9,14,12,90,31,79,30,11,11
860Z200US96091,329,90,154,62,134,61,20,17,7,5,13,16,175,66,147,62,28,17
860Z200US96092,105,69,71,37,38,36,33,24,0,13,33,24,34,54,34,54,0,13
860Z200US96093,1660,264,833,228,680,210,153,98,35,44,118,79,827,221,685,211,142,93
860Z200US96094,2926,214,1586,193,1132,172,454,97,118,48,336,88,1340,194,1007,165,333,109
860Z200US96096,336,77,227,63,215,63,12,11,12,11,0,13,109,40,89,37,20,16
860Z200US96097,4229,228,2301,226,1612,213,689,137,115,71,574,138,1928,293,1582,270,346,139
860Z200US96101,1906,203,1259,192,995,176,264,91,101,69,163,71,647,159,562,152,85,57
860Z200US96103,605,132,346,93,281,87,65,40,11,12,54,38,259,91,168,64,91,62
860Z200US96104,431,88,284,87,195,67,89,66,14,20,75,63,147,56,141,56,6,7
860Z200US96105,192,138,122,128,13,21,109,125,78,114,31,50,70,73,70,73,0,13
860Z200US96106,167,82,132,64,91,49,41,47,0,13,41,47,35,42,35,42,0,13
860Z200US96107,348,106,279,97,279,97,0,13,0,13,0,13,69,46,69,46,0,13
860Z200US96108,61,42,39,30,39,30,0,13,0,13,0,13,22,28,22,28,0,13
860Z200US96109,450,91,273,89,145,75,128,74,34,38,94,75,177,76,123,71,54,49
860Z200US96110,25,15,16,12,16,12,0,13,0,13,0,13,9,9,9,9,0,13
860Z200US96111,14,12,8,13,8,13,0,13,0,13,0,13,6,9,6,9,0,13
860Z200US96112,63,35,38,22,22,16,16,18,0,13,16,18,25,19,19,19,6,8
860Z200US96113,354,95,215,95,144,82,71,52,17,26,54,45,139,37,57,41,82,36
860Z200US96114,1222,187,862,172,723,170,139,79,20,25,119,77,360,112,251,77,109,70
860Z200US96115,66,36,53,33,53,33,0,13,0,13,0,13,13,14,13,14,0,13
860Z200US96116,19,28,0,13,0,13,0,13,0,13,0,13,19,28,19,28,0,13
860Z200US96117,84,41,68,38,68,38,0,13,0,13,0,13,16,16,16,16,0,13
860Z200US96118,593,114,420,111,380,101,40,42,34,42,6,11,173,76,173,76,0,13
860Z200US96119,16,26,16,26,0,13,16,26,0,13,16,26,0,13,0,13,0,13
860Z200US96120,350,51,232,50,181,45,51,25,22,16,29,18,118,41,104,40,14,9
860Z200US96121,43,37,43,37,21,18,22,31,0,13,22,31,0,13,0,13,0,13
860Z200US96122,1822,248,1084,215,867,209,217,102,22,38,195,106,738,196,562,164,176,131
860Z200US96123,21,12,13,10,9,8,4,5,1,3,3,4,8,6,6,5,2,3
860Z200US96124,60,44,52,42,24,28,28,35,21,33,7,10,8,14,8,14,0,13
860Z200US96125,143,60,99,49,99,49,0,13,0,13,0,13,44,45,44,45,0,13
860Z200US96126,69,57,33,35,27,36,6,6,0,13,6,6,36,46,36,46,0,13
860Z200US96128,225,95,167,73,167,73,0,13,0,13,0,13,58,52,43,48,15,23
860Z200US96129,187,122,171,120,118,109,53,82,53,82,0,13,16,23,0,13,16,23
860Z200US96130,5389,317,3552,320,2791,317,761,191,255,104,506,145,1837,219,1524,208,313,109
860Z200US96132,9,6,0,13,0,13,0,13,0,13,0,13,9,6,3,4,6,6
860Z200US96133,76,48,62,46,42,45,20,27,20,27,0,13,14,24,14,24,0,13
860Z200US96134,769,113,568,108,427,98,141,56,49,29,92,45,201,72,143,50,58,49
860Z200US96135,56,93,56,93,56,93,0,13,0,13,0,13,0,13,0,13,0,13
860Z200US96136,5,9,5,9,0,13,5,9,0,13,5,9,0,13,0,13,0,13
860Z200US96137,1351,180,858,148,630,129,228,90,27,39,201,88,493,123,444,121,49,41
860Z200US96140,521,148,289,120,251,115,38,27,19,23,19,16,232,88,129,52,103,71
860Z200US96141,260,58,187,51,167,51,20,17,0,13,20,17,73,32,54,31,19,17
860Z200US96142,425,80,211,58,160,52,51,31,41,28,10,16,214,61,120,52,94,42
860Z200US96143,1277,218,819,201,559,181,260,151,151,125,109,95,458,164,315,143,143,106
860Z200US96145,1274,190,726,178,682,175,44,45,0,13,44,45,548,135,427,111,121,73
860Z200US96146,482,95,256,69,244,67,12,13,12,13,0,13,226,70,130,64,96,33
860Z200US96148,286,101,183,84,160,80,23,27,0,13,23,27,103,57,79,51,24,26
860Z200US96150,12442,519,7108,440,5338,364,1770,243,482,147,1288,211,5334,567,3792,558,1542,266
860Z200US96155,0,13,0,13,0,13,0,13,0,13,0,13,0,13,0,13,0,13
860Z200US96161,7291,383,5061,331,4523,330,538,186,210,124,328,141,2230,323,1565,271,665,168
