GEO_ID,B11001_E001,B11001_M001,B11001_E002,B11001_M002,B11001_E003,B11001_M003,B11001_E004,B11001_M004,B11001_E005,B11001_M005,B11001_E006,B11001_M006,B11001_E007,B11001_M007,B11001_E008,B11001_M008,B11001_E009,B11001_M009
860Z200US90001,13421,550,11179,584,6022,490,5157,484,2117,297,3040,413,2242,280,1620,243,622,147
860Z200US90002,13011,523,10580,518,4994,399,5586,482,1646,303,3940,398,2431,319,1974,309,457,132
860Z200US90003,17759,622,14471,588,6691,444,7780,530,2451,314,5329,507,3288,296,2443,236,845,201
860Z200US90004,22231,669,12221,620,7996,581,4225,537,1382,324,2843,416,10010,701,6770,565,3240,433
860Z200US90005,15993,522,7444,474,4572,356,2872,352,1200,288,1672,278,8549,551,6676,458,1873,295
860Z200US90006,18850,650,12120,620,6243,463,5877,471,1870,278,4007,379,6730,434,4590,338,2140,272
860Z200US90007,12211,469,5755,404,2708,268,3047,340,989,194,2058,313,6456,413,3717,358,2739,309
860Z200US90008,14425,679,6375,508,3215,407,3160,406,819,245,2341,352,8050,670,7292,600,758,280
860Z200US90010,2247,297,934,176,644,149,290,94,80,67,210,57,1313,249,934,207,379,152
860Z200US90011,24603,764,20744,659,10793,546,9951,569,3667,380,6284,548,3859,409,2707,374,1152,213
860Z200US90012,14361,723,5219,442,3633,357,1586,336,697,203,889,270,9142,661,6493,599,2649,395
860Z200US90013,7724,661,1073,272,721,196,352,183,298,186,54,50,6651,673,5815,653,836,260
860Z200US90014,5803,511,844,219,601,178,243,147,123,105,120,91,4959,507,4257,458,702,195
860Z200US90015,11746,516,4087,476,2381,387,1706,352,757,277,949,238,7659,551,5657,597,2002,396
860Z200US90016,17387,735,10134,628,5497,465,4637,544,1513,277,3124,494,7253,594,5814,546,1439,282
860Z200US90017,12996,653,5247,419,2688,404,2559,296,1085,236,1474,231,7749,592,6196,555,1553,285
860Z200US90018,16394,580,10690,598,5763,483,4927,478,1449,270,3478,361,5704,427,4386,417,1318,228
860Z200US90019,23584,852,12805,738,7816,670,4989,534,1723,334,3266,481,10779,626,7934,494,2845,512
860Z200US90020,16881,782,8508,575,5798,625,2710,363,922,247,1788,292,8373,587,6544,576,1829,336
860Z200US90021,1454,216,389,159,229,138,160,94,101,75,59,37,1065,200,963,192,102,66
860Z200US90022,17266,530,14092,600,7484,546,6608,596,2626,394,3982,457,3174,391,2520,385,654,167
860Z200US90023,11832,409,9544,470,5043,386,4501,374,1466,244,3035,337,2288,261,1758,234,530,127
860Z200US90024,16359,752,5513,535,4516,477,997,246,281,115,716,231,10846,754,7138,632,3708,463
860Z200US90025,21470,858,8317,668,6249,575,2068,459,735,304,1333,300,13153,762,8647,645,4506,567
860Z200US90026,25968,749,12011,521,7026,493,4985,396,1822,280,3163,364,13957,768,8957,638,5000,481
860Z200US90027,21133,575,8501,485,6217,439,2284,359,755,193,1529,293,12632,585,9329,492,3303,342
860Z200US90028,16833,836,4409,511,2937,476,1472,356,491,229,981,250,12424,786,9730,788,2694,442
860Z200US90029,13218,519,6712,462,4097,405,2615,294,924,211,1691,239,6506,372,4966,329,1540,254
860Z200US90031,11868,530,8083,487,4810,510,3273,370,979,173,2294,319,3785,508,2690,470,1095,199
860Z200US90032,13314,420,9641,467,5901,485,3740,307,1335,193,2405,253,3673,369,2646,286,1027,196
860Z200US90033,13240,446,9631,467,4778,401,4853,447,1499,274,3354,329,3609,333,2715,324,894,179
860Z200US90034,24938,828,10046,677,7330,609,2716,491,883,245,1833,413,14892,802,10188,783,4704,442
860Z200US90035,11310,686,5236,462,4233,438,1003,253,209,85,794,229,6074,649,4153,539,1921,335
860Z200US90036,18990,675,6890,421,5566,400,1324,282,513,175,811,186,12100,612,9064,666,3036,415
860Z200US90037,17772,606,13191,559,6395,461,6796,460,2324,349,4472,370,4581,433,3350,383,1231,244
860Z200US90038,12595,542,4843,379,3042,351,1801,277,731,220,1070,200,7752,520,5637,508,2115,286
860Z200US90039,11992,619,5973,337,4572,296,1401,242,556,171,845,188,6019,587,4290,504,1729,343
860Z200US90040,3424,228,2612,207,1685,212,927,183,342,144,585,148,812,169,725,174,87,64
860Z200US90041,10001,492,6498,464,4851,418,1647,303,652,196,995,202,3503,469,2482,420,1021,264
860Z200US90042,20844,638,12915,653,8746,550,4169,463,1409,229,2760,351,7929,566,5336,500,2593,353
860Z200US90043,17052,769,9966,679,5863,554,4103,487,1053,220,3050,424,7086,646,6132,635,954,282
860Z200US90044,28202,811,21112,781,9149,594,11963,816,3213,432,8750,685,7090,496,5995,467,1095,255
860Z200US90045,15666,602,8936,581,6853,547,2083,349,720,222,1363,315,6730,523,4700,467,2030,350
860Z200US90046,28249,848,8070,660,6689,594,1381,286,575,192,806,186,20179,907,15398,1015,4781,541
860Z200US90047,16853,731,11543,732,5273,470,6270,745,1726,454,4544,706,5310,516,4487,493,823,236
860Z200US90048,11474,788,4153,407,3273,415,880,209,395,171,485,131,7321,721,5749,664,1572,324
860Z200US90049,16116,559,7894,457,6525,448,1369,260,436,161,933,202,8222,568,5900,462,2322,387
860Z200US90052,0,13,0,13,0,13,0,13,0,13,0,13,0,13,0,13,0,13
860Z200US90056,3556,415,2153,415,1288,325,865,298,325,231,540,189,1403,314,1195,300,208,122
860Z200US90057,17179,540,9165,581,4615,467,4550,385,1883,306,2667,315,8014,482,5624,434,2390,353
860Z200US90058,979,211,692,187,316,167,376,100,79,53,297,107,287,122,220,116,67,94
860Z200US90059,10162,548,7993,589,3698,452,4295,458,1002,257,3293,399,2169,289,1796,273,373,132
860Z200US90061,7844,583,5754,450,2637,294,3117,346,930,229,2187,293,2090,501,1753,482,337,150
860Z200US90062,9796,466,7059,482,3488,364,3571,458,992,289,2579,331,2737,274,2065,233,672,187
860Z200US90063,13616,478,10616,471,6102,449,4514,399,1574,262,2940,314,3000,364,2248,317,752,212
860Z200US90064,11144,593,5732,463,4760,392,972,251,449,196,523,165,5412,499,4150,477,1262,245
860Z200US90065,16180,688,10606,644,7239,625,3367,306,1132,226,2235,260,5574,422,3446,391,2128,277
860Z200US90066,24647,722,12489,587,9522,510,2967,390,1110,221,1857,321,12158,741,9312,708,2846,381
860Z200US90067,1531,201,541,157,398,94,143,113,59,90,84,65,990,184,892,171,98,73
860Z200US90068,11528,634,4053,451,3268,389,785,262,176,91,609,227,7475,548,5774,521,1701,272
860Z200US90069,12844,691,2895,425,2281,357,614,232,192,114,422,188,9949,753,7573,729,2376,397
860Z200US90071,10,12,5,10,0,13,5,10,0,13,5,10,5,9,5,9,0,13
860Z200US90073,0,13,0,13,0,13,0,13,0,13,0,13,0,13,0,13,0,13
860Z200US90077,2899,227,2105,262,1850,260,255,99,67,46,188,96,794,165,645,140,149,87
860Z200US90079,0,13,0,13,0,13,0,13,0,13,0,13,0,13,0,13,0,13
860Z200US90089,5,7,0,13,0,13,0,13,0,13,0,13,5,7,0,13,5,7
860Z200US90094,5560,423,2770,398,2282,366,488,199,167,128,321,150,2790,420,2091,439,699,293
860Z200US90095,0,13,0,13,0,13,0,13,0,13,0,13,0,13,0,13,0,13
860Z200US90201,23847,539,20113,451,10774,546,9339,504,2737,308,6602,436,3734,478,2899,446,835,195
860Z200US90210,7947,460,5008,400,4224,351,784,203,360,161,424,150,2939,390,2553,368,386,134
860Z200US90211,3801,325,2105,296,1545,307,560,161,193,90,367,140,1696,281,1356,226,340,162
860Z200US90212,5503,459,2771,367,2064,343,707,268,211,138,496,242,2732,402,2433,371,299,176
860Z200US90220,13704,540,10683,514,5739,431,4944,454,1397,306,3547,376,3021,529,2537,474,484,234
860Z200US90221,12531,389,10314,413,5813,426,4501,391,1504,269,2997,350,2217,298,1812,280,405,142
860Z200US90222,8511,462,6859,472,3818,387,3041,494,833,242,2208,398,1652,315,1444,282,208,104
860Z200US90230,13792,692,7861,512,6023,477,1838,305,300,122,1538,269,5931,683,5016,683,915,215
860Z200US90232,7101,432,3290,377,2773,372,517,183,176,122,341,127,3811,464,2856,431,955,196
860Z200US90240,7670,446,6477,474,4438,439,2039,415,805,240,1234,360,1193,274,1047,270,146,93
860Z200US90241,14098,508,10942,487,6528,511,4414,436,1440,364,2974,334,3156,385,2276,333,880,233
860Z200US90242,12729,564,9981,518,6496,541,3485,390,922,276,2563,339,2748,412,2135,399,613,169
860Z200US90245,7070,344,4293,234,3328,260,965,171,330,140,635,157,2777,404,2034,394,743,210
860Z200US90247,16082,566,11341,476,7289,428,4052,472,1418,373,2634,311,4741,439,3900,432,841,176
860Z200US90248,3857,371,2866,355,1931,279,935,251,223,104,712,212,991,181,786,144,205,92
860Z200US90249,8869,442,5967,365,3670,342,2297,354,487,160,1810,330,2902,406,2230,311,672,270
860Z200US90250,31962,940,21472,628,12222,609,9250,699,2828,445,6422,613,10490,953,8297,799,2193,336
860Z200US90254,8926,395,4564,356,3965,340,599,180,218,96,381,142,4362,524,3064,462,1298,285
860Z200US90255,18168,489,15149,408,8507,522,6642,416,2164,223,4478,395,3019,364,2204,334,815,156
860Z200US90260,10281,492,7784,462,5148,422,2636,424,1113,318,1523,265,2497,378,1907,328,590,188
860Z200US90262,15026,443,13012,378,8150,458,4862,449,1759,358,3103,390,2014,314,1685,310,329,96
860Z200US90263,0,13,0,13,0,13,0,13,0,13,0,13,0,13,0,13,0,13
860Z200US90265,6463,463,4412,378,3737,393,675,176,252,145,423,122,2051,387,1618,348,433,176
860Z200US90266,13422,435,9317,372,7912,413,1405,230,579,194,826,179,4105,493,3057,404,1048,275
860Z200US90270,6320,244,5264,244,3248,297,2016,263,734,186,1282,217,1056,195,730,171,326,117
860Z200US90272,8074,340,5798,349,5150,366,648,155,174,79,474,133,2276,280,1937,227,339,171
860Z200US90274,8962,361,7138,242,6114,361,1024,267,421,197,603,229,1824,309,1646,290,178,83
860Z200US90275,15397,408,12276,420,10646,431,1630,365,330,137,1300,341,3121,367,2751,341,370,134
860Z200US90277,16590,740,8738,585,7149,577,1589,323,465,142,1124,305,7852,704,6119,740,1733,367
860Z200US90278,15889,614,10603,558,8615,512,1988,431,597,195,1391,354,5286,581,3546,416,1740,369
860Z200US90280,23824,546,19981,486,12128,580,7853,471,3051,293,4802,397,3843,397,3002,317,841,219
860Z200US90290,2003,227,1402,265,1083,244,319,131,128,104,191,106,601,204,427,170,174,117
860Z200US90291,13535,723,4848,417,3930,370,918,211,426,167,492,124,8687,735,6601,718,2086,265
860Z200US90292,13048,896,5236,689,4366,625,870,373,317,221,553,279,7812,826,5830,715,1982,529
860Z200US90293,6625,431,2601,414,2123,396,478,153,192,101,286,131,4024,384,2783,374,1241,219
860Z200US90301,12110,549,7928,463,4309,498,3619,383,1315,259,2304,344,4182,513,3519,500,663,191
860Z200US90302,10456,522,6826,492,3049,338,3777,479,817,250,2960,468,3630,368,2994,341,636,178
860Z200US90303,6844,361,5193,370,2919,312,2274,360,755,178,1519,300,1651,222,1292,176,359,141
860Z200US90304,7067,496,5568,399,3496,400,2072,302,697,234,1375,233,1499,368,1149,349,350,149
860Z200US90305,5880,383,3821,379,1970,279,1851,337,301,115,1550,316,2059,338,1807,337,252,127
860Z200US90401,4678,428,1114,196,935,193,179,110,103,87,76,57,3564,420,2864,383,700,268
860Z200US90402,4906,350,3242,319,2824,338,418,121,141,72,277,109,1664,259,1332,229,332,158
860Z200US90403,13164,640,5500,492,4467,463,1033,290,215,90,818,290,7664,720,6418,660,1246,319
860Z200US90404,10562,573,4538,405,2879,346,1659,333,646,233,1013,272,6024,605,4600,614,1424,231
860Z200US90405,14247,698,5629,556,4039,397,1590,435,562,232,1028,398,8618,706,6911,692,1707,298
860Z200US90501,14423,583,10259,565,7428,528,2831,388,838,256,1993,327,4164,549,3263,478,901,225
860Z200US90502,6342,477,4314,463,2970,467,1344,282,417,167,927,242,2028,313,1588,293,440,174
860Z200US90503,17173,638,11433,555,8858,479,2575,413,713,225,1862,350,5740,558,4762,517,978,203
860Z200US90504,11662,604,8294,500,6239,593,2055,294,636,203,1419,252,3368,524,2642,399,726,316
860Z200US90505,14177,602,9858,441,7950,439,1908,347,400,158,1508,291,4319,502,3693,476,626,137
860Z200US90506,0,13,0,13,0,13,0,13,0,13,0,13,0,13,0,13,0,13
860Z200US90601,10782,531,7655,571,5438,512,2217,355,617,145,1600,341,3127,384,2540,376,587,159
860Z200US90602,8032,380,5514,375,3477,342,2037,262,742,160,1295,211,2518,362,1945,333,573,153
860Z200US90603,6490,351,5086,336,3978,344,1108,239,450,154,658,190,1404,245,1128,218,276,127
860Z200US90604,11781,428,9188,458,6887,465,2301,282,639,160,1662,239,2593,296,2018,265,575,172
860Z200US90605,11107,445,9048,408,6490,402,2558,334,773,180,1785,293,2059,342,1535,300,524,170
860Z200US90606,8692,322,6966,344,4735,352,2231,307,713,186,1518,256,1726,254,1433,246,293,108
860Z200US90620,13124,572,10839,468,8355,457,2484,322,763,179,1721,263,2285,375,1682,328,603,160
860Z200US90621,10744,564,8639,592,5472,583,3167,428,954,265,2213,360,2105,360,1378,280,727,238
860Z200US90623,4944,229,3869,177,3107,239,762,164,249,100,513,130,1075,263,828,224,247,115
860Z200US90630,16118,435,12835,335,9829,373,3006,286,654,135,2352,272,3283,416,2457,341,826,281
860Z200US90631,21886,484,16772,450,12349,526,4423,509,1771,354,2652,364,5114,542,3899,491,1215,247
860Z200US90638,14803,593,11842,369,8903,474,2939,431,874,206,2065,363,2961,570,2682,561,279,103
860Z200US90639,0,13,0,13,0,13,0,13,0,13,0,13,0,13,0,13,0,13
860Z200US90640,19191,469,14755,422,8400,490,6355,540,2083,351,4272,469,4436,474,3359,382,1077,285
860Z200US90650,26353,581,21926,516,15069,597,6857,547,2441,407,4416,467,4427,402,3325,345,1102,241
860Z200US90660,16996,534,13535,344,9093,488,4442,422,1475,251,2967,361,3461,532,2850,492,611,156
860Z200US90670,5212,234,3942,217,2498,262,1444,231,295,108,1149,200,1270,165,1059,157,211,87
860Z200US90680,9667,563,6601,325,4580,320,2021,304,584,174,1437,229,3066,589,2632,538,434,159
860Z200US90701,4417,320,3688,263,2482,322,1206,220,322,164,884,187,729,203,507,169,222,134
860Z200US90703,15687,445,13293,357,10445,413,2848,342,938,271,1910,246,2394,418,2059,420,335,98
860Z200US90704,1543,203,1078,147,803,186,275,107,80,70,195,97,465,237,442,238,23,38
860Z200US90706,24018,586,17787,448,10790,509,6997,501,2348,333,4649,470,6231,598,4643,486,1588,348
860Z200US90710,9150,432,6740,394,4486,360,2254,341,635,150,1619,314,2410,234,1955,227,455,127
860Z200US90712,10247,451,7791,445,5966,454,1825,269,532,162,1293,237,2456,380,1913,319,543,168
860Z200US90713,9583,382,7495,347,5735,304,1760,274,699,234,1061,190,2088,275,1641,260,447,153
860Z200US90715,6573,356,5048,336,3092,262,1956,352,592,185,1364,311,1525,279,1153,249,372,133
860Z200US90716,3659,185,3037,169,1911,212,1126,193,517,159,609,158,622,153,487,136,135,58
860Z200US90717,8255,341,5481,306,3906,370,1575,308,323,147,1252,300,2774,357,2287,355,487,177
860Z200US90720,8247,343,6243,321,4655,335,1588,219,447,101,1141,206,2004,255,1597,245,407,121
860Z200US90723,14360,402,11813,337,6833,424,4980,438,1693,275,3287,371,2547,351,2039,320,508,143
860Z200US90731,23155,723,14417,620,8609,501,5808,452,1641,311,4167,428,8738,640,7146,565,1592,344
860Z200US90732,8680,496,5831,420,4331,388,1500,243,483,154,1017,237,2849,357,2408,346,441,157
860Z200US90740,12836,497,5996,287,4933,321,1063,260,365,216,698,151,6840,622,6216,628,624,203
860Z200US90742,324,83,97,38,57,28,40,30,22,23,18,20,227,83,214,83,13,16
860Z200US90743,200,62,139,60,122,59,17,12,17,12,0,13,61,52,44,43,17,27
860Z200US90744,14995,447,11926,467,7821,494,4105,316,1518,229,2587,283,3069,300,2454,291,615,122
860Z200US90745,15337,559,12679,534,8796,539,3883,442,1204,223,2679,392,2658,367,2255,359,403,137
860Z200US90746,8547,517,6761,483,4070,411,2691,443,982,303,1709,371,1786,274,1469,256,317,153
860Z200US90747,0,13,0,13,0,13,0,13,0,13,0,13,0,13,0,13,0,13
860Z200US90755,4603,474,2595,235,1728,211,867,223,332,141,535,178,2008,417,1419,334,589,218
860Z200US90802,21450,767,6472,595,3815,481,2657,436,934,283,1723,325,14978,751,11871,723,3107,380
860Z200US90803,17502,794,7212,636,5529,513,1683,387,627,300,1056,221,10290,653,8172,686,2118,406
860Z200US90804,14975,625,8035,579,4437,445,3598,446,1429,361,2169,409,6940,548,4930,486,2010,305
860Z200US90805,28175,716,20725,738,11563,719,9162,596,1863,321,7299,566,7450,625,5372,590,2078,377
860Z200US90806,12555,508,8929,519,4709,446,4220,455,1229,268,2991,421,3626,365,2712,341,914,180
860Z200US90807,12788,569,7810,534,5573,492,2237,365,606,202,1631,291,4978,567,3997,523,981,188
860Z200US90808,14195,521,10761,531,8407,518,2354,367,573,214,1781,351,3434,375,2834,363,600,142
860Z200US90810,9871,514,8001,511,5061,395,2940,412,948,191,1992,391,1870,276,1579,248,291,126
860Z200US90813,17485,618,11350,489,5347,405,6003,438,2158,384,3845,347,6135,596,4406,515,1729,277
860Z200US90814,8817,474,4016,380,2869,321,1147,341,349,122,798,306,4801,507,3387,471,1414,272
860Z200US90815,14998,537,9937,556,7853,483,2084,306,536,137,1548,294,5061,375,3534,366,1527,213
860Z200US90822,0,13,0,13,0,13,0,13,0,13,0,13,0,13,0,13,0,13
860Z200US90831,0,13,0,13,0,13,0,13,0,13,0,13,0,13,0,13,0,13
860Z200US90840,0,13,0,13,0,13,0,13,0,13,0,13,0,13,0,13,0,13
860Z200US91001,12330,582,9008,552,6414,441,2594,529,391,133,2203,502,3322,346,2734,338,588,168
860Z200US91006,10464,485,8670,464,6511,336,2159,447,586,205,1573,379,1794,303,1371,246,423,163
860Z200US91007,11708,594,8697,497,5914,480,2783,443,647,283,2136,369,3011,423,2407,403,604,199
860Z200US91008,278,54,248,52,204,50,44,21,2,3,42,21,30,19,30,19,0,13
860Z200US91010,8462,372,6144,261,4257,352,1887,318,504,176,1383,259,2318,301,1944,312,374,135
860Z200US91011,6447,248,5536,183,5067,213,469,118,64,39,405,116,911,193,778,172,133,81
860Z200US91016,14701,464,9788,353,6601,460,3187,436,1063,281,2124,368,4913,479,3782,409,1131,280
860Z200US91020,3224,291,1729,272,1196,259,533,164,184,107,349,145,1495,269,1324,264,171,99
860Z200US91024,4961,301,2985,207,2324,245,661,199,120,76,541,206,1976,413,1779,392,197,99
860Z200US91030,10345,402,6872,284,5328,333,1544,248,569,167,975,218,3473,502,2767,488,706,195
860Z200US91040,7412,400,5361,356,3755,377,1606,299,642,195,964,239,2051,340,1691,305,360,153
860Z200US91042,9872,541,6999,496,4906,466,2093,325,836,213,1257,259,2873,411,2420,375,453,171
860Z200US91046,98,65,84,58,84,58,0,13,0,13,0,13,14,23,14,23,0,13
860Z200US91101,10391,656,3768,390,2954,389,814,191,231,109,583,169,6623,722,5422,659,1201,244
860Z200US91103,8480,472,5614,443,3472,361,2142,314,520,134,1622,290,2866,289,2181,257,685,151
860Z200US91104,13421,655,8919,525,6306,450,2613,403,796,212,1817,314,4502,572,3559,510,943,186
860Z200US91105,5463,274,3125,220,2651,240,474,140,220,98,254,96,2338,271,1728,225,610,166
860Z200US91106,10442,510,5130,415,3648,306,1482,344,462,189,1020,240,5312,508,3751,388,1561,345
860Z200US91107,12753,525,8438,414,6655,451,1783,368,763,259,1020,215,4315,426,3380,416,935,223
860Z200US91108,4031,423,3473,335,2928,328,545,182,206,121,339,138,558,171,505,164,53,57
860Z200US91125,0,13,0,13,0,13,0,13,0,13,0,13,0,13,0,13,0,13
860Z200US91201,8147,412,5447,311,3853,309,1594,261,631,182,963,193,2700,357,2080,302,620,215
860Z200US91202,8738,554,5767,471,4361,398,1406,237,469,149,937,177,2971,545,2492,497,479,185
860Z200US91203,6748,365,3997,322,2619,284,1378,273,453,144,925,223,2751,297,2172,294,579,167
860Z200US91204,6564,405,4076,329,2908,286,1168,248,377,116,791,235,2488,309,1727,328,761,186
860Z200US91205,13709,527,8730,515,6148,485,2582,335,837,215,1745,303,4979,382,3942,351,1037,230
860Z200US91206,12610,633,8433,598,6022,538,2411,377,692,211,1719,302,4177,397,3426,372,751,160
860Z200US91207,4121,384,2844,378,2079,382,765,229,274,133,491,188,1277,324,922,294,355,141
860Z200US91208,5964,585,4253,474,3487,288,766,385,283,356,483,169,1711,326,1432,316,279,133
860Z200US91210,125,54,76,47,67,45,9,13,0,13,9,13,49,36,49,36,0,13
860Z200US91214,10577,638,8331,580,7161,536,1170,243,262,123,908,231,2246,323,2033,322,213,105
860Z200US91301,9059,487,6929,338,5831,334,1098,263,468,213,630,182,2130,460,1804,454,326,137
860Z200US91302,9761,550,7188,471,5592,405,1596,383,553,179,1043,323,2573,444,1789,332,784,281
860Z200US91303,9887,496,6400,553,3882,415,2518,416,758,210,1760,371,3487,463,2340,321,1147,352
860Z200US91304,18190,606,12930,550,9115,582,3815,397,1163,258,2652,329,5260,540,4045,546,1215,259
860Z200US91306,14463,491,11002,477,7385,466,3617,439,1060,184,2557,387,3461,375,2606,329,855,176
860Z200US91307,8562,488,6802,473,5479,437,1323,279,549,183,774,197,1760,285,1280,231,480,190
860Z200US91311,14156,565,10261,631,7646,582,2615,373,860,249,1755,294,3895,378,3138,322,757,179
860Z200US91316,12372,603,7224,539,5423,453,1801,334,436,165,1365,316,5148,570,4317,558,831,245
860Z200US91320,14902,552,11491,497,9852,536,1639,286,440,133,1199,243,3411,431,2768,387,643,176
860Z200US91321,11240,525,7840,431,5316,466,2524,405,963,289,1561,338,3400,392,2749,375,651,158
860Z200US91324,10045,613,6549,495,4531,451,2018,395,853,293,1165,236,3496,472,2411,427,1085,231
860Z200US91325,12590,555,7748,497,5684,423,2064,456,499,160,1565,401,4842,500,3421,462,1421,270
860Z200US91326,12518,407,9828,455,8183,425,1645,286,637,172,1008,217,2690,400,2313,392,377,161
860Z200US91330,0,13,0,13,0,13,0,13,0,13,0,13,0,13,0,13,0,13
860Z200US91331,23182,667,19448,664,12509,599,6939,482,2471,335,4468,365,3734,422,3132,383,602,167
860Z200US91335,24289,766,17791,693,11789,579,6002,576,1599,277,4403,529,6498,633,5012,608,1486,329
860Z200US91340,8829,403,7164,345,4748,385,2416,302,979,249,1437,233,1665,272,1357,256,308,128
860Z200US91342,24793,716,20065,772,13173,619,6892,554,2222,278,4670,506,4728,449,3842,402,886,201
860Z200US91343,17977,537,14170,559,9397,481,4773,448,1741,255,3032,376,3807,373,2884,337,923,163
860Z200US91344,17529,714,13576,769,10196,772,3380,410,1259,258,2121,372,3953,433,3198,429,755,156
860Z200US91345,5448,350,4055,364,2736,319,1319,264,552,199,767,200,1393,250,1019,196,374,171
860Z200US91350,12914,493,10353,476,8651,469,1702,304,354,83,1348,294,2561,358,1927,345,634,172
860Z200US91351,10380,509,7872,517,5780,477,2092,393,724,181,1368,357,2508,433,1826,376,682,177
860Z200US91352,12040,426,9381,443,6101,390,3280,367,1180,248,2100,286,2659,251,2030,249,629,153
860Z200US91354,10766,514,8798,493,7178,417,1620,342,474,136,1146,331,1968,252,1547,235,421,153
860Z200US91355,12052,559,7881,439,6325,436,1556,296,437,173,1119,264,4171,452,3366,424,805,225
860Z200US91356,11803,474,7658,393,5803,348,1855,291,526,154,1329,270,4145,404,3255,373,890,260
860Z200US91360,15260,646,10303,560,8580,485,1723,428,690,371,1033,174,4957,531,4173,506,784,196
860Z200US91361,8005,430,5245,339,4233,333,1012,207,236,147,776,187,2760,293,2311,305,449,120
860Z200US91362,13859,676,9424,517,7614,437,1810,365,478,215,1332,308,4435,554,3541,531,894,293
860Z200US91364,10254,447,6864,470,5447,431,1417,297,498,142,919,232,3390,339,2555,295,835,223
860Z200US91367,17953,697,11158,636,7959,556,3199,486,849,271,2350,355,6795,586,5120,505,1675,449
860Z200US91371,0,13,0,13,0,13,0,13,0,13,0,13,0,13,0,13,0,13
860Z200US91377,5018,293,3478,294,3106,296,372,134,85,51,287,123,1540,237,1251,205,289,132
860Z200US91381,6590,480,5022,508,4280,469,742,244,394,195,348,147,1568,306,1244,282,324,154
860Z200US91384,6982,280,5873,344,4762,296,1111,219,459,141,652,165,1109,205,884,182,225,108
860Z200US91387,13789,479,10957,533,8250,530,2707,403,1051,270,1656,292,2832,331,2216,311,616,162
860Z200US91390,6288,458,5150,474,4440,471,710,177,248,106,462,129,1138,217,868,182,270,130
860Z200US91401,14596,586,8625,515,6074,505,2551,273,783,158,1768,253,5971,440,4605,401,1366,243
860Z200US91402,20133,753,15231,584,8767,528,6464,541,2433,367,4031,376,4902,518,3598,469,1304,257
860Z200US91403,11867,577,6256,445,4811,403,1445,255,417,171,1028,220,5611,471,3978,420,1633,272
860Z200US91405,18374,709,12141,700,7586,570,4555,442,1427,304,3128,416,6233,583,4236,395,1997,438
860Z200US91406,18686,660,12293,627,7773,571,4520,488,1475,292,3045,396,6393,565,4641,551,1752,307
860Z200US91411,9037,489,5158,433,3174,317,1984,319,564,152,1420,304,3879,409,2982,408,897,209
860Z200US91423,14925,679,7208,566,5418,507,1790,304,406,140,1384,300,7717,657,5543,484,2174,449
860Z200US91436,6011,438,4310,415,3518,288,792,332,169,114,623,310,1701,328,1247,279,454,235
860Z200US91501,7834,460,5233,403,3745,407,1488,340,739,282,749,214,2601,347,1986,309,615,170
860Z200US91502,5530,431,2443,362,1564,274,879,310,251,198,628,240,3087,393,2231,350,856,271
860Z200US91504,10151,514,7060,484,5144,486,1916,369,502,172,1414,350,3091,367,2388,320,703,191
860Z200US91505,13042,540,7374,487,5563,509,1811,358,530,195,1281,315,5668,482,4129,440,1539,332
860Z200US91506,8125,469,4606,418,3150,346,1456,407,447,355,1009,235,3519,447,3148,460,371,132
860Z200US91601,17086,846,6223,492,4086,389,2137,302,662,215,1475,262,10863,759,7727,744,3136,460
860Z200US91602,10124,603,4420,398,3396,381,1024,204,293,153,731,198,5704,544,4205,497,1499,273
860Z200US91604,14350,826,7281,535,5875,551,1406,242,413,150,993,202,7069,733,4732,653,2337,475
860Z200US91605,16304,587,11629,601,7203,520,4426,415,1358,302,3068,359,4675,395,3546,341,1129,201
860Z200US91606,15255,652,9545,585,6099,481,3446,421,1147,242,2299,355,5710,471,4542,463,1168,170
860Z200US91607,13384,680,6378,593,4528,549,1850,342,582,159,1268,301,7006,616,4710,560,2296,485
860Z200US91608,8,12,0,13,0,13,0,13,0,13,0,13,8,12,0,13,8,12
860Z200US91701,12845,563,10488,582,8227,549,2261,440,826,253,1435,312,2357,285,1966,259,391,129
860Z200US91702,16175,479,12631,347,8201,366,4430,328,1445,213,2985,308,3544,417,2374,346,1170,271
860Z200US91706,17857,434,15169,337,9512,473,5657,401,1952,250,3705,329,2688,326,2055,280,633,154
860Z200US91708,4096,598,3302,536,2584,519,718,299,269,277,449,192,794,406,462,169,332,356
860Z200US91709,24961,620,20880,550,16871,622,4009,547,1444,322,2565,423,4081,540,3180,545,901,261
860Z200US91710,22214,787,17432,562,13033,556,4399,456,1227,226,3172,380,4782,652,3643,599,1139,244
860Z200US91711,12452,628,8773,465,7009,467,1764,290,406,129,1358,264,3679,496,3018,443,661,184
860Z200US91722,10321,495,7899,430,5422,388,2477,402,866,210,1611,327,2422,373,1836,336,586,194
860Z200US91723,6250,424,4235,339,2577,327,1658,258,431,169,1227,212,2015,322,1713,321,302,91
860Z200US91724,8987,529,7010,551,4799,422,2211,375,608,224,1603,316,1977,332,1278,239,699,202
860Z200US91730,24460,820,16875,842,10972,811,5903,518,1734,373,4169,502,7585,749,6141,663,1444,342
860Z200US91731,7928,390,6088,391,3518,370,2570,289,965,191,1605,236,1840,287,1478,258,362,136
860Z200US91732,15260,538,12559,483,7303,473,5256,459,1832,322,3424,358,2701,333,1903,297,798,180
860Z200US91733,10786,442,9125,421,5239,382,3886,409,1797,320,2089,259,1661,262,1248,257,413,131
860Z200US91737,7760,372,6345,371,4957,385,1388,242,374,132,1014,209,1415,269,1085,224,330,154
860Z200US91739,11336,528,9525,534,7595,547,1930,457,659,336,1271,315,1811,435,1501,441,310,150
860Z200US91740,8449,392,6595,374,4638,375,1957,333,560,175,1397,270,1854,244,1370,207,484,145
860Z200US91741,8856,448,6766,420,5537,427,1229,191,418,117,811,148,2090,280,1595,275,495,125
860Z200US91744,18303,446,16219,481,10209,523,6010,389,2099,319,3911,376,2084,265,1452,225,632,168
860Z200US91745,16309,604,13914,575,9989,519,3925,370,1377,330,2548,277,2395,233,1919,211,476,122
860Z200US91746,6981,422,6084,431,4097,313,1987,272,580,163,1407,262,897,171,634,130,263,108
860Z200US91748,13720,603,11231,619,8265,578,2966,443,852,220,2114,383,2489,350,1975,350,514,139
860Z200US91750,12191,479,8731,357,6777,436,1954,291,491,150,1463,276,3460,421,2938,396,522,159
860Z200US91752,9157,491,7648,453,5629,497,2019,329,918,260,1101,254,1509,267,987,172,522,168
860Z200US91754,11689,496,8459,432,5644,422,2815,318,982,222,1833,275,3230,311,2414,293,816,206
860Z200US91755,8604,391,6847,404,4822,448,2025,276,597,139,1428,255,1757,303,1196,240,561,147
860Z200US91759,175,61,121,53,111,51,10,11,2,4,8,10,54,34,51,33,3,5
860Z200US91761,17624,782,13992,600,9827,619,4165,506,1408,304,2757,447,3632,621,2899,650,733,211
860Z200US91762,18012,645,14106,606,8605,567,5501,542,1983,333,3518,469,3906,465,2904,390,1002,211
860Z200US91763,9896,470,8157,372,4820,391,3337,410,935,245,2402,361,1739,328,1499,300,240,89
860Z200US91764,16291,584,12549,549,7978,484,4571,520,1384,326,3187,463,3742,455,2648,365,1094,327
860Z200US91765,15119,431,12082,376,9495,386,2587,316,748,183,1839,271,3037,454,2422,379,615,245
860Z200US91766,19134,682,15285,640,10216,686,5069,458,1792,294,3277,387,3849,424,2712,411,1137,243
860Z200US91767,14712,598,10424,505,6521,465,3903,416,1310,243,2593,393,4288,555,3293,517,995,260
860Z200US91768,8635,513,6767,446,4058,370,2709,325,924,203,1785,230,1868,367,1424,346,444,134
860Z200US91770,16192,507,13395,477,9308,473,4087,348,1461,254,2626,296,2797,416,2168,329,629,230
860Z200US91773,11705,436,8702,346,6493,407,2209,362,775,267,1434,252,3003,405,2449,395,554,139
860Z200US91775,7992,487,5875,376,4563,354,1312,209,414,110,898,174,2117,310,1511,243,606,229
860Z200US91776,11470,460,8818,445,5698,450,3120,468,1240,258,1880,363,2652,404,1935,312,717,217
860Z200US91780,11656,444,9198,315,6691,374,2507,349,1044,286,1463,229,2458,387,2034,348,424,161
860Z200US91784,8992,356,7345,383,6271,385,1074,222,277,100,797,196,1647,252,1294,234,353,125
860Z200US91786,19456,531,13223,506,8494,546,4729,523,1811,372,2918,416,6233,570,4228,450,2005,389
860Z200US91789,12695,383,11054,377,8827,439,2227,257,726,175,1501,191,1641,295,1263,247,378,127
860Z200US91790,12465,497,10346,489,7004,487,3342,380,1089,226,2253,288,2119,289,1452,259,667,156
860Z200US91791,10674,483,8143,448,5531,407,2612,361,651,185,1961,323,2531,438,2026,339,505,274
860Z200US91792,9184,400,7113,363,4763,352,2350,301,783,199,1567,254,2071,260,1411,211,660,173
860Z200US91801,20080,533,13426,455,9041,437,4385,469,1299,253,3086,399,6654,423,4902,412,1752,256
860Z200US91803,10002,382,7132,370,4924,377,2208,256,766,199,1442,243,2870,314,2086,332,784,154
860Z200US91901,6313,382,4766,375,3978,393,788,169,315,123,473,147,1547,282,1335,280,212,91
860Z200US91902,6041,490,4295,312,3456,320,839,176,292,130,547,144,1746,477,1395,468,351,178
860Z200US91905,562,135,375,160,314,157,61,39,21,25,40,36,187,181,93,125,94,123
860Z200US91906,1343,199,967,188,683,169,284,125,85,72,199,105,376,129,266,97,110,80
860Z200US91910,25531,761,18534,653,12787,704,5747,497,1602,321,4145,412,6997,559,5378,541,1619,289
860Z200US91911,25756,949,20600,991,13859,970,6741,708,1869,364,4872,599,5156,553,4175,506,981,216
860Z200US91913,15469,810,13166,832,10068,851,3098,519,956,311,2142,488,2303,594,1730,587,573,279
860Z200US91914,4744,447,4241,462,3667,490,574,208,231,144,343,171,503,176,485,178,18,29
860Z200US91915,9713,530,8383,531,6765,623,1618,419,556,301,1062,300,1330,330,1019,314,311,170
860Z200US91916,671,130,498,124,423,117,75,54,12,21,63,49,173,79,127,65,46,45
860Z200US91917,198,81,167,77,85,57,82,52,33,50,49,49,31,36,15,24,16,26
860Z200US91931,304,138,157,86,120,76,37,45,14,24,23,37,147,147,122,141,25,37
860Z200US91932,9187,389,6087,289,3578,318,2509,351,1008,300,1501,234,3100,384,2350,349,750,181
860Z200US91934,271,144,197,127,78,78,119,119,0,13,119,119,74,72,49,59,25,41
860Z200US91935,2980,310,2391,307,2186,318,205,100,90,65,115,74,589,164,459,143,130,88
860Z200US91941,12486,649,9159,585,7194,618,1965,325,569,188,1396,272,3327,399,2605,384,722,169
860Z200US91942,16960,735,8785,452,5896,461,2889,400,649,201,2240,339,8175,751,6469,676,1706,260
860Z200US91945,9162,416,6382,322,4349,342,2033,319,493,160,1540,311,2780,428,2118,370,662,162
860Z200US91948,59,41,18,28,18,28,0,13,0,13,0,13,41,37,26,30,15,24
860Z200US91950,17769,522,12891,390,7720,510,5171,430,1146,251,4025,423,4878,582,4058,534,820,193
860Z200US91962,971,402,777,400,720,396,57,36,16,25,41,34,194,68,167,65,27,31
860Z200US91963,112,74,63,51,63,51,0,13,0,13,0,13,49,55,0,13,49,55
860Z200US91977,19730,745,14825,593,9911,632,4914,492,1531,317,3383,407,4905,593,3519,439,1386,394
860Z200US91978,3320,290,2576,328,1736,303,840,224,476,167,364,184,744,201,381,101,363,179
860Z200US91980,0,13,0,13,0,13,0,13,0,13,0,13,0,13,0,13,0,13
860Z200US92003,1627,241,1111,238,744,165,367,159,86,66,281,145,516,154,393,138,123,92
860Z200US92004,1336,321,872,273,761,275,111,120,55,90,56,88,464,220,449,222,15,23
860Z200US92007,4289,352,2992,357,2593,359,399,133,210,116,189,85,1297,261,760,202,537,191
860Z200US92008,11976,552,6955,539,5389,508,1566,377,518,293,1048,219,5021,494,3726,460,1295,279
860Z200US92009,16512,642,13093,586,10642,572,2451,499,390,156,2061,448,3419,420,2483,374,936,268
860Z200US92010,6388,488,4276,435,3329,429,947,283,319,188,628,186,2112,488,1649,470,463,185
860Z200US92011,9474,405,6820,492,5670,451,1150,344,269,171,881,277,2654,374,2158,344,496,165
860Z200US92014,5452,428,3719,304,3327,321,392,165,169,105,223,105,1733,396,1216,392,517,175
860Z200US92019,15091,729,11628,632,8668,484,2960,409,883,278,2077,353,3463,404,2948,435,515,164
860Z200US92020,19997,700,14245,571,9687,632,4558,623,1328,287,3230,523,5752,531,4408,486,1344,247
860Z200US92021,23331,776,17117,887,11171,797,5946,596,1900,371,4046,515,6214,516,4715,416,1499,324
860Z200US92024,19480,819,13051,651,10886,607,2165,331,759,190,1406,273,6429,549,4526,417,1903,314
860Z200US92025,16799,755,11079,466,7683,515,3396,356,1304,244,2092,278,5720,733,4661,707,1059,205
860Z200US92026,18432,759,12444,692,9399,713,3045,332,1110,249,1935,269,5988,479,4782,486,1206,339
860Z200US92027,17263,743,12790,626,9077,625,3713,410,1318,254,2395,369,4473,680,3567,682,906,217
860Z200US92028,16649,663,12788,623,9974,580,2814,436,1066,264,1748,375,3861,429,2971,406,890,203
860Z200US92029,7459,433,4938,347,4126,309,812,214,367,165,445,135,2521,373,1757,318,764,280
860Z200US92036,1360,351,761,180,644,166,117,85,33,49,84,70,599,319,486,297,113,75
860Z200US92037,16342,579,9738,498,8275,528,1463,304,527,222,936,210,6604,404,4981,392,1623,297
860Z200US92040,15446,785,11116,733,8399,662,2717,486,790,252,1927,440,4330,585,3254,495,1076,355
860Z200US92054,14910,695,8207,525,5989,444,2218,366,842,251,1376,261,6703,666,4640,549,2063,369
860Z200US92055,0,19,0,19,0,19,0,19,0,19,0,19,0,19,0,19,0,19
860Z200US92056,19344,665,13379,635,10718,607,2661,359,829,237,1832,311,5965,447,4467,434,1498,250
860Z200US92057,18440,584,14128,594,11018,695,3110,424,937,252,2173,301,4312,405,3407,366,905,204
860Z200US92058,14201,848,11498,801,9016,797,2482,487,1159,307,1323,364,2703,528,2161,503,542,158
860Z200US92059,491,82,402,81,312,77,90,26,22,14,68,23,89,33,77,32,12,8
860Z200US92060,99,72,56,55,54,55,2,3,0,13,2,3,43,49,43,49,0,13
860Z200US92061,647,128,525,108,424,97,101,47,21,12,80,46,122,80,73,34,49,73
860Z200US92064,16282,434,12821,369,10499,407,2322,343,949,231,1373,262,3461,389,2609,352,852,185
860Z200US92065,12229,691,9286,569,7476,516,1810,334,755,222,1055,243,2943,526,2172,489,771,202
860Z200US92066,177,59,83,43,83,43,0,13,0,13,0,13,94,44,69,34,25,31
860Z200US92067,2991,402,2555,412,2093,317,462,283,231,265,231,148,436,170,273,137,163,111
860Z200US92069,14824,652,11172,579,7838,464,3334,422,1109,327,2225,356,3652,348,2694,320,958,196
860Z200US92070,355,108,192,66,98,48,94,44,67,42,27,15,163,97,62,27,101,95
860Z200US92071,20678,530,14862,454,11173,523,3689,436,1188,285,2501,338,5816,583,4331,526,1485,317
860Z200US92075,4978,406,3204,234,2685,270,519,168,210,98,309,155,1774,373,1436,345,338,125
860Z200US92078,17988,692,12756,612,10519,628,2237,441,472,148,1765,413,5232,605,4209,523,1023,264
860Z200US92081,10420,444,7235,485,5212,492,2023,377,554,209,1469,335,3185,427,2288,415,897,275
860Z200US92082,6134,618,5195,628,4023,454,1172,472,563,448,609,196,939,209,716,167,223,145
860Z200US92083,11316,472,8323,437,5740,414,2583,312,712,172,1871,303,2993,370,2119,336,874,194
860Z200US92084,14672,531,11114,502,8021,467,3093,450,1189,279,1904,344,3558,398,2539,373,1019,245
860Z200US92086,524,90,347,71,263,63,84,52,60,48,24,17,177,58,157,56,20,18
860Z200US92091,609,135,370,100,264,91,106,78,23,41,83,70,239,107,197,109,42,40
860Z200US92092,0,13,0,13,0,13,0,13,0,13,0,13,0,13,0,13,0,13
860Z200US92093,0,13,0,13,0,13,0,13,0,13,0,13,0,13,0,13,0,13
860Z200US92096,0,13,0,13,0,13,0,13,0,13,0,13,0,13,0,13,0,13
860Z200US92101,25702,978,6806,696,5724,657,1082,298,346,152,736,258,18896,923,14929,780,3967,716
860Z200US92102,14420,709,7535,497,4793,409,2742,380,769,227,1973,283,6885,723,5001,653,1884,340
860Z200US92103,18550,679,6403,545,5314,457,1089,242,275,115,814,220,12147,726,8781,711,3366,390
860Z200US92104,21951,861,8545,588,5995,500,2550,401,745,208,1805,350,13406,783,8847,738,4559,498
860Z200US92105,22779,1026,15307,737,9060,677,6247,627,1637,402,4610,491,7472,890,5133,804,2339,514
860Z200US92106,7678,443,4960,391,4099,408,861,241,254,148,607,223,2718,382,2317,368,401,164
860Z200US92107,13507,590,5992,589,4684,488,1308,293,549,206,759,219,7515,513,4871,537,2644,360
860Z200US92108,11847,560,4406,547,3289,463,1117,347,457,242,660,242,7441,540,5106,489,2335,426
860Z200US92109,21942,812,7103,455,5434,441,1669,270,599,161,1070,242,14839,844,8677,606,6162,675
860Z200US92110,11875,574,5560,484,4043,430,1517,308,476,163,1041,251,6315,515,4325,449,1990,332
860Z200US92111,16870,719,10712,704,7379,696,3333,388,1046,261,2287,330,6158,557,4193,517,1965,398
860Z200US92113,13757,564,10675,512,5702,508,4973,442,1189,225,3784,397,3082,450,2568,433,514,168
860Z200US92114,18163,555,15034,517,9843,549,5191,464,1595,250,3596,385,3129,359,2497,325,632,174
860Z200US92115,20892,807,11421,771,7888,726,3533,361,968,224,2565,340,9471,698,5625,563,3846,417
860Z200US92116,16356,788,6218,566,4936,554,1282,268,394,170,888,185,10138,845,6670,679,3468,557
860Z200US92117,20681,860,13283,931,9476,780,3807,634,1002,279,2805,566,7398,618,4558,478,2840,447
860Z200US92118,7147,836,5036,550,4333,495,703,152,177,73,526,131,2111,426,1796,367,315,166
860Z200US92119,9224,421,6062,447,4835,404,1227,230,345,134,882,214,3162,406,2529,347,633,239
860Z200US92120,11544,565,7261,445,5816,411,1445,335,467,148,978,306,4283,439,3016,424,1267,284
860Z200US92121,1694,132,921,115,806,120,115,56,39,32,76,44,773,109,442,84,331,88
860Z200US92122,19242,728,8736,573,7146,578,1590,283,486,190,1104,218,10506,648,5972,657,4534,444
860Z200US92123,12035,782,7804,826,5650,812,2154,402,749,276,1405,324,4231,371,2774,371,1457,260
860Z200US92124,11201,497,8065,436,6861,470,1204,343,345,148,859,300,3136,352,2100,339,1036,286
860Z200US92126,24903,766,18681,886,14767,780,3914,517,1771,414,2143,321,6222,451,3877,400,2345,352
860Z200US92127,15909,825,13025,933,10581,770,2444,620,721,301,1723,570,2884,527,2015,486,869,369
860Z200US92128,20465,688,13980,712,11491,675,2489,465,500,169,1989,401,6485,516,5349,495,1136,279
860Z200US92129,18049,657,14315,701,11947,677,2368,321,629,154,1739,309,3734,413,2536,372,1198,232
860Z200US92130,20632,821,15867,744,13442,719,2425,442,592,155,1833,394,4765,624,3532,596,1233,334
860Z200US92131,12550,455,9893,486,8817,490,1076,215,360,129,716,189,2657,346,2045,288,612,218
860Z200US92132,0,13,0,13,0,13,0,13,0,13,0,13,0,13,0,13,0,13
860Z200US92134,0,13,0,13,0,13,0,13,0,13,0,13,0,13,0,13,0,13
860Z200US92135,0,13,0,13,0,13,0,13,0,13,0,13,0,13,0,13,0,13
860Z200US92136,0,21,0,21,0,21,0,21,0,21,0,21,0,21,0,21,0,21
860Z200US92139,9929,476,7872,523,5194,521,2678,459,659,177,2019,415,2057,294,1543,258,514,160
860Z200US92140,0,13,0,13,0,13,0,13,0,13,0,13,0,13,0,13,0,13
860Z200US92145,0,13,0,13,0,13,0,13,0,13,0,13,0,13,0,13,0,13
860Z200US92147,0,13,0,13,0,13,0,13,0,13,0,13,0,13,0,13,0,13
860Z200US92154,22724,690,18589,651,12999,645,5590,505,1639,377,3951,437,4135,520,3249,480,886,219
860Z200US92155,0,13,0,13,0,13,0,13,0,13,0,13,0,13,0,13,0,13
860Z200US92161,0,13,0,13,0,13,0,13,0,13,0,13,0,13,0,13,0,13
860Z200US92173,8064,532,6304,389,4295,378,2009,346,434,134,1575,316,1760,429,1590,419,170,77
860Z200US92179,0,13,0,13,0,13,0,13,0,13,0,13,0,13,0,13,0,13
860Z200US92182,0,13,0,13,0,13,0,13,0,13,0,13,0,13,0,13,0,13
860Z200US92201,25316,1157,14709,799,10776,735,3933,474,1291,289,2642,412,10607,1112,9705,1043,902,277
860Z200US92203,12228,612,8249,464,6759,526,1490,314,563,188,927,274,3979,509,3583,498,396,111
860Z200US92210,2517,150,1527,190,1359,186,168,112,23,27,145,108,990,234,770,196,220,239
860Z200US92211,12946,752,7427,582,6069,557,1358,310,264,114,1094,272,5519,578,4275,449,1244,342
860Z200US92220,11617,455,7889,378,5200,460,2689,372,884,292,1805,276,3728,494,3272,461,456,176
860Z200US92222,9,13,9,13,9,13,0,13,0,13,0,13,0,13,0,13,0,13
860Z200US92223,18462,613,14407,472,10649,517,3758,502,1431,356,2327,374,4055,508,3203,466,852,222
860Z200US92225,5036,445,3625,332,2312,336,1313,175,272,116,1041,148,1411,271,1092,232,319,127
860Z200US92227,7597,486,5732,293,3480,352,2252,326,693,195,1559,293,1865,361,1521,342,344,174
860Z200US92230,807,161,556,150,347,151,209,108,1,6,208,108,251,117,106,70,145,110
860Z200US92231,9005,548,6876,352,4483,330,2393,320,522,219,1871,308,2129,540,1902,500,227,129
860Z200US92233,1014,206,724,168,447,163,277,95,56,42,221,91,290,147,250,143,40,32
860Z200US92234,18827,717,11689,346,8171,457,3518,406,1198,282,2320,347,7138,641,5849,631,1289,197
860Z200US92236,15722,997,9214,530,6141,435,3073,450,963,263,2110,374,6508,890,6094,871,414,193
860Z200US92239,139,70,104,73,104,73,0,13,0,13,0,13,35,24,33,23,2,3
860Z200US92240,13962,733,8616,518,5052,586,3564,464,974,321,2590,401,5346,552,4523,550,823,229
860Z200US92241,3498,326,1772,256,1513,231,259,101,109,55,150,83,1726,274,1483,250,243,145
860Z200US92242,599,68,323,61,219,56,104,38,55,32,49,30,276,58,190,52,86,36
860Z200US92243,13080,497,10248,441,6219,443,4029,438,1137,295,2892,378,2832,456,2437,405,395,179
860Z200US92249,1869,287,1585,317,1035,195,550,289,256,223,294,183,284,158,226,150,58,61
860Z200US92250,2031,320,1412,195,1034,192,378,140,85,62,293,143,619,230,588,226,31,35
860Z200US92251,5907,616,4675,454,3258,452,1417,373,306,163,1111,356,1232,494,1054,455,178,162
860Z200US92252,3597,343,1830,298,1301,272,529,161,51,67,478,147,1767,250,1327,240,440,144
860Z200US92253,15358,800,10331,454,8357,520,1974,365,691,251,1283,243,5027,692,4161,650,866,265
860Z200US92254,3251,630,1938,511,1347,353,591,338,203,147,388,313,1313,506,1248,494,65,63
860Z200US92256,1515,199,743,144,543,121,200,96,80,66,120,72,772,172,591,164,181,91
860Z200US92257,479,210,161,77,95,55,66,70,15,23,51,66,318,202,307,202,11,18
860Z200US92258,231,88,140,77,56,45,84,64,58,54,26,40,91,55,78,50,13,21
860Z200US92259,140,80,71,52,71,52,0,13,0,13,0,13,69,68,64,68,5,7
860Z200US92260,14717,562,8305,454,6428,455,1877,318,553,162,1324,278,6412,644,5294,520,1118,272
860Z200US92262,13062,460,5748,375,4211,350,1537,246,537,182,1000,200,7314,458,5724,488,1590,210
860Z200US92264,11005,380,4590,278,3588,239,1002,161,367,103,635,120,6415,348,4975,347,1440,163
860Z200US92266,123,85,53,59,53,59,0,13,0,13,0,13,70,64,70,64,0,13
860Z200US92267,22,31,0,13,0,13,0,13,0,13,0,13,22,31,22,31,0,13
860Z200US92268,279,88,125,63,125,63,0,13,0,13,0,13,154,62,141,61,13,15
860Z200US92270,8817,320,4768,307,4246,315,522,153,114,59,408,134,4049,443,3149,421,900,232
860Z200US92273,444,103,343,104,159,94,184,86,94,66,90,60,101,63,76,60,25,23
860Z200US92274,5746,501,2773,378,2054,327,719,232,236,123,483,170,2973,450,2710,446,263,148
860Z200US92275,629,214,206,101,136,91,70,53,18,22,52,48,423,197,399,198,24,23
860Z200US92276,2879,396,1890,381,1467,401,423,154,72,81,351,140,989,239,865,239,124,86
860Z200US92277,9873,542,6261,413,4712,378,1549,277,648,238,901,195,3612,456,2999,428,613,190
860Z200US92278,0,13,0,13,0,13,0,13,0,13,0,13,0,13,0,13,0,13
860Z200US92280,0,13,0,13,0,13,0,13,0,13,0,13,0,13,0,13,0,13
860Z200US92281,562,100,439,95,250,57,189,83,34,22,155,79,123,46,100,43,23,20
860Z200US92282,430,74,282,78,191,78,91,40,10,20,81,41,148,61,106,51,42,33
860Z200US92283,531,119,317,96,158,82,159,56,40,20,119,54,214,76,189,72,25,22
860Z200US92284,10285,488,6097,313,4130,406,1967,402,626,246,1341,333,4188,557,3085,544,1103,310
860Z200US92285,1062,146,608,147,443,131,165,90,111,79,54,47,454,116,371,106,83,57
860Z200US92301,8605,382,7166,369,4082,432,3084,375,930,236,2154,350,1439,279,1167,257,272,127
860Z200US92304,0,13,0,13,0,13,0,13,0,13,0,13,0,13,0,13,0,13
860Z200US92305,149,50,120,52,94,46,26,29,26,29,0,13,29,26,29,26,0,13
860Z200US92307,13224,586,9749,512,7301,583,2448,410,598,200,1850,394,3475,458,2589,422,886,262
860Z200US92308,13856,580,10199,504,7435,504,2764,362,983,232,1781,298,3657,419,3133,394,524,185
860Z200US92309,229,90,148,65,97,66,51,25,20,19,31,19,81,56,69,51,12,19
860Z200US92310,2790,363,2056,339,1625,276,431,258,196,208,235,176,734,223,681,223,53,56
860Z200US92311,11526,620,7905,542,4258,482,3647,413,950,239,2697,404,3621,481,3096,471,525,177
860Z200US92313,4721,342,3313,282,2173,325,1140,238,469,159,671,185,1408,326,1175,312,233,163
860Z200US92314,4399,468,2815,350,1921,318,894,231,334,127,560,233,1584,314,1305,287,279,135
860Z200US92315,2212,167,1390,161,1096,178,294,90,93,52,201,69,822,164,639,151,183,91
860Z200US92316,7550,549,6446,459,4646,536,1800,329,605,168,1195,249,1104,270,820,210,284,211
860Z200US92317,385,115,230,95,205,99,25,40,0,13,25,40,155,89,129,82,26,42
860Z200US92320,3653,284,2517,164,1990,161,527,149,238,129,289,112,1136,209,915,213,221,116
860Z200US92321,440,113,327,104,298,101,29,33,29,33,0,13,113,76,102,75,11,17
860Z200US92322,399,161,179,97,179,97,0,13,0,13,0,13,220,157,145,118,75,122
860Z200US92324,17955,681,13895,514,8403,549,5492,604,1709,441,3783,454,4060,518,3073,446,987,245
860Z200US92325,3317,374,2241,347,1537,303,704,191,244,129,460,150,1076,233,869,202,207,88
860Z200US92327,379,179,131,96,21,34,110,90,23,35,87,83,248,170,170,139,78,91
860Z200US92328,474,159,239,134,199,123,40,46,0,13,40,46,235,110,154,69,81,78
860Z200US92332,65,69,13,17,3,6,10,16,0,13,10,16,52,68,4,6,48,68
860Z200US92333,237,81,148,65,123,56,25,30,7,10,18,28,89,57,58,47,31,34
860Z200US92335,24921,741,20493,650,12574,556,7919,638,2341,374,5578,521,4428,522,3373,472,1055,211
860Z200US92336,26519,891,23410,890,16937,912,6473,829,1674,354,4799,727,3109,470,2280,393,829,266
860Z200US92337,9720,517,8750,533,6383,547,2367,338,845,209,1522,315,970,188,764,167,206,87
860Z200US92338,0,13,0,13,0,13,0,13,0,13,0,13,0,13,0,13,0,13
860Z200US92339,506,152,295,111,201,53,94,100,29,30,65,94,211,125,118,48,93,104
860Z200US92341,155,63,114,52,114,52,0,13,0,13,0,13,41,35,36,32,5,9
860Z200US92342,2467,297,1774,328,1393,336,381,188,157,128,224,195,693,224,524,189,169,143
860Z200US92344,5629,437,4725,498,4031,532,694,238,288,197,406,192,904,314,563,247,341,248
860Z200US92345,25960,984,20313,790,13594,921,6719,625,2499,449,4220,560,5647,766,4551,711,1096,303
860Z200US92346,17966,691,14182,605,9015,530,5167,528,1774,351,3393,447,3784,444,3024,429,760,204
860Z200US92347,303,118,142,83,142,83,0,13,0,13,0,13,161,95,118,90,43,47
860Z200US92350,54,69,54,69,54,69,0,13,0,13,0,13,0,13,0,13,0,13
860Z200US92352,2021,313,1568,316,1339,300,229,99,98,65,131,71,453,118,367,120,86,51
860Z200US92354,8515,533,5565,415,4117,372,1448,285,476,158,972,237,2950,513,2147,392,803,273
860Z200US92356,2428,270,1617,250,1110,222,507,150,234,112,273,135,811,174,658,154,153,124
860Z200US92358,351,98,227,81,197,81,30,25,5,8,25,24,124,52,97,43,27,34
860Z200US92359,3251,400,2201,294,1682,322,519,137,186,84,333,111,1050,301,739,337,311,168
860Z200US92363,2079,147,1401,141,901,152,500,115,96,53,404,103,678,187,546,192,132,89
860Z200US92364,12,13,0,13,0,13,0,13,0,13,0,13,12,13,12,13,0,13
860Z200US92365,1019,208,624,155,521,149,103,67,4,10,99,65,395,142,371,139,24,22
860Z200US92368,289,69,213,53,108,34,105,44,14,12,91,42,76,38,44,24,32,31
860Z200US92369,0,13,0,13,0,13,0,13,0,13,0,13,0,13,0,13,0,13
860Z200US92371,5745,519,4796,507,3200,420,1596,340,539,238,1057,330,949,265,708,222,241,163
860Z200US92372,1823,275,1340,232,1010,233,330,155,70,83,260,134,483,211,430,199,53,83
860Z200US92373,12793,696,8013,646,5867,567,2146,551,483,173,1663,541,4780,592,3747,604,1033,312
860Z200US92374,14568,628,10158,608,6713,546,3445,507,965,316,2480,487,4410,611,3067,530,1343,341
860Z200US92376,22101,678,18003,577,10985,639,7018,608,2539,393,4479,468,4098,474,3214,443,884,185
860Z200US92377,5257,317,4740,330,3526,320,1214,271,219,138,995,234,517,136,415,121,102,63
860Z200US92378,143,60,108,49,79,45,29,28,11,19,18,21,35,33,24,28,11,17
860Z200US92382,1696,193,1121,171,849,165,272,93,77,51,195,83,575,128,445,129,130,74
860Z200US92384,18,16,8,13,8,13,0,13,0,13,0,13,10,13,6,11,4,6
860Z200US92385,101,43,53,34,53,34,0,13,0,13,0,13,48,25,34,24,14,18
860Z200US92386,876,242,486,162,311,136,175,103,42,47,133,85,390,168,294,145,96,72
860Z200US92389,126,53,54,34,34,30,20,19,12,16,8,8,72,42,52,28,20,29
860Z200US92391,884,254,678,261,490,212,188,162,166,161,22,17,206,98,178,94,28,41
860Z200US92392,16641,831,13661,727,9083,840,4578,678,1442,401,3136,542,2980,539,2055,357,925,341
860Z200US92394,9636,686,7959,763,5365,744,2594,449,517,206,2077,444,1677,395,1363,357,314,174
860Z200US92395,15252,756,10475,595,6382,542,4093,438,883,237,3210,424,4777,717,3960,748,817,234
860Z200US92397,2262,321,1538,311,1450,301,88,67,16,26,72,67,724,193,561,173,163,106
860Z200US92398,646,298,279,128,249,121,30,49,0,13,30,49,367,277,307,273,60,74
860Z200US92399,18504,644,13575,406,10072,465,3503,472,1198,350,2305,388,4929,586,4294,530,635,207
860Z200US92401,740,140,447,121,127,56,320,120,74,64,246,108,293,84,232,75,61,55
860Z200US92404,18591,834,14002,757,7496,547,6506,620,2249,453,4257,500,4589,557,3282,441,1307,397
860Z200US92405,9226,696,6668,533,3510,447,3158,424,875,242,2283,392,2558,486,2067,373,491,233
860Z200US92407,17574,583,14064,634,8813,643,5251,544,1811,395,3440,389,3510,348,2744,336,766,220
860Z200US92408,3633,305,2510,295,1662,293,848,161,323,127,525,111,1123,234,843,179,280,128
860Z200US92410,12949,583,9852,551,5352,427,4500,491,1584,339,2916,359,3097,396,2561,348,536,209
860Z200US92411,6683,392,5488,373,3188,372,2300,309,516,155,1784,287,1195,205,906,170,289,125
860Z200US92415,0,13,0,13,0,13,0,13,0,13,0,13,0,13,0,13,0,13
860Z200US92501,6562,429,4333,404,2292,286,2041,397,610,207,1431,352,2229,272,1557,219,672,177
860Z200US92503,24338,794,19911,795,14059,785,5852,474,1895,307,3957,429,4427,464,3553,413,874,214
860Z200US92504,15659,724,11725,783,8456,685,3269,471,994,312,2275,354,3934,446,2635,334,1299,363
860Z200US92505,14152,486,11091,499,7603,489,3488,399,1137,270,2351,277,3061,363,2113,284,948,248
860Z200US92506,14415,653,11021,577,8589,566,2432,390,728,211,1704,325,3394,469,2610,406,784,234
860Z200US92507,16875,612,9841,544,6268,422,3573,348,1167,232,2406,351,7034,508,4487,430,2547,398
860Z200US92508,9763,558,8597,496,7155,512,1442,248,408,153,1034,200,1166,290,903,280,263,105
860Z200US92509,18749,550,15708,465,10648,588,5060,528,1734,364,3326,394,3041,383,2104,291,937,247
860Z200US92518,488,135,153,54,132,47,21,24,0,13,21,24,335,135,229,74,106,114
860Z200US92521,0,13,0,13,0,13,0,13,0,13,0,13,0,13,0,13,0,13
860Z200US92530,16083,748,12436,639,8787,638,3649,413,1196,242,2453,344,3647,502,2923,455,724,215
860Z200US92532,7684,555,6434,491,4817,547,1617,424,559,207,1058,390,1250,324,828,268,422,188
860Z200US92536,965,175,703,165,605,165,98,75,49,44,49,60,262,133,248,139,14,23
860Z200US92539,1545,266,959,233,800,229,159,84,78,66,81,55,586,194,468,189,118,68
860Z200US92543,13145,769,8794,598,5434,558,3360,404,1096,245,2264,374,4351,596,3480,479,871,287
860Z200US92544,16058,713,12172,656,8482,700,3690,471,784,147,2906,428,3886,382,3081,383,805,201
860Z200US92545,15347,568,10088,518,7682,515,2406,403,742,249,1664,282,5259,536,4320,508,939,260
860Z200US92548,2232,417,1584,381,1152,397,432,156,209,128,223,92,648,186,449,151,199,128
860Z200US92549,1308,176,760,138,627,133,133,64,37,39,96,52,548,129,486,114,62,47
860Z200US92551,8171,388,7330,420,4799,360,2531,372,793,195,1738,333,841,174,570,151,271,101
860Z200US92553,19158,613,15854,666,9798,629,6056,563,1680,298,4376,480,3304,416,2563,371,741,206
860Z200US92555,11493,583,9782,527,7132,475,2650,429,893,239,1757,359,1711,302,1017,221,694,240
860Z200US92557,14516,564,11742,616,7417,571,4325,566,1243,264,3082,438,2774,281,2049,260,725,164
860Z200US92561,694,143,467,131,387,149,80,90,15,28,65,82,227,94,213,92,14,15
860Z200US92562,20226,708,15935,543,12526,581,3409,481,852,281,2557,389,4291,507,3553,483,738,214
860Z200US92563,21383,837,17792,796,14373,757,3419,626,1108,355,2311,590,3591,550,2481,486,1110,332
860Z200US92567,2592,226,2218,221,1799,224,419,125,179,94,240,91,374,101,218,88,156,82
860Z200US92570,14230,720,12249,674,8800,575,3449,486,1168,299,2281,404,1981,370,1677,349,304,169
860Z200US92571,13351,621,12069,488,8602,555,3467,423,1538,363,1929,351,1282,338,802,290,480,174
860Z200US92582,5066,390,4302,346,3084,412,1218,337,362,160,856,277,764,301,487,219,277,193
860Z200US92583,9984,603,7271,447,4771,490,2500,417,824,244,1676,377,2713,458,2036,393,677,243
860Z200US92584,15668,711,13431,707,11116,723,2315,380,916,271,1399,265,2237,364,1666,336,571,147
860Z200US92585,7180,570,5950,563,4432,504,1518,379,457,285,1061,292,1230,260,961,227,269,174
860Z200US92586,9155,599,4863,453,3714,389,1149,294,165,83,984,266,4292,462,3847,460,445,118
860Z200US92587,5888,353,4602,346,3619,359,983,275,219,95,764,239,1286,305,1024,300,262,117
860Z200US92590,1919,232,1334,179,887,197,447,150,129,87,318,128,585,190,476,186,109,56
860Z200US92591,13382,527,10440,572,8409,565,2031,323,488,172,1543,287,2942,454,2323,414,619,214
860Z200US92592,24499,699,20543,694,17098,704,3445,502,1088,261,2357,409,3956,548,2908,435,1048,275
860Z200US92595,10286,377,8423,334,6414,395,2009,328,789,275,1220,255,1863,364,1487,320,376,136
860Z200US92596,8824,526,7786,484,5881,470,1905,451,604,240,1301,376,1038,351,472,194,566,302
860Z200US92602,9125,698,6781,791,5331,751,1450,521,383,310,1067,407,2344,692,1778,569,566,344
860Z200US92603,7131,630,4940,544,4241,548,699,281,171,128,528,255,2191,514,1343,344,848,376
860Z200US92604,10407,723,7445,563,5956,505,1489,289,404,111,1085,286,2962,472,2125,450,837,182
860Z200US92606,9018,782,6017,665,4643,586,1374,331,403,150,971,329,3001,596,2135,542,866,291
860Z200US92610,4229,391,3483,337,3085,346,398,138,143,90,255,104,746,250,527,225,219,96
860Z200US92612,14122,557,6097,498,4616,398,1481,339,419,244,1062,228,8025,651,4570,575,3455,471
860Z200US92614,11223,761,6687,622,4912,495,1775,462,357,121,1418,503,4536,672,2817,524,1719,391
860Z200US92617,4092,363,1786,310,1628,314,158,100,28,35,130,86,2306,296,755,232,1551,286
860Z200US92618,20890,1000,13252,821,10355,800,2897,557,1224,318,1673,426,7638,784,5709,731,1929,382
860Z200US92620,21158,958,16176,898,13679,825,2497,367,751,257,1746,310,4982,661,3625,610,1357,398
860Z200US92624,2555,267,1645,293,1370,264,275,146,142,119,133,71,910,227,713,220,197,109
860Z200US92625,5860,424,3524,393,2907,373,617,243,297,195,320,169,2336,357,1878,344,458,203
860Z200US92626,19364,773,11553,640,8775,642,2778,421,990,259,1788,336,7811,639,5247,555,2564,415
860Z200US92627,22141,603,13115,474,9308,496,3807,563,1370,287,2437,404,9026,607,5594,585,3432,353
860Z200US92629,11642,531,7389,393,6175,420,1214,301,408,173,806,273,4253,479,3312,426,941,235
860Z200US92630,23246,627,16361,552,12891,593,3470,427,1155,215,2315,381,6885,578,5126,539,1759,312
860Z200US92637,11933,326,4230,282,3735,281,495,142,116,62,379,143,7703,556,6949,584,754,188
860Z200US92646,21399,774,14815,623,11643,542,3172,403,1082,288,2090,372,6584,721,5463,617,1121,286
860Z200US92647,21002,675,14012,602,9402,580,4610,520,1532,389,3078,312,6990,616,4786,513,2204,389
860Z200US92648,19726,790,11134,680,8341,614,2793,467,806,245,1987,384,8592,791,6197,727,2395,411
860Z200US92649,14696,561,9577,559,7670,583,1907,310,838,242,1069,205,5119,430,3651,409,1468,270
860Z200US92651,10976,455,6596,350,5594,423,1002,256,381,142,621,180,4380,531,3428,488,952,218
860Z200US92653,10738,420,7635,277,6167,432,1468,341,414,149,1054,311,3103,446,2272,346,831,251
860Z200US92655,2505,327,1750,297,1137,258,613,178,205,116,408,161,755,230,646,200,109,113
860Z200US92656,19701,506,13351,377,10468,433,2883,337,920,271,1963,280,6350,542,5076,533,1274,278
860Z200US92657,3648,291,2584,292,2216,290,368,171,52,69,316,152,1064,251,805,238,259,158
860Z200US92660,15806,770,9461,540,7942,557,1519,352,514,193,1005,297,6345,697,5218,675,1127,237
860Z200US92661,1652,383,1086,329,979,348,107,71,18,30,89,68,566,233,433,214,133,88
860Z200US92662,1217,195,714,166,584,102,130,114,24,21,106,111,503,160,389,116,114,107
860Z200US92663,10552,611,4858,492,3970,472,888,294,302,142,586,271,5694,568,4112,496,1582,401
860Z200US92672,15185,724,9629,616,8092,579,1537,239,467,145,1070,185,5556,561,4305,571,1251,259
860Z200US92673,9774,405,8292,396,7290,424,1002,289,190,106,812,270,1482,313,976,235,506,212
860Z200US92675,12460,611,8907,388,7489,417,1418,420,361,166,1057,352,3553,547,2980,494,573,198
860Z200US92676,760,74,523,82,406,81,117,60,23,20,94,54,237,61,179,54,58,37
860Z200US92677,25361,629,18065,522,14671,642,3394,479,825,208,2569,401,7296,688,5728,610,1568,292
860Z200US92678,242,50,164,44,144,43,20,20,12,17,8,10,78,46,34,26,44,38
860Z200US92679,10493,519,9199,514,8137,471,1062,199,468,176,594,124,1294,226,1084,224,210,77
860Z200US92683,27611,628,21400,550,15177,631,6223,464,2007,333,4216,429,6211,477,5076,462,1135,216
860Z200US92688,15446,532,11635,483,9467,480,2168,302,517,175,1651,270,3811,504,3024,429,787,228
860Z200US92691,16400,654,12731,578,10646,515,2085,266,671,159,1414,239,3669,422,2686,374,983,252
860Z200US92692,16588,572,12837,559,11184,552,1653,278,613,173,1040,224,3751,331,3119,318,632,154
860Z200US92694,11292,475,9406,508,7557,414,1849,385,518,204,1331,320,1886,365,1652,334,234,122
860Z200US92697,0,13,0,13,0,13,0,13,0,13,0,13,0,13,0,13,0,13
860Z200US92701,12341,568,9525,457,6275,406,3250,361,892,204,2358,289,2816,395,2098,429,718,266
860Z200US92703,13543,579,11518,493,7518,454,4000,438,1410,211,2590,364,2025,403,1478,399,547,157
860Z200US92704,19686,528,15623,507,10534,423,5089,355,1894,279,3195,317,4063,461,2589,385,1474,300
860Z200US92705,14959,679,11980,656,9627,597,2353,345,924,252,1429,281,2979,448,2082,401,897,226
860Z200US92706,10076,552,8239,536,6140,528,2099,272,553,130,1546,265,1837,254,1392,206,445,134
860Z200US92707,14142,659,11553,682,7845,686,3708,431,1231,252,2477,360,2589,302,1611,242,978,202
860Z200US92708,18852,716,13882,457,10895,443,2987,320,1051,223,1936,266,4970,699,3727,622,1243,296
860Z200US92780,17420,693,12654,546,8664,542,3990,438,1019,253,2971,439,4766,577,3485,485,1281,256
860Z200US92782,10988,645,8173,650,6440,664,1733,466,657,253,1076,413,2815,460,2166,355,649,250
860Z200US92801,18522,799,13870,619,8837,654,5033,459,1406,256,3627,426,4652,540,3183,386,1469,319
860Z200US92802,11946,655,8863,552,5830,514,3033,458,1097,214,1936,396,3083,547,2249,496,834,248
860Z200US92804,24586,879,18069,750,12122,657,5947,563,1838,355,4109,528,6517,699,4687,565,1830,360
860Z200US92805,20593,719,14959,656,9840,643,5119,588,1657,388,3462,410,5634,548,4148,513,1486,272
860Z200US92806,12521,520,8385,554,6383,530,2002,283,556,177,1446,245,4136,472,2752,421,1384,301
860Z200US92807,12248,498,9340,562,7339,472,2001,312,677,216,1324,330,2908,313,2374,301,534,176
860Z200US92808,7797,527,5572,449,4609,394,963,234,403,131,560,191,2225,439,1851,379,374,293
860Z200US92821,14822,469,10798,428,8397,460,2401,357,578,158,1823,305,4024,423,3299,422,725,194
860Z200US92823,1762,278,1524,292,1161,205,363,241,34,38,329,233,238,94,141,72,97,63
860Z200US92831,12401,437,7663,411,5587,363,2076,284,761,202,1315,254,4738,383,2864,341,1874,289
860Z200US92832,8203,390,5355,471,3695,410,1660,317,723,282,937,196,2848,380,1979,321,869,223
860Z200US92833,16584,678,13011,545,10053,589,2958,427,986,216,1972,370,3573,474,2595,420,978,349
860Z200US92835,9120,457,6913,413,5934,412,979,223,270,138,709,212,2207,312,1927,297,280,137
860Z200US92840,15530,648,11953,566,8232,522,3721,472,1007,201,2714,439,3577,377,2559,337,1018,211
860Z200US92841,9531,429,7471,416,4927,369,2544,276,1014,194,1530,227,2060,264,1629,238,431,140
860Z200US92843,11802,479,9753,502,6718,475,3035,349,1084,200,1951,305,2049,266,1395,210,654,142
860Z200US92844,6733,363,5282,343,3059,301,2223,326,996,290,1227,221,1451,215,1078,205,373,151
860Z200US92845,5380,266,4001,198,3151,210,850,167,281,103,569,127,1379,197,1234,183,145,88
860Z200US92860,7060,282,5769,236,4637,315,1132,199,389,127,743,172,1291,208,1046,206,245,93
860Z200US92861,1965,171,1703,147,1562,138,141,81,27,31,114,73,262,98,222,88,40,35
860Z200US92865,6813,466,5042,344,3818,329,1224,236,441,140,783,199,1771,384,962,294,809,257
860Z200US92866,5626,389,3176,371,2136,327,1040,287,358,150,682,250,2450,355,1838,344,612,183
860Z200US92867,12948,509,9984,435,7698,417,2286,300,709,173,1577,257,2964,371,2041,282,923,218
860Z200US92868,7990,496,5147,461,3138,406,2009,392,717,232,1292,322,2843,345,1963,323,880,193
860Z200US92869,11243,566,8714,448,7064,466,1650,279,394,176,1256,211,2529,457,1759,424,770,157
860Z200US92870,16727,464,12933,381,9783,443,3150,418,989,227,2161,379,3794,500,2844,435,950,256
860Z200US92879,13758,543,10970,479,7645,476,3325,399,992,254,2333,314,2788,345,2140,274,648,170
860Z200US92880,18961,820,16558,755,14154,805,2404,397,618,180,1786,321,2403,391,1920,387,483,147
860Z200US92881,9057,457,8019,467,6409,445,1610,360,436,206,1174,293,1038,198,839,201,199,90
860Z200US92882,19622,623,16251,581,12536,601,3715,407,1325,218,2390,326,3371,330,2483,320,888,226
860Z200US92883,11248,698,8775,641,7391,608,1384,306,446,187,938,244,2473,539,2106,541,367,140
860Z200US92886,16777,405,13479,398,11551,408,1928,366,786,281,1142,258,3298,341,2756,308,542,188
860Z200US92887,7071,399,5895,397,5014,415,881,180,328,143,553,121,1176,187,954,171,222,109
860Z200US93001,12810,613,7531,554,4908,488,2623,403,668,215,1955,369,5279,545,4256,525,1023,230
860Z200US93003,20167,643,12805,621,9519,567,3286,462,1233,283,2053,377,7362,570,5810,561,1552,270
860Z200US93004,11183,528,7899,477,6452,481,1447,274,627,181,820,187,3284,397,2437,393,847,231
860Z200US93010,16264,544,11673,575,9463,532,2210,328,535,171,1675,315,4591,478,3653,424,938,231
860Z200US93012,13273,520,8781,549,7241,477,1540,389,280,126,1260,369,4492,498,3441,365,1051,324
860Z200US93013,6208,427,4021,294,3327,284,694,225,321,179,373,121,2187,348,1757,333,430,159
860Z200US93015,5531,331,4515,337,3160,392,1355,377,415,316,940,241,1016,254,777,223,239,132
860Z200US93021,12059,375,9585,284,8275,351,1310,235,587,205,723,151,2474,373,2032,348,442,147
860Z200US93022,2135,216,1453,212,1147,208,306,108,143,94,163,64,682,169,499,138,183,97
860Z200US93023,8471,588,5305,424,4063,438,1242,265,379,155,863,236,3166,507,2607,442,559,196
860Z200US93030,14801,569,11977,588,8149,619,3828,512,1351,341,2477,403,2824,433,1855,366,969,225
860Z200US93033,16704,499,14949,499,9619,510,5330,400,1858,260,3472,343,1755,230,1176,194,579,146
860Z200US93035,8850,597,6390,598,4472,383,1918,514,662,374,1256,360,2460,343,1956,289,504,172
860Z200US93036,13525,582,10250,507,6674,435,3576,453,1129,350,2447,363,3275,419,2230,322,1045,374
860Z200US93040,510,101,445,91,294,84,151,63,51,47,100,50,65,37,47,31,18,23
860Z200US93041,7287,404,5250,386,3406,385,1844,412,527,264,1317,354,2037,318,1529,283,508,181
860Z200US93042,0,13,0,13,0,13,0,13,0,13,0,13,0,13,0,13,0,13
860Z200US93043,0,13,0,13,0,13,0,13,0,13,0,13,0,13,0,13,0,13
860Z200US93060,9970,516,7616,422,5418,444,2198,260,648,172,1550,229,2354,400,1957,367,397,152
860Z200US93063,19624,687,14012,552,10633,522,3379,504,1052,289,2327,433,5612,594,4403,577,1209,260
860Z200US93064,0,13,0,13,0,13,0,13,0,13,0,13,0,13,0,13,0,13
860Z200US93065,25194,703,17571,624,13437,623,4134,461,1299,268,2835,383,7623,678,5877,631,1746,344
860Z200US93066,957,133,747,125,668,113,79,52,5,7,74,52,210,68,150,62,60,37
860Z200US93067,208,118,82,73,82,73,0,13,0,13,0,13,126,100,126,100,0,13
860Z200US93101,12934,558,5934,533,3722,358,2212,451,989,410,1223,274,7000,547,4889,503,2111,321
860Z200US93103,7663,559,4685,492,3019,385,1666,411,474,193,1192,419,2978,439,2182,432,796,216
860Z200US93105,10915,547,6241,365,5402,380,839,187,280,112,559,150,4674,480,3439,448,1235,259
860Z200US93106,14,20,0,19,0,19,0,19,0,19,0,19,14,20,0,19,14,20
860Z200US93108,4536,331,2734,255,2402,258,332,125,63,39,269,124,1802,273,1423,245,379,153
860Z200US93109,4569,285,2607,274,2079,284,528,143,279,123,249,97,1962,253,1293,263,669,191
860Z200US93110,6474,501,3744,386,3006,384,738,190,122,90,616,205,2730,362,2131,349,599,189
860Z200US93111,6390,429,4456,425,3678,369,778,188,263,106,515,158,1934,283,1495,241,439,145
860Z200US93117,16458,602,8161,402,6542,419,1619,300,355,125,1264,265,8297,571,3515,407,4782,432
860Z200US93201,311,88,250,81,209,76,41,22,11,12,30,19,61,27,53,25,8,10
860Z200US93202,1077,200,873,182,658,161,215,124,66,100,149,78,204,92,161,81,43,48
860Z200US93203,4770,259,4314,214,3037,243,1277,199,401,124,876,158,456,123,364,113,92,51
860Z200US93204,3036,298,2723,320,1834,396,889,237,382,165,507,199,313,142,313,142,0,21
860Z200US93205,969,189,614,180,523,170,91,79,18,28,73,73,355,146,337,146,18,27
860Z200US93206,445,93,383,90,245,78,138,55,30,27,108,48,62,37,62,37,0,13
860Z200US93207,103,43,82,37,64,31,18,19,11,13,7,12,21,20,21,20,0,13
860Z200US93208,81,92,20,29,20,29,0,13,0,13,0,13,61,88,61,88,0,13
860Z200US93210,4831,340,3599,290,2175,225,1424,265,491,148,933,235,1232,271,1048,272,184,78
860Z200US93212,4230,285,3319,269,1850,297,1469,258,316,140,1153,206,911,205,781,197,130,73
860Z200US93215,12251,687,10553,565,7589,518,2964,434,830,233,2134,381,1698,401,1416,362,282,137
860Z200US93218,160,56,125,48,89,43,36,26,5,9,31,24,35,28,35,28,0,13
860Z200US93219,2487,258,2080,331,1305,222,775,245,180,95,595,231,407,152,351,149,56,49
860Z200US93220,33,52,0,13,0,13,0,13,0,13,0,13,33,52,33,52,0,13
860Z200US93221,4506,366,3344,278,2231,262,1113,211,346,154,767,165,1162,287,1048,280,114,52
860Z200US93222,1018,267,533,218,496,210,37,62,37,62,0,13,485,158,371,137,114,91
860Z200US93223,2823,234,2285,196,1327,195,958,241,281,135,677,230,538,156,356,118,182,100
860Z200US93224,158,37,126,38,79,31,47,24,21,18,26,17,32,17,25,17,7,5
860Z200US93225,2027,248,1307,272,906,243,401,172,93,80,308,151,720,152,544,143,176,98
860Z200US93226,37,25,14,14,14,14,0,13,0,13,0,13,23,20,21,19,2,4
860Z200US93227,41,66,41,66,0,13,41,66,0,13,41,66,0,13,0,13,0,13
860Z200US93230,21661,516,16739,517,11232,655,5507,541,1657,300,3850,440,4922,470,3668,418,1254,308
860Z200US93234,1786,168,1442,153,937,202,505,171,150,125,355,122,344,158,271,134,73,79
860Z200US93235,1262,246,1057,263,565,184,492,308,301,288,191,129,205,126,120,94,85,88
860Z200US93237,94,74,63,52,27,20,36,50,29,49,7,15,31,52,31,52,0,13
860Z200US93238,344,165,137,121,137,121,0,13,0,13,0,13,207,132,155,116,52,75
860Z200US93239,478,209,353,159,301,165,52,45,0,13,52,45,125,148,112,148,13,22
860Z200US93240,2482,380,1617,355,957,257,660,314,109,97,551,301,865,190,752,175,113,109
860Z200US93241,4293,335,3695,311,2316,354,1379,272,372,133,1007,247,598,227,469,217,129,77
860Z200US93242,998,206,671,123,535,117,136,74,12,12,124,73,327,190,312,193,15,20
860Z200US93243,461,213,302,199,208,174,94,101,0,13,94,101,159,101,143,89,16,46
860Z200US93244,47,34,38,29,38,29,0,13,0,13,0,13,9,16,9,16,0,13
860Z200US93245,12059,457,9306,455,6611,470,2695,391,975,331,1720,293,2753,441,2266,451,487,195
860Z200US93246,0,13,0,13,0,13,0,13,0,13,0,13,0,13,0,13,0,13
860Z200US93247,5274,392,4002,333,2845,360,1157,273,439,143,718,214,1272,309,950,274,322,150
860Z200US93249,526,60,384,52,286,46,98,44,38,33,60,31,142,55,108,49,34,20
860Z200US93250,3594,271,3042,241,2012,319,1030,213,199,105,831,214,552,187,529,186,23,31
860Z200US93251,87,25,75,24,54,23,21,11,3,4,18,11,12,8,10,8,2,3
860Z200US93252,565,68,410,77,376,75,34,19,9,9,25,17,155,49,94,40,61,31
860Z200US93254,382,88,201,45,132,45,69,37,29,26,40,26,181,80,144,77,37,23
860Z200US93255,448,166,221,126,110,96,111,80,77,91,34,41,227,147,67,72,160,138
860Z200US93256,1540,194,1359,223,963,231,396,143,95,72,301,137,181,98,137,87,44,44
860Z200US93257,23034,762,17604,764,11228,818,6376,719,2122,469,4254,600,5430,553,4350,528,1080,255
860Z200US93258,383,90,224,75,170,63,54,42,30,28,24,30,159,72,97,64,62,45
860Z200US93260,86,28,31,19,31,19,0,13,0,13,0,13,55,22,44,21,11,10
860Z200US93261,552,66,411,64,258,55,153,54,40,33,113,44,141,43,89,38,52,32
860Z200US93262,0,13,0,13,0,13,0,13,0,13,0,13,0,13,0,13,0,13
860Z200US93263,5723,282,4799,252,3480,310,1319,221,540,164,779,178,924,261,784,229,140,97
860Z200US93265,1346,198,871,177,733,201,138,89,42,35,96,88,475,189,449,186,26,30
860Z200US93266,397,101,374,97,123,72,251,93,111,83,140,70,23,36,0,13,23,36
860Z200US93267,1833,219,1288,244,965,243,323,157,75,75,248,124,545,201,403,175,142,76
860Z200US93268,5993,445,4100,411,2385,428,1715,425,815,351,900,270,1893,415,1502,359,391,228
860Z200US93270,1530,185,1196,188,666,155,530,197,321,192,209,95,334,90,301,91,33,29
860Z200US93271,1184,241,758,218,527,103,231,219,206,220,25,19,426,122,376,120,50,39
860Z200US93272,1138,166,963,146,746,126,217,92,90,75,127,51,175,114,94,52,81,99
860Z200US93274,22146,659,17866,619,11909,757,5957,551,2153,334,3804,501,4280,462,3141,399,1139,227
860Z200US93276,48,22,34,19,7,8,27,17,12,11,15,14,14,11,14,11,0,13
860Z200US93277,18755,630,13402,617,8962,578,4440,555,1210,294,3230,463,5353,462,4284,400,1069,262
860Z200US93280,6506,476,5407,441,3843,411,1564,340,475,209,1089,238,1099,239,1054,238,45,41
860Z200US93283,1031,270,720,290,306,155,414,263,229,157,185,196,311,107,241,105,70,48
860Z200US93285,1212,248,618,180,359,154,259,153,46,69,213,144,594,217,540,205,54,87
860Z200US93286,2874,230,2460,214,1722,241,738,182,263,110,475,147,414,139,349,117,65,80
860Z200US93287,44,28,20,16,16,14,4,5,1,2,3,5,24,24,3,5,21,23
860Z200US93291,18167,898,14047,790,10209,681,3838,623,1362,394,2476,530,4120,775,3466,755,654,191
860Z200US93292,13737,638,10587,686,7296,632,3291,492,1364,392,1927,415,3150,501,2551,483,599,210
860Z200US93301,5190,419,2721,406,1029,256,1692,390,364,214,1328,291,2469,401,1845,281,624,318
860Z200US93304,15219,765,10621,645,5381,501,5240,541,1756,327,3484,435,4598,624,3726,586,872,283
860Z200US93305,10842,537,8179,530,3734,432,4445,537,1354,283,3091,449,2663,394,2179,369,484,191
860Z200US93306,21818,780,16620,711,11451,658,5169,646,1680,352,3489,474,5198,485,4061,412,1137,290
860Z200US93307,22520,757,18244,785,10844,715,7400,634,2049,407,5351,629,4276,580,3176,461,1100,404
860Z200US93308,19677,811,12724,829,8117,644,4607,689,1581,476,3026,483,6953,655,5522,614,1431,317
860Z200US93309,22310,790,14807,812,8871,608,5936,650,1991,372,3945,507,7503,624,5675,546,1828,427
860Z200US93311,15676,791,12168,814,9619,693,2549,610,873,330,1676,510,3508,548,2976,518,532,180
860Z200US93312,18220,736,14105,805,10990,845,3115,467,1005,276,2110,361,4115,508,3222,462,893,287
860Z200US93313,16231,937,14316,994,10594,954,3722,630,1074,371,2648,565,1915,433,1307,322,608,259
860Z200US93314,10412,584,8628,585,7438,613,1190,332,500,225,690,283,1784,366,1309,339,475,169
860Z200US93401,12612,495,6419,394,4940,350,1479,236,496,133,983,211,6193,425,4187,399,2006,302
860Z200US93402,6237,479,4079,333,3398,332,681,181,255,118,426,132,2158,386,1622,357,536,169
860Z200US93405,8332,490,2716,299,1980,216,736,219,313,139,423,156,5616,479,2060,334,3556,383
860Z200US93407,5,7,5,7,5,7,0,13,0,13,0,13,0,13,0,13,0,13
860Z200US93408,0,13,0,13,0,13,0,13,0,13,0,13,0,13,0,13,0,13
860Z200US93409,0,13,0,13,0,13,0,13,0,13,0,13,0,13,0,13,0,13
860Z200US93410,0,19,0,19,0,19,0,19,0,19,0,19,0,19,0,19,0,19
860Z200US93420,12182,609,8757,465,7303,504,1454,340,501,212,953,286,3425,508,2974,468,451,165
860Z200US93422,13049,433,9079,424,7032,472,2047,397,869,259,1178,272,3970,473,3125,417,845,210
860Z200US93424,570,218,361,203,294,193,67,72,0,13,67,72,209,104,178,97,31,49
860Z200US93426,551,107,393,92,330,80,63,40,15,11,48,38,158,56,106,50,52,33
860Z200US93427,2191,200,1684,171,1155,249,529,211,171,110,358,193,507,169,390,167,117,79
860Z200US93428,2830,225,1641,176,1490,165,151,64,29,34,122,55,1189,224,993,204,196,110
860Z200US93429,37,37,17,26,17,26,0,13,0,13,0,13,20,30,20,30,0,13
860Z200US93430,1277,225,840,183,729,179,111,52,45,37,66,40,437,131,317,115,120,79
860Z200US93432,424,156,331,127,262,133,69,76,69,76,0,13,93,61,75,54,18,26
860Z200US93433,5067,342,3336,275,2255,280,1081,314,281,193,800,291,1731,379,1371,328,360,165
860Z200US93434,2051,162,1783,140,1094,200,689,165,354,142,335,113,268,108,236,96,32,38
860Z200US93436,17701,600,12644,507,8689,496,3955,509,1496,401,2459,355,5057,525,3976,492,1081,250
860Z200US93437,1097,190,958,193,905,198,53,30,19,18,34,24,139,74,114,72,25,20
860Z200US93440,491,136,362,126,273,103,89,87,0,13,89,87,129,91,129,91,0,13
860Z200US93441,411,98,312,107,271,103,41,29,9,13,32,25,99,50,88,48,11,16
860Z200US93442,5107,328,2857,208,2250,222,607,137,229,119,378,123,2250,364,1890,349,360,121
860Z200US93444,7327,499,5898,487,4619,458,1279,256,341,141,938,238,1429,309,1028,267,401,163
860Z200US93445,2843,455,1695,279,1231,227,464,191,139,110,325,150,1148,405,1048,401,100,59
860Z200US93446,17239,611,11910,619,9513,565,2397,460,605,261,1792,395,5329,544,4221,466,1108,299
860Z200US93449,4283,263,2184,189,1774,223,410,169,91,64,319,154,2099,334,1635,321,464,244
860Z200US93450,224,77,190,72,103,67,87,42,66,36,21,21,34,30,19,19,15,23
860Z200US93451,1586,225,1249,240,971,214,278,131,169,127,109,63,337,128,270,121,67,37
860Z200US93452,238,82,97,57,97,57,0,13,0,13,0,13,141,75,141,75,0,13
860Z200US93453,1206,377,849,252,614,221,235,135,105,99,130,94,357,286,325,293,32,37
860Z200US93454,11721,461,8677,491,5949,406,2728,359,941,219,1787,320,3044,369,2487,324,557,186
860Z200US93455,15517,471,11758,510,9133,532,2625,418,975,224,1650,307,3759,430,3044,378,715,204
860Z200US93458,13830,504,11872,543,7171,540,4701,467,1656,292,3045,384,1958,296,1544,243,414,170
860Z200US93460,2260,268,1506,283,1242,248,264,130,139,105,125,68,754,200,601,173,153,104
860Z200US93461,479,150,305,97,253,91,52,42,32,36,20,24,174,104,91,40,83,88
860Z200US93463,3588,265,2320,209,1902,232,418,159,115,98,303,117,1268,296,803,249,465,183
860Z200US93465,3740,426,3068,408,2474,399,594,213,37,46,557,211,672,219,527,182,145,116
860Z200US93501,1855,287,1167,259,858,258,309,103,139,76,170,103,688,182,566,169,122,81
860Z200US93505,4512,355,2871,255,1961,325,910,247,229,139,681,252,1641,402,1326,322,315,168
860Z200US93510,2420,198,1797,185,1538,187,259,90,89,46,170,78,623,151,523,141,100,65
860Z200US93512,100,59,85,58,19,21,66,55,37,51,29,23,15,16,15,16,0,13
860Z200US93513,660,82,321,53,217,43,104,35,46,30,58,22,339,76,272,72,67,40
860Z200US93514,5980,277,3635,252,2713,243,922,210,150,75,772,182,2345,313,2025,317,320,104
860Z200US93516,1051,246,465,74,374,79,91,43,13,15,78,45,586,246,433,202,153,129
860Z200US93517,235,130,168,118,165,118,3,8,3,8,0,13,67,51,67,51,0,13
860Z200US93518,415,83,271,73,226,72,45,32,7,9,38,31,144,39,137,39,7,8
860Z200US93519,0,13,0,13,0,13,0,13,0,13,0,13,0,13,0,13,0,13
860Z200US93522,36,36,15,19,15,19,0,13,0,13,0,13,21,31,21,31,0,13
860Z200US93523,1210,192,994,193,775,143,219,121,101,82,118,86,216,91,189,85,27,35
860Z200US93524,0,13,0,13,0,13,0,13,0,13,0,13,0,13,0,13,0,13
860Z200US93526,318,65,151,45,118,42,33,18,14,13,19,11,167,52,147,52,20,16
860Z200US93527,859,154,457,170,333,152,124,115,0,13,124,115,402,164,336,159,66,70
860Z200US93528,45,42,15,25,15,25,0,13,0,13,0,13,30,48,30,48,0,13
860Z200US93529,114,73,114,73,99,69,15,26,0,13,15,26,0,13,0,13,0,13
860Z200US93530,31,30,0,13,0,13,0,13,0,13,0,13,31,30,31,30,0,13
860Z200US93531,163,58,146,62,146,62,0,13,0,13,0,13,17,28,17,28,0,13
860Z200US93532,992,165,674,130,515,138,159,71,127,62,32,26,318,103,248,90,70,42
860Z200US93534,15438,533,9526,517,5221,512,4305,458,864,282,3441,416,5912,489,5216,478,696,208
860Z200US93535,22797,750,17834,740,10808,639,7026,604,1830,382,5196,540,4963,696,4262,662,701,173
860Z200US93536,22752,689,16519,616,12195,646,4324,522,1544,400,2780,351,6233,509,4945,501,1288,269
860Z200US93541,202,122,124,107,124,107,0,13,0,13,0,13,78,88,78,88,0,13
860Z200US93543,3573,363,3066,327,2346,288,720,213,300,121,420,206,507,205,233,76,274,205
860Z200US93544,574,125,367,106,278,83,89,67,25,39,64,59,207,98,195,95,12,19
860Z200US93545,647,128,304,92,259,89,45,25,4,5,41,24,343,116,309,109,34,37
860Z200US93546,3631,358,1918,377,1533,338,385,179,123,113,262,149,1713,407,1280,367,433,248
860Z200US93549,138,54,89,44,89,44,0,13,0,13,0,13,49,29,49,29,0,13
860Z200US93550,22825,669,17806,548,10202,491,7604,521,2221,272,5383,482,5019,539,3859,413,1160,349
860Z200US93551,16820,583,13713,607,10523,621,3190,451,1099,229,2091,383,3107,438,2486,365,621,217
860Z200US93552,10897,580,9360,513,6663,437,2697,462,930,449,1767,315,1537,325,1133,269,404,189
860Z200US93553,537,163,370,153,236,133,134,86,54,56,80,70,167,80,142,76,25,29
860Z200US93554,44,48,35,46,35,46,0,13,0,13,0,13,9,13,9,13,0,13
860Z200US93555,13093,557,8038,485,5875,505,2163,392,776,225,1387,304,5055,563,4083,529,972,266
860Z200US93558,8,13,0,13,0,13,0,13,0,13,0,13,8,13,0,13,8,13
860Z200US93560,6736,422,4867,405,3618,377,1249,284,298,113,951,256,1869,374,1441,313,428,204
860Z200US93561,12250,710,8186,674,6691,661,1495,390,771,308,724,269,4064,568,3524,552,540,165
860Z200US93562,742,113,458,120,363,118,95,47,48,35,47,28,284,73,252,72,32,34
860Z200US93563,38,40,38,40,38,40,0,13,0,13,0,13,0,13,0,13,0,13
860Z200US93581,0,13,0,13,0,13,0,13,0,13,0,13,0,13,0,13,0,13
860Z200US93591,2022,207,1562,211,892,162,670,202,443,183,227,95,460,124,359,110,101,70
860Z200US93601,582,249,448,201,334,146,114,147,114,147,0,13,134,80,81,58,53,70
860Z200US93602,1287,154,930,155,803,149,127,55,71,48,56,35,357,102,336,105,21,20
860Z200US93603,133,86,83,67,83,67,0,13,0,13,0,13,50,54,25,39,25,39
860Z200US93604,154,76,126,72,112,70,14,23,14,23,0,13,28,25,18,20,10,15
860Z200US93605,39,24,29,21,29,21,0,13,0,13,0,13,10,10,10,10,0,13
860Z200US93606,227,64,227,64,128,63,99,54,19,30,80,49,0,13,0,13,0,13
860Z200US93608,336,104,296,100,226,94,70,46,0,13,70,46,40,45,40,45,0,13
860Z200US93609,1439,131,1283,155,928,162,355,130,149,84,206,98,156,91,115,74,41,42
860Z200US93610,4887,384,3631,284,2604,290,1027,218,404,141,623,179,1256,309,1047,302,209,102
860Z200US93611,15078,686,12235,660,9668,570,2567,304,840,154,1727,280,2843,310,2235,248,608,170
860Z200US93612,13740,631,8743,501,4824,502,3919,536,1239,285,2680,469,4997,551,4076,464,921,271
860Z200US93614,4393,310,3296,299,2817,311,479,155,201,99,278,124,1097,210,874,186,223,128
860Z200US93615,1407,163,1276,171,740,194,536,154,197,105,339,133,131,70,95,60,36,38
860Z200US93616,668,117,599,120,362,90,237,103,22,27,215,99,69,46,58,45,11,11
860Z200US93618,8228,357,7105,336,4166,409,2939,385,848,237,2091,324,1123,210,876,194,247,143
860Z200US93619,14936,579,12266,584,10238,558,2028,293,692,194,1336,272,2670,368,2141,317,529,214
860Z200US93620,2775,328,2163,283,1405,214,758,257,238,113,520,220,612,198,499,178,113,77
860Z200US93621,14,23,14,23,14,23,0,13,0,13,0,13,0,13,0,13,0,13
860Z200US93622,2699,240,2287,232,1482,250,805,227,160,111,645,215,412,213,368,210,44,39
860Z200US93623,0,13,0,13,0,13,0,13,0,13,0,13,0,13,0,13,0,13
860Z200US93624,204,58,167,52,134,45,33,25,17,19,16,17,37,26,30,28,7,11
860Z200US93625,2581,247,1982,226,1459,226,523,151,171,87,352,124,599,170,538,160,61,40
860Z200US93626,822,177,670,163,613,156,57,38,25,28,32,26,152,87,140,86,12,18
860Z200US93627,68,56,68,56,68,56,0,13,0,13,0,13,0,13,0,13,0,13
860Z200US93628,226,232,47,73,47,73,0,13,0,13,0,13,179,221,179,221,0,13
860Z200US93630,5601,406,4307,312,3050,281,1257,282,283,114,974,277,1294,413,971,290,323,308
860Z200US93631,5430,487,4202,402,3131,440,1071,280,317,149,754,243,1228,275,1036,243,192,104
860Z200US93633,0,13,0,13,0,13,0,13,0,13,0,13,0,13,0,13,0,13
860Z200US93634,0,13,0,13,0,13,0,13,0,13,0,13,0,13,0,13,0,13
860Z200US93635,12686,611,9965,474,7298,556,2667,435,847,236,1820,394,2721,503,2327,470,394,182
860Z200US93636,3991,293,3298,292,2758,301,540,136,153,74,387,115,693,188,514,134,179,108
860Z200US93637,11645,598,9443,607,6502,628,2941,440,779,216,2162,434,2202,362,1704,314,498,188
860Z200US93638,12433,620,10581,624,7013,632,3568,515,1337,327,2231,466,1852,386,1245,331,607,203
860Z200US93640,3033,188,2600,185,1607,208,993,233,369,131,624,182,433,143,317,129,116,94
860Z200US93641,90,67,41,47,41,47,0,13,0,13,0,13,49,46,35,41,14,23
860Z200US93643,1180,203,793,191,628,183,165,86,85,69,80,50,387,130,325,122,62,51
860Z200US93644,3283,363,2000,323,1474,285,526,210,94,78,432,195,1283,325,833,253,450,208
860Z200US93645,132,102,119,99,103,98,16,28,16,28,0,13,13,21,13,21,0,13
860Z200US93646,2715,207,2344,177,1459,208,885,182,183,85,702,181,371,127,328,134,43,44
860Z200US93647,2874,355,2610,360,1556,307,1054,415,188,157,866,403,264,133,201,100,63,93
860Z200US93648,3938,286,3405,247,2031,275,1374,244,318,139,1056,196,533,191,438,175,95,74
860Z200US93650,840,155,544,127,201,92,343,95,80,61,263,77,296,117,258,116,38,37
860Z200US93651,606,150,470,129,376,136,94,62,33,31,61,56,136,94,114,100,22,24
860Z200US93652,129,48,95,36,61,28,34,23,18,15,16,17,34,36,34,36,0,13
860Z200US93653,572,111,414,109,385,104,29,22,17,19,12,11,158,51,95,44,63,30
860Z200US93654,8248,374,6979,330,4883,410,2096,376,844,247,1252,289,1269,235,1099,216,170,99
860Z200US93656,1621,231,1471,248,985,276,486,138,189,105,297,111,150,67,131,64,19,30
860Z200US93657,10627,434,8578,392,5674,415,2904,432,1145,305,1759,305,2049,355,1766,334,283,148
860Z200US93660,868,100,802,84,583,85,219,70,21,25,198,65,66,46,66,46,0,13
860Z200US93662,8757,501,6754,407,4021,424,2733,422,1160,381,1573,331,2003,475,1846,468,157,91
860Z200US93664,184,57,123,44,120,44,3,7,0,13,3,7,61,31,61,31,0,13
860Z200US93665,83,64,57,47,0,13,57,47,0,13,57,47,26,39,26,39,0,13
860Z200US93666,184,60,145,57,62,37,83,44,17,20,66,39,39,32,30,29,9,15
860Z200US93667,802,114,506,107,409,97,97,43,31,26,66,36,296,101,269,96,27,28
860Z200US93668,300,118,283,116,263,118,20,23,0,13,20,23,17,26,17,26,0,13
860Z200US93669,89,55,65,42,52,42,13,14,0,13,13,14,24,33,24,33,0,13
860Z200US93670,67,56,67,56,67,56,0,13,0,13,0,13,0,13,0,13,0,13
860Z200US93673,121,35,108,35,80,29,28,19,6,9,22,15,13,12,13,12,0,13
860Z200US93675,1285,253,1026,233,918,230,108,72,17,27,91,68,259,123,259,123,0,13
860Z200US93701,3699,419,1975,325,1067,278,908,234,257,113,651,202,1724,414,1228,370,496,167
860Z200US93702,12674,533,9430,454,4961,473,4469,461,1229,258,3240,466,3244,402,2584,398,660,230
860Z200US93703,10324,630,6641,406,2860,331,3781,381,1145,240,2636,400,3683,540,2946,549,737,265
860Z200US93704,11475,650,6989,605,4170,389,2819,490,866,292,1953,359,4486,451,3671,429,815,197
860Z200US93705,12791,616,8445,613,4018,488,4427,516,1313,348,3114,368,4346,455,3475,438,871,240
860Z200US93706,11653,582,7907,476,4233,363,3674,381,1185,230,2489,337,3746,457,3200,440,546,154
860Z200US93710,12170,715,7312,593,4445,516,2867,422,768,234,2099,386,4858,525,3304,417,1554,335
860Z200US93711,15949,672,9786,516,7809,520,1977,352,654,202,1323,254,6163,558,5049,526,1114,290
860Z200US93720,18500,723,11960,722,8797,656,3163,446,960,284,2203,366,6540,623,5256,547,1284,317
860Z200US93721,2414,336,771,165,328,127,443,134,132,70,311,107,1643,328,1361,296,282,151
860Z200US93722,26424,789,20276,839,13359,783,6917,622,2247,501,4670,548,6148,657,4828,590,1320,303
860Z200US93723,3249,308,2861,295,2150,341,711,233,322,143,389,177,388,143,303,131,85,67
860Z200US93725,6820,400,5531,420,3450,339,2081,401,684,271,1397,304,1289,292,994,212,295,200
860Z200US93726,14643,623,9354,600,4663,512,4691,420,1311,274,3380,458,5289,532,3854,493,1435,309
860Z200US93727,23239,775,17814,851,11857,747,5957,564,2175,383,3782,429,5425,431,4597,393,828,193
860Z200US93728,6116,462,3489,368,1683,312,1806,299,679,251,1127,253,2627,328,1902,341,725,160
860Z200US93730,4602,361,3647,356,3173,364,474,190,149,112,325,139,955,200,836,201,119,87
860Z200US93737,2044,264,1665,210,1361,223,304,141,77,70,227,120,379,160,316,158,63,49
860Z200US93740,0,13,0,13,0,13,0,13,0,13,0,13,0,13,0,13,0,13
860Z200US93741,56,53,0,13,0,13,0,13,0,13,0,13,56,53,56,53,0,13
860Z200US93901,10494,503,7071,508,4842,439,2229,313,797,183,1432,262,3423,443,2799,362,624,234
860Z200US93905,13709,494,12101,482,7354,448,4747,408,1285,258,3462,428,1608,313,1171,237,437,159
860Z200US93906,17729,568,14119,584,9827,591,4292,461,1760,355,2532,363,3610,552,2664,441,946,303
860Z200US93907,7157,443,5541,459,4196,442,1345,237,496,154,849,200,1616,244,1211,205,405,150
860Z200US93908,4379,322,3441,308,2887,262,554,236,252,196,302,116,938,176,823,177,115,56
860Z200US93920,569,143,347,136,331,137,16,17,13,15,3,6,222,113,186,107,36,50
860Z200US93921,1365,331,760,207,706,204,54,55,23,36,31,42,605,227,541,228,64,58
860Z200US93923,5375,362,3549,319,3156,322,393,170,20,22,373,167,1826,273,1619,263,207,76
860Z200US93924,2615,261,1716,275,1559,274,157,85,0,19,157,85,899,253,661,229,238,117
860Z200US93925,342,92,311,77,236,67,75,39,28,21,47,33,31,41,12,18,19,36
860Z200US93926,2418,213,2184,193,1431,200,753,222,242,142,511,186,234,126,161,98,73,80
860Z200US93927,4402,271,3933,242,2691,327,1242,231,305,129,937,216,469,164,389,146,80,72
860Z200US93928,0,13,0,13,0,13,0,13,0,13,0,13,0,13,0,13,0,13
860Z200US93930,4423,429,3769,396,2495,347,1274,317,622,293,652,173,654,202,502,183,152,94
860Z200US93932,215,61,143,66,94,53,49,46,0,13,49,46,72,45,53,34,19,30
860Z200US93933,9180,473,5856,345,4248,348,1608,244,497,145,1111,200,3324,379,2385,262,939,225
860Z200US93940,14534,548,7373,399,6108,386,1265,237,462,163,803,205,7161,600,5362,558,1799,326
860Z200US93943,0,13,0,13,0,13,0,13,0,13,0,13,0,13,0,13,0,13
860Z200US93944,0,13,0,13,0,13,0,13,0,13,0,13,0,13,0,13,0,13
860Z200US93950,6731,206,3885,207,3117,220,768,151,231,92,537,121,2846,282,2352,259,494,133
860Z200US93953,1701,246,1082,153,1021,149,61,48,38,40,23,28,619,217,571,211,48,32
860Z200US93954,100,36,93,33,40,23,53,27,19,16,34,24,7,9,7,9,0,13
860Z200US93955,10493,454,7174,413,5048,476,2126,310,762,197,1364,248,3319,382,2391,315,928,234
860Z200US93960,4090,273,3543,267,2627,259,916,242,266,121,650,237,547,146,395,122,152,81
860Z200US93962,121,76,52,45,52,45,0,13,0,13,0,13,69,58,39,60,30,46
860Z200US94002,11013,388,7683,331,6762,397,921,194,293,126,628,173,3330,509,2583,435,747,224
860Z200US94005,1997,210,1172,127,799,171,373,150,80,78,293,136,825,245,730,260,95,70
860Z200US94010,16244,367,11053,349,9677,414,1376,285,358,132,1018,256,5191,513,4041,451,1150,238
860Z200US94014,13980,583,10042,573,6699,566,3343,506,1207,286,2136,438,3938,486,2606,427,1332,318
860Z200US94015,20236,738,14713,615,10720,670,3993,425,1343,270,2650,341,5523,571,3938,541,1585,312
860Z200US94018,1392,336,1178,351,959,355,219,104,49,58,170,91,214,101,177,97,37,36
860Z200US94019,5298,442,3834,314,3037,356,797,214,399,168,398,166,1464,343,1244,345,220,97
860Z200US94020,845,224,537,145,517,144,20,23,11,16,9,17,308,190,259,188,49,47
860Z200US94021,90,55,57,51,57,51,0,13,0,13,0,13,33,38,33,38,0,13
860Z200US94022,7263,292,5734,337,5061,331,673,237,246,138,427,212,1529,212,1271,216,258,94
860Z200US94024,8036,392,6998,358,6342,372,656,163,99,47,557,163,1038,224,915,211,123,68
860Z200US94025,14512,527,9977,392,8420,398,1557,278,420,125,1137,228,4535,419,3380,388,1155,226
860Z200US94027,2260,128,1859,113,1704,117,155,64,62,32,93,48,401,109,254,91,147,67
860Z200US94028,2482,232,1787,171,1713,185,74,63,12,19,62,61,695,222,642,219,53,36
860Z200US94030,8108,308,5665,248,4412,246,1253,237,349,121,904,204,2443,346,1829,308,614,193
860Z200US94037,1040,255,830,260,798,262,32,53,0,13,32,53,210,145,210,145,0,13
860Z200US94038,1109,210,817,183,660,162,157,116,83,83,74,87,292,138,225,122,67,70
860Z200US94040,14975,557,8178,496,6840,497,1338,261,325,146,1013,231,6797,614,4981,531,1816,291
860Z200US94041,6310,365,3306,289,2734,338,572,188,216,117,356,155,3004,284,2208,288,796,176
860Z200US94043,13429,512,7790,417,6380,419,1410,250,576,150,834,225,5639,469,3913,367,1726,348
860Z200US94044,14000,339,9971,394,7804,414,2167,284,765,202,1402,242,4029,401,2939,339,1090,224
860Z200US94060,367,122,224,108,152,77,72,87,0,13,72,87,143,68,50,56,93,63
860Z200US94061,13256,579,9532,623,7297,612,2235,397,678,262,1557,295,3724,375,2778,327,946,221
860Z200US94062,9668,463,7205,389,6398,380,807,176,249,101,558,141,2463,379,1728,375,735,166
860Z200US94063,10907,492,7081,425,5175,400,1906,292,587,175,1319,273,3826,372,2464,300,1362,271
860Z200US94065,4731,259,3175,280,2757,263,418,139,104,64,314,114,1556,253,1293,239,263,98
860Z200US94066,15308,606,10331,467,8071,492,2260,344,849,231,1411,284,4977,472,3806,416,1171,277
860Z200US94070,11611,289,8426,263,7257,334,1169,207,284,86,885,176,3185,319,2320,252,865,188
860Z200US94074,58,41,49,42,49,42,0,13,0,13,0,13,9,15,9,15,0,13
860Z200US94080,22016,664,16144,597,12161,581,3983,578,1337,334,2646,430,5872,588,4179,542,1693,372
860Z200US94085,8795,562,5182,422,4033,377,1149,331,473,164,676,291,3613,440,2180,382,1433,315
860Z200US94086,19461,673,11979,675,9907,701,2072,339,721,239,1351,296,7482,547,4938,503,2544,371
860Z200US94087,20576,719,15431,613,13045,616,2386,374,897,209,1489,333,5145,557,3707,435,1438,351
860Z200US94089,8733,489,5338,435,4338,476,1000,221,489,206,511,142,3395,517,2056,345,1339,431
860Z200US94102,19213,995,5211,565,3764,458,1447,328,489,252,958,245,14002,922,11673,930,2329,315
860Z200US94103,16373,843,5133,499,3580,463,1553,290,392,196,1161,239,11240,707,8498,757,2742,425
860Z200US94104,234,90,113,58,102,58,11,13,4,6,7,11,121,74,79,57,42,49
860Z200US94105,7156,951,2478,584,2281,572,197,174,0,21,197,174,4678,905,2670,807,2008,578
860Z200US94107,14248,907,5474,674,4595,654,879,275,221,151,658,215,8774,665,5790,650,2984,408
860Z200US94108,6583,372,2248,294,1708,244,540,172,139,82,401,149,4335,366,3523,330,812,190
860Z200US94109,32183,1074,8891,594,7335,576,1556,293,499,162,1057,294,23292,1074,17273,1025,6019,647
860Z200US94110,26765,1005,12939,681,9241,690,3698,430,1353,292,2345,289,13826,893,8272,751,5554,552
860Z200US94111,2368,249,1154,233,976,178,178,129,0,13,178,129,1214,190,1038,174,176,81
860Z200US94112,23480,658,17583,645,11892,648,5691,465,1933,310,3758,437,5897,554,3395,452,2502,403
860Z200US94114,17121,738,6330,396,5545,394,785,181,394,121,391,128,10791,703,6744,643,4047,492
860Z200US94115,17009,701,5615,453,4254,427,1361,253,443,140,918,219,11394,705,8329,741,3065,339
860Z200US94116,15583,758,10923,668,8788,609,2135,419,600,172,1535,366,4660,615,3108,528,1552,299
860Z200US94117,17650,749,6536,585,5265,537,1271,323,560,269,711,205,11114,715,5808,478,5306,687
860Z200US94118,17485,831,8338,732,6831,688,1507,318,275,129,1232,293,9147,637,6134,646,3013,436
860Z200US94121,18051,697,9771,526,7788,545,1983,252,650,182,1333,245,8280,668,6040,647,2240,325
860Z200US94122,22649,731,13314,692,9946,532,3368,528,1263,312,2105,417,9335,617,6211,483,3124,413
860Z200US94123,12992,572,4754,421,4030,405,724,198,219,128,505,158,8238,533,5534,463,2704,361
860Z200US94124,10665,456,7439,429,4124,360,3315,404,674,167,2641,383,3226,414,2487,362,739,178
860Z200US94127,7325,492,5150,427,4511,436,639,156,225,93,414,136,2175,346,1681,296,494,230
860Z200US94128,0,13,0,13,0,13,0,13,0,13,0,13,0,13,0,13,0,13
860Z200US94129,1340,135,780,169,520,144,260,133,12,19,248,131,560,113,153,78,407,96
860Z200US94130,650,96,310,76,94,45,216,75,59,54,157,56,340,86,103,58,237,74
860Z200US94131,12764,469,6877,538,5681,483,1196,279,290,122,906,240,5887,477,3940,409,1947,335
860Z200US94132,10697,684,5333,402,3815,365,1518,275,364,138,1154,229,5364,655,3813,633,1551,291
860Z200US94133,13151,603,5891,570,4096,517,1795,339,614,205,1181,274,7260,624,5804,652,1456,249
860Z200US94134,12660,647,8965,582,6109,585,2856,299,1107,209,1749,246,3695,426,2455,398,1240,228
860Z200US94158,4827,404,2915,428,2356,420,559,287,28,44,531,284,1912,376,1589,404,323,171
860Z200US94188,0,13,0,13,0,13,0,13,0,13,0,13,0,13,0,13,0,13
860Z200US94301,7145,367,4394,330,3937,332,457,139,101,58,356,119,2751,309,2143,313,608,148
860Z200US94303,14451,608,11096,417,8633,454,2463,378,662,236,1801,315,3355,516,2446,479,909,241
860Z200US94304,1893,212,1082,189,914,167,168,101,38,35,130,96,811,144,682,137,129,53
860Z200US94305,3545,374,1112,339,967,330,145,93,59,72,86,57,2433,281,1431,228,1002,220
860Z200US94306,10698,412,7070,440,6030,428,1040,232,279,111,761,191,3628,439,2536,346,1092,314
860Z200US94401,12869,603,7780,507,5015,399,2765,425,885,295,1880,433,5089,581,4288,556,801,209
860Z200US94402,10282,488,6900,366,5817,387,1083,186,328,152,755,166,3382,445,2633,423,749,183
860Z200US94403,16895,549,11238,562,9564,528,1674,278,560,155,1114,225,5657,453,4157,388,1500,251
860Z200US94404,14137,311,9624,338,8110,424,1514,271,379,130,1135,257,4513,446,3417,369,1096,214
860Z200US94501,25516,676,14965,518,11487,624,3478,367,702,166,2776,366,10551,688,8067,647,2484,347
860Z200US94502,4984,357,4037,307,3480,357,557,165,171,121,386,121,947,248,817,235,130,84
860Z200US94503,5622,235,4817,212,3650,244,1167,184,341,98,826,172,805,177,593,136,212,93
860Z200US94505,5546,427,4509,398,3717,295,792,272,320,143,472,223,1037,243,752,209,285,129
860Z200US94506,9286,571,7783,500,7176,511,607,208,112,105,495,204,1503,389,1150,331,353,201
860Z200US94507,4989,294,4237,331,3981,320,256,137,64,56,192,132,752,171,619,169,133,73
860Z200US94508,1017,164,652,133,580,124,72,40,6,10,66,39,365,119,219,80,146,74
860Z200US94509,22921,751,16367,672,10179,635,6188,584,1657,311,4531,526,6554,882,4523,672,2031,476
860Z200US94510,10883,369,7161,285,5715,322,1446,246,586,183,860,201,3722,414,3134,415,588,118
860Z200US94511,864,223,465,155,340,141,125,95,63,71,62,67,399,184,289,150,110,125
860Z200US94512,0,13,0,13,0,13,0,13,0,13,0,13,0,13,0,13,0,13
860Z200US94513,21326,536,17105,446,13964,571,3141,559,603,207,2538,499,4221,566,3242,431,979,337
860Z200US94514,582,151,485,150,315,76,170,131,68,98,102,98,97,46,73,37,24,26
860Z200US94515,2730,268,1851,200,1384,245,467,162,160,118,307,130,879,227,695,221,184,91
860Z200US94516,77,37,57,33,49,32,8,7,3,3,5,6,20,18,19,17,1,2
860Z200US94517,4359,232,3328,213,2707,243,621,213,141,96,480,201,1031,225,980,218,51,45
860Z200US94518,10216,514,6961,461,5163,401,1798,346,461,208,1337,337,3255,451,2468,386,787,253
860Z200US94519,7082,473,4878,369,3654,368,1224,242,546,214,678,165,2204,457,1343,361,861,334
860Z200US94520,13095,506,7973,591,5913,555,2060,365,488,155,1572,317,5122,491,3921,424,1201,316
860Z200US94521,15676,558,11028,550,8810,551,2218,354,616,199,1602,300,4648,507,3856,514,792,188
860Z200US94523,13969,527,8976,373,6896,408,2080,319,541,195,1539,302,4993,638,3902,600,1091,283
860Z200US94525,1529,154,790,123,610,134,180,81,23,27,157,77,739,131,626,141,113,55
860Z200US94526,12655,460,9458,414,7933,489,1525,297,329,131,1196,272,3197,430,2675,398,522,169
860Z200US94528,232,140,232,140,232,140,0,13,0,13,0,13,0,13,0,13,0,13
860Z200US94530,10761,336,6772,308,5485,288,1287,257,349,149,938,189,3989,315,2862,286,1127,155
860Z200US94531,12807,540,10009,564,6918,524,3091,449,835,308,2256,337,2798,422,2145,378,653,236
860Z200US94533,24343,751,17908,589,11321,732,6587,521,2315,351,4272,425,6435,671,5091,586,1344,233
860Z200US94534,13267,453,10137,452,8619,450,1518,230,490,171,1028,196,3130,392,2325,351,805,217
860Z200US94535,1009,176,998,178,898,173,100,56,26,20,74,53,11,10,11,10,0,13
860Z200US94536,24776,667,19135,741,15957,710,3178,422,1067,236,2111,363,5641,565,4489,536,1152,280
860Z200US94538,21726,715,16398,636,13305,605,3093,405,816,235,2277,331,5328,585,3756,482,1572,353
860Z200US94539,16409,476,14553,516,12944,546,1609,281,351,142,1258,238,1856,252,1501,211,355,130
860Z200US94541,22134,661,14838,662,9975,597,4863,457,1635,274,3228,371,7296,616,5529,574,1767,336
860Z200US94542,5029,361,3686,359,2917,333,769,228,154,87,615,194,1343,260,855,225,488,133
860Z200US94544,23037,698,17667,710,12065,637,5602,543,1406,243,4196,465,5370,447,3862,338,1508,270
860Z200US94545,9966,535,7625,435,5549,382,2076,302,760,187,1316,262,2341,420,1596,369,745,291
860Z200US94546,16218,567,11557,549,9068,555,2489,344,971,243,1518,265,4661,453,3483,424,1178,244
860Z200US94547,9068,382,6650,314,5011,342,1639,325,406,132,1233,290,2418,475,2097,453,321,124
860Z200US94548,185,97,89,64,67,56,22,39,0,13,22,39,96,77,75,74,21,33
860Z200US94549,10108,448,7809,409,6935,404,874,204,405,165,469,119,2299,398,1787,388,512,188
860Z200US94550,17450,624,13265,569,11421,579,1844,259,610,170,1234,187,4185,381,3363,334,822,188
860Z200US94551,14391,594,10173,582,8272,533,1901,439,663,219,1238,365,4218,637,3469,589,749,221
860Z200US94552,5048,425,4174,384,3711,385,463,169,135,83,328,130,874,200,803,203,71,49
860Z200US94553,19163,593,12915,572,9715,553,3200,445,976,277,2224,403,6248,539,4755,470,1493,288
860Z200US94555,11718,475,10078,442,8925,450,1153,258,502,206,651,153,1640,293,1357,300,283,93
860Z200US94556,5534,272,4184,236,3692,253,492,114,109,60,383,108,1350,235,1031,218,319,142
860Z200US94558,24070,502,16859,510,13479,491,3380,397,1232,289,2148,294,7211,470,5945,469,1266,235
860Z200US94559,10131,376,6329,398,4531,362,1798,293,707,178,1091,276,3802,371,2758,354,1044,174
860Z200US94560,14354,454,11705,424,8884,436,2821,396,867,193,1954,337,2649,332,1797,280,852,176
860Z200US94561,12924,622,10729,459,8409,478,2320,520,663,334,1657,398,2195,524,1740,450,455,222
860Z200US94562,0,13,0,13,0,13,0,13,0,13,0,13,0,13,0,13,0,13
860Z200US94563,7226,299,5521,212,5099,257,422,126,133,66,289,99,1705,326,1367,279,338,210
860Z200US94564,6794,334,4947,315,3496,324,1451,394,348,140,1103,387,1847,271,1350,222,497,148
860Z200US94565,29146,689,23146,622,15054,710,8092,605,2872,416,5220,516,6000,578,4303,557,1697,337
860Z200US94566,16088,483,12462,493,10783,449,1679,314,696,180,983,251,3626,344,3021,339,605,153
860Z200US94567,241,67,180,62,140,58,40,22,9,14,31,17,61,28,55,25,6,8
860Z200US94568,22946,558,18069,518,15272,587,2797,413,886,261,1911,398,4877,515,3487,505,1390,256
860Z200US94569,169,137,42,53,42,53,0,13,0,13,0,13,127,128,106,123,21,33
860Z200US94571,5320,481,3135,401,2472,456,663,260,233,204,430,209,2185,518,1816,482,369,198
860Z200US94572,3234,243,2439,264,1454,225,985,205,268,123,717,193,795,186,561,150,234,113
860Z200US94573,34,31,34,31,19,22,15,22,0,13,15,22,0,13,0,13,0,13
860Z200US94574,3443,221,2135,220,1654,240,481,147,157,60,324,151,1308,214,1115,202,193,80
860Z200US94575,0,13,0,13,0,13,0,13,0,13,0,13,0,13,0,13,0,13
860Z200US94576,52,26,18,16,18,16,0,13,0,13,0,13,34,24,30,25,4,8
860Z200US94577,16954,625,11009,473,7864,467,3145,407,948,288,2197,318,5945,586,4474,542,1471,307
860Z200US94578,14091,713,9169,679,5587,531,3582,513,811,265,2771,415,4922,579,3615,510,1307,345
860Z200US94579,6607,466,5037,446,3678,461,1359,283,666,219,693,189,1570,342,1196,328,374,150
860Z200US94580,8938,430,6831,403,4953,377,1878,314,597,167,1281,268,2107,379,1621,344,486,155
860Z200US94582,16025,595,12535,479,10713,475,1822,337,384,180,1438,306,3490,496,2880,417,610,250
860Z200US94583,13361,508,10637,551,9158,581,1479,277,538,163,941,250,2724,354,2079,294,645,197
860Z200US94585,9486,446,6986,315,4990,393,1996,343,719,254,1277,283,2500,468,2027,409,473,179
860Z200US94586,299,59,238,53,213,51,25,15,15,12,10,8,61,24,38,19,23,17
860Z200US94587,20800,498,16979,414,13769,511,3210,358,1117,229,2093,343,3821,544,2958,474,863,199
860Z200US94588,12169,359,9563,339,8408,335,1155,208,310,123,845,176,2606,318,1942,299,664,212
860Z200US94589,9731,405,7386,464,5015,461,2371,274,783,181,1588,233,2345,338,1898,305,447,135
860Z200US94590,15234,601,8322,495,4883,442,3439,370,861,231,2578,333,6912,533,5562,457,1350,288
860Z200US94591,19652,676,14245,601,10008,669,4237,468,1492,330,2745,381,5407,579,4309,495,1098,278
860Z200US94592,425,153,191,79,170,78,21,22,5,8,16,20,234,156,81,73,153,134
860Z200US94595,9514,470,4314,395,3577,321,737,228,80,64,657,226,5200,378,4904,370,296,106
860Z200US94596,10501,544,6151,439,5049,401,1102,267,443,206,659,204,4350,461,3364,450,986,239
860Z200US94597,10839,514,5733,447,4690,404,1043,289,392,226,651,199,5106,543,3713,526,1393,330
860Z200US94598,10430,473,7571,506,6642,438,929,263,301,152,628,231,2859,417,2176,328,683,217
860Z200US94599,1639,177,764,105,575,105,189,92,24,29,165,87,875,156,761,161,114,65
860Z200US94601,15758,534,10606,448,6122,479,4484,461,1503,278,2981,447,5152,454,3683,416,1469,259
860Z200US94602,12034,414,7429,378,5606,427,1823,279,453,145,1370,235,4605,406,3239,350,1366,288
860Z200US94603,10174,384,7184,372,4203,421,2981,320,825,186,2156,259,2990,365,2470,312,520,153
860Z200US94605,16812,733,10505,659,6507,545,3998,426,1239,287,2759,363,6307,584,5020,581,1287,288
860Z200US94606,15712,555,7713,431,4804,372,2909,320,1062,222,1847,248,7999,482,6021,463,1978,287
860Z200US94607,11678,444,5076,431,2723,350,2353,289,633,173,1720,262,6602,418,4648,398,1954,269
860Z200US94608,15442,555,6332,446,3876,322,2456,364,828,244,1628,272,9110,636,6074,616,3036,320
860Z200US94609,10321,566,4365,454,3017,308,1348,338,345,131,1003,310,5956,481,3775,411,2181,302
860Z200US94610,15656,621,6470,589,4888,488,1582,371,388,163,1194,334,9186,621,6656,637,2530,339
860Z200US94611,17675,545,9835,477,8243,472,1592,269,619,190,973,210,7840,501,6099,400,1741,332
860Z200US94612,9429,601,2613,404,1697,299,916,347,333,292,583,191,6816,450,5313,437,1503,239
860Z200US94613,0,13,0,13,0,13,0,13,0,13,0,13,0,13,0,13,0,13
860Z200US94618,7409,423,4187,305,3473,307,714,188,289,141,425,137,3222,371,2428,324,794,179
860Z200US94619,9457,517,6622,515,4950,493,1672,342,506,156,1166,312,2835,340,2292,329,543,131
860Z200US94621,9900,589,7018,527,3392,311,3626,444,815,200,2811,385,2882,411,2362,373,520,154
860Z200US94702,7094,441,3634,465,2447,312,1187,314,290,93,897,300,3460,283,2584,250,876,149
860Z200US94703,7962,408,3722,353,2827,309,895,229,264,93,631,187,4240,397,2606,294,1634,264
860Z200US94704,7843,625,1780,266,1028,240,752,195,299,118,453,155,6063,612,2932,520,3131,362
860Z200US94705,5837,311,3186,367,2861,363,325,108,134,85,191,62,2651,260,1801,218,850,159
860Z200US94706,7968,252,5474,198,4252,222,1222,197,242,92,980,181,2494,314,1767,293,727,174
860Z200US94707,4932,289,3415,246,2903,230,512,146,130,63,382,126,1517,232,1212,219,305,83
860Z200US94708,4574,267,3217,253,2880,273,337,108,107,67,230,78,1357,189,908,140,449,115
860Z200US94709,5084,422,1673,261,1420,240,253,139,162,132,91,57,3411,402,2008,378,1403,228
860Z200US94710,3368,284,1829,235,1161,199,668,150,232,107,436,112,1539,238,1148,233,391,101
860Z200US94720,154,59,54,33,54,33,0,19,0,19,0,19,100,52,58,43,42,30
860Z200US94801,9931,470,7246,476,4618,491,2628,371,797,225,1831,330,2685,411,2168,372,517,157
860Z200US94803,9317,498,7196,523,5326,493,1870,382,669,240,1201,262,2121,308,1549,243,572,160
860Z200US94804,15463,644,9945,631,6102,555,3843,430,1294,340,2549,340,5518,545,4117,509,1401,320
860Z200US94805,5578,465,3430,298,2663,331,767,202,265,125,502,152,2148,411,1589,396,559,148
860Z200US94806,20357,721,14892,717,8754,560,6138,729,1774,399,4364,635,5465,558,4187,581,1278,335
860Z200US94901,15851,539,9521,468,7391,539,2130,379,755,209,1375,296,6330,573,4689,490,1641,303
860Z200US94903,12591,541,7589,502,6151,486,1438,327,292,128,1146,324,5002,581,4286,596,716,193
860Z200US94904,5643,312,3554,274,2965,243,589,147,173,87,416,127,2089,294,1833,275,256,87
860Z200US94920,5025,315,3685,256,3212,266,473,134,132,75,341,125,1340,258,1140,235,200,88
860Z200US94922,100,68,100,68,45,51,55,61,25,37,30,48,0,13,0,13,0,13
860Z200US94923,556,182,289,135,174,104,115,95,84,81,31,51,267,136,225,126,42,48
860Z200US94924,557,114,237,83,162,77,75,60,62,57,13,15,320,98,188,80,132,72
860Z200US94925,3930,215,2778,192,2210,204,568,182,114,70,454,174,1152,303,898,237,254,159
860Z200US94928,17183,570,10192,413,6863,536,3329,453,1082,282,2247,402,6991,593,4395,510,2596,396
860Z200US94929,160,69,118,68,118,68,0,13,0,13,0,13,42,34,10,13,32,32
860Z200US94930,3803,200,2255,216,1778,260,477,181,167,110,310,127,1548,258,1044,219,504,199
860Z200US94931,3539,315,2066,157,1583,175,483,130,188,91,295,90,1473,299,1158,314,315,116
860Z200US94933,516,156,250,103,169,70,81,83,39,47,42,67,266,121,215,114,51,43
860Z200US94937,580,124,281,97,248,93,33,29,12,18,21,23,299,111,274,114,25,28
860Z200US94938,265,102,120,68,78,58,42,45,22,33,20,31,145,83,103,67,42,48
860Z200US94939,3416,299,1819,205,1440,196,379,152,97,88,282,128,1597,363,1397,366,200,146
860Z200US94940,100,65,100,65,63,49,37,45,37,45,0,13,0,13,0,13,0,13
860Z200US94941,12469,442,8413,452,7026,465,1387,244,391,131,996,224,4056,427,3088,379,968,216
860Z200US94945,7137,470,4785,414,4067,425,718,199,252,106,466,169,2352,345,1852,284,500,218
860Z200US94946,285,70,182,53,148,39,34,39,3,4,31,39,103,34,74,29,29,20
860Z200US94947,9236,460,6922,493,5439,524,1483,323,446,171,1037,261,2314,298,1805,262,509,204
860Z200US94949,7082,403,4341,382,3664,389,677,174,272,145,405,149,2741,380,2045,303,696,251
860Z200US94950,7,7,0,13,0,13,0,13,0,13,0,13,7,7,7,7,0,13
860Z200US94951,1483,185,958,170,802,181,156,101,44,41,112,93,525,187,490,182,35,33
860Z200US94952,13510,495,8513,417,6987,425,1526,265,674,160,852,233,4997,408,3685,385,1312,244
860Z200US94954,13929,512,9783,397,7700,456,2083,308,712,190,1371,236,4146,475,3296,493,850,226
860Z200US94956,623,139,313,103,282,96,31,32,6,9,25,31,310,130,284,127,26,30
860Z200US94957,671,91,518,92,420,90,98,40,47,37,51,24,153,66,133,65,20,21
860Z200US94960,5988,337,4200,259,3429,250,771,209,322,191,449,129,1788,280,1344,267,444,135
860Z200US94963,129,69,91,66,71,45,20,31,20,31,0,13,38,46,38,46,0,13
860Z200US94964,127,151,34,52,0,13,34,52,0,13,34,52,93,141,0,13,93,141
860Z200US94965,6149,364,2841,317,2092,245,749,232,204,102,545,202,3308,359,2625,344,683,184
860Z200US94970,300,96,119,58,119,58,0,13,0,13,0,13,181,84,112,68,69,52
860Z200US94971,121,51,73,46,73,46,0,13,0,13,0,13,48,38,38,36,10,13
860Z200US94972,38,47,38,47,33,50,5,8,0,13,5,8,0,13,0,13,0,13
860Z200US94973,643,142,369,147,329,136,40,43,21,32,19,28,274,102,212,93,62,56
860Z200US95002,575,55,442,57,284,61,158,49,67,37,91,40,133,59,96,52,37,32
860Z200US95003,10166,557,7146,496,5597,496,1549,314,382,198,1167,211,3020,353,2494,306,526,139
860Z200US95004,1398,259,1152,271,957,259,195,102,129,90,66,50,246,132,165,100,81,82
860Z200US95005,2945,366,1874,324,1357,226,517,264,133,91,384,248,1071,229,711,219,360,162
860Z200US95006,3534,349,2458,299,1944,254,514,205,321,174,193,104,1076,266,820,243,256,144
860Z200US95007,214,115,133,97,133,97,0,13,0,13,0,13,81,71,69,70,12,21
860Z200US95008,19327,568,12491,421,9684,485,2807,394,974,228,1833,329,6836,574,5304,503,1532,344
860Z200US95010,4315,382,2028,304,1490,302,538,171,117,87,421,147,2287,425,1637,378,650,296
860Z200US95012,2517,262,2211,254,1587,259,624,199,127,85,497,162,306,137,166,112,140,94
860Z200US95013,18,20,9,14,0,13,9,14,0,13,9,14,9,14,9,14,0,13
860Z200US95014,21646,446,16558,397,14534,424,2024,273,690,173,1334,221,5088,478,4164,442,924,261
860Z200US95017,268,74,175,55,147,55,28,19,10,10,18,16,93,52,62,45,31,27
860Z200US95018,2552,244,1554,226,1209,219,345,103,123,60,222,92,998,188,742,153,256,110
860Z200US95019,2024,316,1470,348,1106,327,364,167,15,32,349,168,554,155,484,148,70,64
860Z200US95020,19669,618,15647,520,11238,635,4409,514,1185,277,3224,444,4022,501,2834,428,1188,298
860Z200US95023,16566,314,13329,412,9930,467,3399,439,1256,242,2143,352,3237,328,2586,302,651,155
860Z200US95030,5355,403,3899,313,3485,312,414,143,83,67,331,115,1456,299,1297,285,159,75
860Z200US95032,10275,429,7553,355,6519,362,1034,236,345,154,689,179,2722,445,2378,444,344,141
860Z200US95033,3753,379,2687,278,2396,272,291,91,129,57,162,63,1066,292,596,214,470,222
860Z200US95035,23749,576,18926,437,15108,527,3818,472,1315,282,2503,400,4823,488,3051,441,1772,359
860Z200US95037,16888,432,13576,385,10823,453,2753,393,710,169,2043,358,3312,359,2606,332,706,195
860Z200US95039,377,111,306,114,211,89,95,83,80,79,15,25,71,38,71,38,0,13
860Z200US95041,283,103,250,101,239,102,11,15,3,6,8,13,33,31,33,31,0,13
860Z200US95043,272,73,155,45,147,44,8,7,6,7,2,3,117,54,86,42,31,36
860Z200US95045,1421,218,1072,203,869,185,203,107,145,98,58,42,349,139,292,136,57,38
860Z200US95046,1847,213,1470,225,1179,222,291,109,76,67,215,94,377,146,191,86,186,116
860Z200US95050,14764,736,8991,545,6485,507,2506,394,1286,360,1220,250,5773,639,3990,586,1783,340
860Z200US95051,22468,613,15335,582,12939,615,2396,355,742,184,1654,311,7133,564,4630,476,2503,356
860Z200US95053,0,13,0,13,0,13,0,13,0,13,0,13,0,13,0,13,0,13
860Z200US95054,8578,470,5709,485,4835,457,874,299,244,98,630,300,2869,352,1850,270,1019,274
860Z200US95060,18841,893,9626,663,7538,679,2088,401,631,203,1457,330,9215,664,5383,618,3832,407
860Z200US95062,15149,597,7946,582,6085,551,1861,346,572,222,1289,278,7203,598,4540,485,2663,432
860Z200US95064,536,134,263,71,216,68,47,24,23,19,24,15,273,119,109,80,164,93
860Z200US95065,2930,232,1909,209,1494,187,415,147,152,71,263,130,1021,147,662,120,359,104
860Z200US95066,5893,336,4121,314,3540,342,581,217,240,135,341,151,1772,328,1452,315,320,142
860Z200US95070,11376,339,9491,286,8677,295,814,187,288,106,526,145,1885,299,1613,266,272,100
860Z200US95073,4175,324,2670,281,2269,249,401,127,110,53,291,129,1505,271,1289,254,216,93
860Z200US95075,176,49,142,46,142,46,0,13,0,13,0,13,34,22,31,19,3,6
860Z200US95076,24053,830,19150,852,13491,840,5659,654,1798,368,3861,599,4903,510,3612,462,1291,292
860Z200US95110,6665,417,3819,414,2789,338,1030,212,378,122,652,169,2846,341,1910,240,936,211
860Z200US95111,15899,580,12929,628,8553,588,4376,509,1661,356,2715,432,2970,428,2309,385,661,205
860Z200US95112,20778,792,9948,618,6709,485,3239,453,1403,372,1836,310,10830,766,7139,681,3691,450
860Z200US95113,1276,211,492,144,354,114,138,78,44,33,94,72,784,168,653,168,131,66
860Z200US95116,13728,537,10606,477,6726,459,3880,379,1096,182,2784,369,3122,308,2213,257,909,192
860Z200US95117,10479,572,7146,512,5267,512,1879,350,830,254,1049,296,3333,491,2475,443,858,236
860Z200US95118,11204,484,8479,484,6205,340,2274,359,669,213,1605,295,2725,334,2100,321,625,166
860Z200US95119,3388,284,2549,242,2018,250,531,174,215,178,316,88,839,236,494,129,345,208
860Z200US95120,12536,570,10734,514,9622,495,1112,223,401,135,711,163,1802,327,1452,320,350,152
860Z200US95121,9832,453,8500,478,6125,470,2375,288,643,146,1732,254,1332,207,826,173,506,154
860Z200US95122,12058,410,10050,374,6263,388,3787,294,1502,228,2285,281,2008,306,1263,185,745,236
860Z200US95123,23930,690,17442,752,12856,587,4586,502,1342,254,3244,469,6488,554,4745,447,1743,277
860Z200US95124,17553,657,13944,684,11944,661,2000,323,660,216,1340,258,3609,417,2712,350,897,232
860Z200US95125,21083,672,13548,720,10460,651,3088,387,1088,336,2000,267,7535,537,6040,487,1495,226
860Z200US95126,15021,482,8002,552,5732,448,2270,380,779,233,1491,312,7019,469,4885,433,2134,301
860Z200US95127,15939,474,13202,447,9232,486,3970,369,1605,252,2365,298,2737,320,1999,278,738,161
860Z200US95128,13898,582,7892,464,5717,477,2175,317,651,193,1524,281,6006,496,4101,429,1905,310
860Z200US95129,13835,614,10440,565,8730,552,1710,304,484,186,1226,270,3395,355,2823,359,572,180
860Z200US95130,4491,286,3472,254,2652,223,820,158,333,113,487,135,1019,173,794,143,225,92
860Z200US95131,9736,437,7495,483,6204,506,1291,237,571,178,720,158,2241,311,1272,234,969,265
860Z200US95132,12115,418,9932,466,8043,495,1889,229,589,122,1300,200,2183,268,1528,219,655,153
860Z200US95133,8875,414,6887,422,4799,409,2088,354,575,156,1513,298,1988,289,1412,254,576,180
860Z200US95134,13383,702,7352,731,6279,618,1073,293,487,214,586,190,6031,539,3596,465,2435,343
860Z200US95135,7651,501,5830,431,5249,385,581,260,151,58,430,257,1821,244,1666,240,155,74
860Z200US95136,16114,688,12120,719,9128,680,2992,332,1018,226,1974,315,3994,435,2844,375,1150,224
860Z200US95138,5639,266,4946,297,3642,265,1304,294,352,131,952,301,693,135,429,106,264,97
860Z200US95139,2117,178,1707,178,1370,151,337,163,195,140,142,66,410,117,358,116,52,35
860Z200US95140,60,29,36,30,36,30,0,13,0,13,0,13,24,18,24,18,0,13
860Z200US95148,12124,495,10738,532,8424,492,2314,285,912,207,1402,215,1386,272,1040,248,346,99
860Z200US95202,2920,382,1014,332,203,80,811,337,193,87,618,321,1906,235,1739,231,167,108
860Z200US95203,5387,324,3431,325,2130,242,1301,264,324,113,977,239,1956,234,1526,209,430,136
860Z200US95204,11080,468,7019,429,4657,371,2362,362,612,193,1750,309,4061,365,3141,366,920,173
860Z200US95205,10735,463,7985,442,4819,423,3166,371,1049,248,2117,304,2750,369,2110,320,640,202
860Z200US95206,17279,640,14036,622,9050,597,4986,533,1483,385,3503,397,3243,424,2598,371,645,184
860Z200US95207,18347,595,12151,621,6520,558,5631,515,1654,411,3977,447,6196,515,5096,440,1100,235
860Z200US95209,13129,574,10550,593,7536,582,3014,363,1366,271,1648,292,2579,404,2092,372,487,141
860Z200US95210,11934,481,9301,482,4973,463,4328,407,1394,273,2934,350,2633,310,2164,306,469,135
860Z200US95211,0,13,0,13,0,13,0,13,0,13,0,13,0,13,0,13,0,13
860Z200US95212,7747,531,6551,550,5040,646,1511,457,677,358,834,299,1196,358,1130,360,66,79
860Z200US95215,7076,464,5373,469,3514,426,1859,362,780,240,1079,298,1703,220,1348,214,355,135
860Z200US95219,10856,452,7838,490,5831,405,2007,348,665,211,1342,275,3018,397,2377,327,641,231
860Z200US95220,2712,308,2067,261,1581,285,486,171,116,103,370,145,645,244,512,220,133,113
860Z200US95221,69,53,54,48,0,13,54,48,21,32,33,53,15,23,0,13,15,23
860Z200US95222,2238,253,1663,229,1450,214,213,94,64,50,149,95,575,198,543,196,32,41
860Z200US95223,1305,187,826,164,747,172,79,46,29,34,50,30,479,135,447,129,32,24
860Z200US95224,74,50,44,35,44,35,0,13,0,13,0,13,30,34,30,34,0,13
860Z200US95225,322,207,267,201,267,201,0,13,0,13,0,13,55,77,55,77,0,13
860Z200US95226,0,13,0,13,0,13,0,13,0,13,0,13,0,13,0,13,0,13
860Z200US95227,332,81,265,85,234,87,31,32,23,37,8,12,67,42,59,40,8,12
860Z200US95228,1731,190,1303,174,1021,172,282,110,32,31,250,107,428,118,332,113,96,56
860Z200US95230,226,94,178,92,133,84,45,48,40,47,5,8,48,34,48,34,0,13
860Z200US95231,709,152,584,158,439,155,145,66,93,60,52,38,125,49,78,38,47,32
860Z200US95232,29,33,11,18,11,18,0,13,0,13,0,13,18,26,0,13,18,26
860Z200US95233,99,60,70,54,70,54,0,13,0,13,0,13,29,26,4,7,25,25
860Z200US95236,1708,216,1234,233,939,193,295,145,110,93,185,130,474,159,436,160,38,41
860Z200US95237,1522,251,1064,244,801,235,263,111,72,58,191,102,458,158,340,123,118,95
860Z200US95240,16235,530,11380,442,7709,467,3671,406,1340,310,2331,322,4855,503,3779,386,1076,247
860Z200US95242,10058,485,7189,444,5477,404,1712,416,706,360,1006,248,2869,327,2369,333,500,167
860Z200US95245,1003,280,668,221,611,221,57,46,41,38,16,25,335,153,263,134,72,65
860Z200US95246,447,210,391,211,361,216,30,36,0,13,30,36,56,43,56,43,0,13
860Z200US95247,1542,212,915,194,806,187,109,62,42,46,67,42,627,142,515,126,112,66
860Z200US95248,16,26,16,26,0,13,16,26,16,26,0,13,0,13,0,13,0,13
860Z200US95249,1749,309,1334,283,804,244,530,250,129,118,401,202,415,218,396,217,19,22
860Z200US95251,250,122,192,113,175,110,17,28,0,13,17,28,58,53,40,44,18,29
860Z200US95252,4814,361,3736,392,2986,420,750,235,386,194,364,185,1078,286,794,260,284,166
860Z200US95253,124,95,118,97,47,51,71,96,0,13,71,96,6,9,0,13,6,9
860Z200US95254,279,132,227,120,179,101,48,76,0,13,48,76,52,64,52,64,0,13
860Z200US95255,708,165,466,144,298,123,168,124,30,35,138,120,242,97,202,94,40,27
860Z200US95257,149,84,118,79,89,69,29,34,0,13,29,34,31,37,18,29,13,21
860Z200US95258,1538,271,1221,265,1111,265,110,70,35,33,75,59,317,126,259,110,58,54
860Z200US95301,12857,509,9923,455,6608,405,3315,441,856,221,2459,405,2934,433,2438,383,496,165
860Z200US95303,291,90,217,73,149,55,68,47,49,40,19,19,74,48,56,46,18,15
860Z200US95304,4359,401,3222,357,2650,359,572,224,237,115,335,178,1137,299,961,293,176,106
860Z200US95305,58,65,58,65,58,65,0,13,0,13,0,13,0,13,0,13,0,13
860Z200US95306,383,129,228,93,197,70,31,55,25,55,6,9,155,115,101,73,54,85
860Z200US95307,13022,704,10344,605,6941,538,3403,502,1126,239,2277,439,2678,427,2147,392,531,174
860Z200US95309,0,13,0,13,0,13,0,13,0,13,0,13,0,13,0,13,0,13
860Z200US95310,713,126,378,107,243,96,135,75,128,76,7,11,335,128,335,128,0,13
860Z200US95311,989,201,489,129,410,118,79,56,7,11,72,54,500,186,371,136,129,111
860Z200US95312,63,33,54,32,18,16,36,27,32,26,4,5,9,9,9,9,0,13
860Z200US95313,424,139,284,106,222,87,62,53,27,46,35,29,140,77,113,73,27,22
860Z200US95315,3554,306,3013,283,2176,310,837,226,359,153,478,180,541,182,467,172,74,64
860Z200US95316,2627,324,2045,229,1753,216,292,134,7,7,285,132,582,233,404,201,178,127
860Z200US95317,260,72,238,72,179,56,59,38,33,28,26,24,22,19,19,18,3,4
860Z200US95318,224,95,64,48,39,35,25,34,0,13,25,34,160,90,160,90,0,13
860Z200US95319,576,133,334,129,158,79,176,108,29,42,147,99,242,110,177,103,65,60
860Z200US95320,4585,395,3411,316,2737,311,674,232,318,196,356,175,1174,432,998,416,176,114
860Z200US95321,1809,254,1036,196,821,147,215,141,104,112,111,82,773,182,695,170,78,67
860Z200US95322,3319,411,2385,340,1488,274,897,331,198,140,699,288,934,334,807,314,127,107
860Z200US95323,434,84,367,79,301,73,66,32,36,26,30,22,67,33,60,32,7,7
860Z200US95324,2626,213,1982,258,1635,253,347,149,139,101,208,115,644,175,481,149,163,117
860Z200US95325,35,51,35,51,35,51,0,13,0,13,0,13,0,13,0,13,0,13
860Z200US95326,3743,390,2777,359,1866,304,911,339,413,313,498,162,966,288,773,248,193,128
860Z200US95327,3012,403,1518,296,1174,253,344,185,87,87,257,168,1494,347,1199,336,295,141
860Z200US95328,989,270,868,260,692,250,176,114,39,63,137,97,121,124,121,124,0,13
860Z200US95329,1172,186,724,139,585,124,139,82,79,53,60,48,448,155,353,150,95,59
860Z200US95330,6907,350,5984,324,4567,334,1417,236,557,169,860,183,923,300,708,256,215,139
860Z200US95333,794,100,620,89,447,89,173,50,77,39,96,39,174,52,161,49,13,13
860Z200US95334,4142,366,3482,314,2114,264,1368,290,505,201,863,198,660,218,559,207,101,67
860Z200US95335,73,79,35,51,35,51,0,13,0,13,0,13,38,61,38,61,0,13
860Z200US95336,15395,583,11448,494,8112,512,3336,356,1170,238,2166,340,3947,418,2997,353,950,254
860Z200US95337,12551,482,9853,487,7480,434,2373,404,773,243,1600,357,2698,378,2066,265,632,222
860Z200US95338,4720,295,3059,286,2191,273,868,198,258,110,610,178,1661,245,1395,209,266,125
860Z200US95340,12338,576,8227,489,5205,426,3022,469,812,211,2210,415,4111,416,3410,396,701,210
860Z200US95341,8787,397,7275,392,3943,344,3332,297,1157,193,2175,278,1512,270,1161,250,351,130
860Z200US95345,332,139,187,123,142,112,45,54,0,13,45,54,145,81,132,85,13,16
860Z200US95346,488,160,312,155,300,154,12,20,12,20,0,13,176,109,155,105,21,36
860Z200US95348,10765,670,7387,628,3950,503,3437,574,1202,407,2235,414,3378,558,2413,435,965,308
860Z200US95350,19358,614,12940,602,8203,615,4737,451,1504,311,3233,428,6418,562,5103,500,1315,301
860Z200US95351,13453,486,10844,552,6066,440,4778,495,1560,335,3218,425,2609,416,2163,401,446,144
860Z200US95354,8773,433,5823,395,3532,355,2291,341,774,239,1517,273,2950,346,2232,301,718,195
860Z200US95355,21060,600,14828,760,10577,687,4251,521,1196,338,3055,467,6232,516,5053,508,1179,273
860Z200US95356,11219,396,7929,400,5989,398,1940,336,456,143,1484,299,3290,387,2547,356,743,205
860Z200US95357,4259,429,3454,387,2675,405,779,176,236,111,543,137,805,232,657,216,148,100
860Z200US95358,8418,448,7008,413,5033,420,1975,292,541,161,1434,241,1410,230,1040,212,370,117
860Z200US95360,3956,343,3284,293,2473,352,811,211,324,176,487,162,672,238,527,234,145,115
860Z200US95361,12286,510,9026,486,7101,449,1925,437,655,277,1270,347,3260,433,2820,409,440,144
860Z200US95363,7948,471,6781,372,5071,426,1710,396,878,279,832,278,1167,337,1011,324,156,111
860Z200US95364,0,13,0,13,0,13,0,13,0,13,0,13,0,13,0,13,0,13
860Z200US95365,1106,124,868,128,617,124,251,97,77,54,174,84,238,96,198,87,40,44
860Z200US95366,6649,363,5111,338,4210,365,901,253,246,138,655,196,1538,240,1258,223,280,115
860Z200US95367,7489,332,6021,262,4598,308,1423,220,442,117,981,206,1468,344,1223,312,245,87
860Z200US95368,4262,478,3380,440,2600,415,780,329,588,312,192,111,882,267,677,255,205,121
860Z200US95369,331,99,208,60,185,60,23,15,20,14,3,4,123,85,121,85,2,3
860Z200US95370,11988,496,7471,459,5881,454,1590,338,544,242,1046,253,4517,555,3685,484,832,260
860Z200US95372,645,161,452,155,356,144,96,76,47,45,49,58,193,96,151,83,42,42
860Z200US95374,540,96,404,75,329,64,75,55,60,51,15,18,136,61,126,64,10,13
860Z200US95375,61,76,0,13,0,13,0,13,0,13,0,13,61,76,61,76,0,13
860Z200US95376,16697,740,12784,531,9010,529,3774,441,1340,330,2434,370,3913,523,3161,503,752,178
860Z200US95377,9045,430,7842,491,6348,558,1494,313,526,162,968,286,1203,362,742,242,461,303
860Z200US95379,1705,256,1006,220,792,194,214,142,59,80,155,121,699,207,637,196,62,53
860Z200US95380,15286,691,10926,584,6787,496,4139,456,1338,383,2801,363,4360,572,3517,551,843,225
860Z200US95382,12894,464,9163,461,6865,454,2298,383,742,229,1556,334,3731,406,2748,351,983,266
860Z200US95383,1870,348,1229,300,1108,300,121,72,50,49,71,55,641,214,425,185,216,102
860Z200US95385,213,74,133,65,114,61,19,22,13,20,6,9,80,51,80,51,0,13
860Z200US95386,2934,199,2360,163,1712,205,648,201,320,169,328,139,574,169,453,151,121,77
860Z200US95387,275,102,275,102,242,99,33,39,0,13,33,39,0,13,0,13,0,13
860Z200US95388,3740,351,2934,282,1781,256,1153,238,592,175,561,180,806,273,635,246,171,96
860Z200US95389,333,132,42,38,26,27,16,25,0,13,16,25,291,125,269,118,22,26
860Z200US95391,5983,673,5173,719,4679,712,494,213,78,82,416,194,810,358,705,354,105,101
860Z200US95401,13592,553,8451,467,5876,507,2575,443,1027,313,1548,327,5141,498,3592,395,1549,279
860Z200US95403,16286,666,10450,674,7416,680,3034,502,1243,362,1791,353,5836,620,4430,575,1406,268
860Z200US95404,15507,818,9346,663,6950,559,2396,378,748,224,1648,342,6161,607,4770,571,1391,279
860Z200US95405,9396,578,6161,525,4875,510,1286,273,410,179,876,195,3235,539,2525,489,710,188
860Z200US95407,12871,644,9190,633,6351,537,2839,477,952,311,1887,378,3681,420,2436,361,1245,316
860Z200US95409,11870,560,6818,461,5546,471,1272,225,392,215,880,173,5052,411,4273,378,779,205
860Z200US95410,412,124,161,83,137,82,24,18,24,18,0,13,251,113,173,99,78,74
860Z200US95412,161,58,88,32,78,34,10,14,0,13,10,14,73,49,44,49,29,33
860Z200US95415,433,81,307,71,243,72,64,38,20,19,44,36,126,53,85,43,41,33
860Z200US95417,95,83,58,55,58,55,0,13,0,13,0,13,37,61,37,61,0,13
860Z200US95419,162,86,41,49,29,46,12,19,0,13,12,19,121,89,121,89,0,13
860Z200US95420,85,56,85,56,85,56,0,13,0,13,0,13,0,13,0,13,0,13
860Z200US95421,726,101,404,76,329,72,75,38,26,20,49,33,322,70,249,60,73,37
860Z200US95422,6136,400,3648,255,1905,269,1743,228,654,169,1089,204,2488,370,1879,328,609,157
860Z200US95423,1528,197,876,186,576,160,300,124,193,135,107,63,652,138,564,139,88,62
860Z200US95425,4585,229,3149,248,2697,270,452,158,123,77,329,144,1436,308,1080,287,356,192
860Z200US95426,644,162,435,148,341,138,94,85,36,53,58,68,209,112,188,101,21,38
860Z200US95427,223,112,223,112,141,81,82,77,20,32,62,72,0,13,0,13,0,13
860Z200US95428,973,122,676,130,352,101,324,94,140,65,184,80,297,85,219,78,78,50
860Z200US95429,70,51,39,31,23,21,16,24,16,24,0,13,31,41,31,41,0,13
860Z200US95430,15,21,0,13,0,13,0,13,0,13,0,13,15,21,15,21,0,13
860Z200US95431,0,13,0,13,0,13,0,13,0,13,0,13,0,13,0,13,0,13
860Z200US95432,276,98,164,81,117,72,47,41,10,15,37,45,112,74,71,49,41,59
860Z200US95435,89,100,75,110,75,110,0,13,0,13,0,13,14,24,14,24,0,13
860Z200US95436,2644,261,1563,266,1296,250,267,84,49,37,218,77,1081,184,795,176,286,91
860Z200US95437,6438,370,3508,317,2440,279,1068,262,240,108,828,255,2930,373,2418,344,512,144
860Z200US95439,169,73,108,71,44,43,64,54,35,58,29,47,61,41,61,41,0,13
860Z200US95441,701,88,480,70,431,70,49,28,21,22,28,21,221,67,180,63,41,28
860Z200US95442,1161,411,519,139,481,134,38,57,0,13,38,57,642,388,320,137,322,349
860Z200US95443,36,40,18,29,0,13,18,29,18,29,0,13,18,29,18,29,0,13
860Z200US95444,219,93,143,90,98,67,45,68,0,13,45,68,76,63,33,41,43,68
860Z200US95445,955,191,549,142,460,126,89,65,0,13,89,65,406,173,318,158,88,62
860Z200US95446,2336,251,1064,163,875,154,189,86,51,44,138,73,1272,229,877,205,395,149
860Z200US95448,6724,353,4552,277,3674,294,878,198,368,149,510,140,2172,338,1474,280,698,272
860Z200US95449,493,96,322,87,229,76,93,37,38,27,55,32,171,60,109,47,62,38
860Z200US95450,84,40,48,28,30,25,18,13,7,8,11,11,36,25,27,22,9,12
860Z200US95451,4767,447,2921,332,2226,325,695,221,188,124,507,187,1846,340,1388,300,458,218
860Z200US95452,623,199,253,122,219,111,34,56,0,13,34,56,370,185,206,112,164,141
860Z200US95453,4638,380,2979,299,2206,272,773,206,142,94,631,175,1659,384,1471,380,188,103
860Z200US95454,924,191,566,153,432,153,134,87,50,56,84,69,358,160,320,155,38,35
860Z200US95456,419,146,135,65,70,35,65,58,0,13,65,58,284,138,264,139,20,23
860Z200US95457,1368,226,661,182,582,183,79,57,37,46,42,39,707,212,422,153,285,139
860Z200US95458,1359,219,684,140,495,127,189,96,37,43,152,89,675,183,480,160,195,107
860Z200US95459,313,80,172,67,116,45,56,52,9,10,47,51,141,59,68,32,73,50
860Z200US95460,1070,196,612,142,437,124,175,114,0,13,175,114,458,170,381,169,77,55
860Z200US95461,1322,240,821,230,650,227,171,132,29,32,142,129,501,182,342,164,159,86
860Z200US95462,592,141,275,119,174,61,101,104,29,31,72,88,317,94,281,86,36,29
860Z200US95463,35,30,20,22,20,22,0,13,0,13,0,13,15,24,0,13,15,24
860Z200US95464,921,218,568,177,434,161,134,84,21,26,113,83,353,140,218,119,135,77
860Z200US95465,603,132,301,112,257,101,44,54,44,54,0,13,302,87,225,83,77,45
860Z200US95466,310,76,185,62,137,47,48,38,12,19,36,32,125,55,53,37,72,46
860Z200US95467,2244,323,1623,284,1416,250,207,130,32,38,175,130,621,174,401,154,220,112
860Z200US95468,547,141,350,122,292,119,58,42,14,12,44,38,197,77,117,61,80,50
860Z200US95469,615,81,344,78,297,69,47,39,25,26,22,30,271,78,229,75,42,28
860Z200US95470,2096,224,1560,197,1247,182,313,151,77,87,236,135,536,171,481,158,55,46
860Z200US95471,388,151,190,101,132,83,58,65,0,13,58,65,198,134,132,97,66,89
860Z200US95472,11767,718,7935,562,6133,455,1802,373,572,194,1230,347,3832,500,3021,464,811,230
860Z200US95476,15163,679,9144,548,7539,509,1605,371,513,166,1092,301,6019,485,4709,469,1310,229
860Z200US95480,5,10,5,10,1,4,4,9,0,13,4,9,0,13,0,13,0,13
860Z200US95482,11329,562,7370,524,4855,442,2515,376,807,239,1708,302,3959,615,3371,550,588,173
860Z200US95485,1199,211,688,162,527,140,161,103,75,52,86,97,511,190,330,122,181,158
860Z200US95486,35,26,13,22,13,22,0,13,0,13,0,13,22,27,22,27,0,13
860Z200US95488,103,84,29,28,29,28,0,13,0,13,0,13,74,81,74,81,0,13
860Z200US95490,5578,510,3063,358,2087,329,976,223,225,127,751,202,2515,449,1877,367,638,283
860Z200US95492,9771,412,7520,328,6023,400,1497,261,734,210,763,181,2251,297,1670,268,581,156
860Z200US95493,46,38,26,30,26,30,0,13,0,13,0,13,20,21,20,21,0,13
860Z200US95494,42,27,30,27,30,27,0,13,0,13,0,13,12,13,6,9,6,9
860Z200US95497,583,102,351,81,316,72,35,33,11,19,24,27,232,80,210,79,22,21
860Z200US95501,9787,590,4601,431,3126,369,1475,319,535,219,940,212,5186,602,3932,585,1254,284
860Z200US95503,9567,529,5653,466,3864,414,1789,339,741,246,1048,280,3914,491,2903,476,1011,262
860Z200US95511,57,60,0,13,0,13,0,13,0,13,0,13,57,60,12,19,45,56
860Z200US95514,59,35,13,19,13,19,0,13,0,13,0,13,46,40,45,40,1,4
860Z200US95519,7259,410,4043,425,3146,421,897,215,176,85,721,191,3216,396,2290,363,926,241
860Z200US95521,8351,473,3449,350,2171,258,1278,321,496,168,782,277,4902,518,2789,432,2113,360
860Z200US95524,669,157,441,124,352,105,89,59,52,53,37,24,228,111,183,104,45,30
860Z200US95525,698,110,352,99,278,89,74,43,38,27,36,36,346,87,223,64,123,55
860Z200US95526,210,44,99,32,77,27,22,15,14,14,8,7,111,42,99,38,12,14
860Z200US95527,197,77,137,67,87,44,50,51,9,13,41,50,60,36,55,36,5,8
860Z200US95528,578,126,430,112,370,104,60,33,9,12,51,31,148,49,105,38,43,30
860Z200US95531,7688,327,5009,366,3404,378,1605,288,563,205,1042,220,2679,331,2202,311,477,143
860Z200US95536,1158,132,805,141,579,131,226,94,89,46,137,80,353,93,283,82,70,36
860Z200US95537,126,91,64,78,16,25,48,75,0,13,48,75,62,89,0,13,62,89
860Z200US95538,438,139,300,130,250,107,50,77,50,77,0,13,138,76,67,57,71,65
860Z200US95540,5638,359,3640,268,2458,261,1182,250,406,181,776,223,1998,342,1495,267,503,207
860Z200US95542,1137,221,548,145,411,130,137,97,36,44,101,86,589,207,425,184,164,130
860Z200US95543,232,86,107,70,75,62,32,40,0,13,32,40,125,76,125,76,0,13
860Z200US95545,84,43,40,29,20,19,20,25,6,10,14,23,44,32,41,33,3,6
860Z200US95546,913,158,711,139,231,63,480,145,199,88,281,104,202,68,160,61,42,28
860Z200US95547,486,98,314,66,262,68,52,38,25,29,27,25,172,76,109,52,63,56
860Z200US95548,383,68,244,56,153,50,91,36,22,23,69,24,139,51,110,48,29,15
860Z200US95549,393,68,262,55,227,65,35,29,30,30,5,8,131,46,74,38,57,30
860Z200US95550,64,52,13,9,13,9,0,13,0,13,0,13,51,52,5,8,46,50
860Z200US95551,620,111,367,98,297,96,70,35,18,16,52,32,253,103,195,94,58,37
860Z200US95552,240,97,155,80,141,76,14,18,6,9,8,15,85,63,74,61,11,14
860Z200US95553,359,182,150,106,117,94,33,53,0,13,33,53,209,159,180,144,29,46
860Z200US95554,176,118,97,59,46,37,51,62,36,58,15,22,79,107,79,107,0,13
860Z200US95555,120,27,56,19,27,14,29,15,9,9,20,11,64,21,56,20,8,9
860Z200US95556,271,153,258,153,198,148,60,48,1,3,59,48,13,10,13,10,0,13
860Z200US95558,135,45,58,29,38,21,20,18,6,9,14,15,77,37,55,28,22,22
860Z200US95559,0,13,0,13,0,13,0,13,0,13,0,13,0,13,0,13,0,13
860Z200US95560,623,264,392,179,240,141,152,115,45,75,107,125,231,208,163,200,68,68
860Z200US95562,1381,161,778,127,492,152,286,122,68,59,218,129,603,157,533,157,70,55
860Z200US95563,293,96,101,65,90,61,11,18,0,13,11,18,192,91,161,85,31,41
860Z200US95564,201,73,121,51,92,48,29,17,10,10,19,15,80,42,63,37,17,14
860Z200US95565,274,92,162,68,96,47,66,51,20,25,46,46,112,59,53,34,59,48
860Z200US95567,790,173,565,143,415,133,150,80,80,59,70,48,225,85,138,66,87,71
860Z200US95568,46,23,25,15,21,14,4,8,0,13,4,8,21,17,17,16,4,7
860Z200US95569,106,70,73,60,73,60,0,13,0,13,0,13,33,37,29,36,4,7
860Z200US95570,1071,135,648,114,404,66,244,114,64,44,180,106,423,76,345,71,78,36
860Z200US95571,47,50,35,57,35,57,0,13,0,13,0,13,12,20,12,20,0,13
860Z200US95573,581,141,285,121,285,121,0,13,0,13,0,13,296,118,204,98,92,78
860Z200US95585,194,69,126,59,66,39,60,49,10,17,50,46,68,37,66,36,2,4
860Z200US95587,36,54,36,54,36,54,0,13,0,13,0,13,0,13,0,13,0,13
860Z200US95589,654,163,266,129,256,127,10,16,0,13,10,16,388,174,243,147,145,108
860Z200US95595,112,77,51,36,51,36,0,13,0,13,0,13,61,63,61,63,0,13
860Z200US95601,138,81,101,78,38,29,63,75,0,13,63,75,37,25,30,24,7,7
860Z200US95602,7290,408,5160,407,4260,386,900,219,436,190,464,142,2130,279,1648,228,482,204
860Z200US95603,11825,459,7486,395,5766,420,1720,274,616,201,1104,220,4339,382,3651,361,688,181
860Z200US95604,23,25,0,13,0,13,0,13,0,13,0,13,23,25,10,16,13,19
860Z200US95605,4924,318,3113,351,2034,301,1079,335,196,139,883,320,1811,309,1289,270,522,197
860Z200US95606,91,34,86,33,86,33,0,13,0,13,0,13,5,6,5,6,0,13
860Z200US95607,94,43,64,32,55,28,9,14,9,14,0,13,30,36,30,36,0,13
860Z200US95608,25840,972,15799,773,11138,634,4661,540,1541,318,3120,419,10041,830,7693,733,2348,443
860Z200US95610,17254,611,10791,540,7896,526,2895,352,876,192,2019,325,6463,443,4602,455,1861,283
860Z200US95612,523,139,415,134,306,93,109,103,11,16,98,102,108,65,108,65,0,13
860Z200US95613,53,84,53,84,53,84,0,13,0,13,0,13,0,13,0,13,0,13
860Z200US95614,1797,216,1237,194,1016,203,221,143,58,54,163,128,560,172,407,153,153,97
860Z200US95615,342,161,285,153,278,151,7,12,0,13,7,12,57,49,22,24,35,41
860Z200US95616,18126,496,7708,463,6427,408,1281,244,314,119,967,207,10418,571,4368,469,6050,450
860Z200US95618,9708,391,5928,331,4787,311,1141,296,269,119,872,250,3780,359,1991,295,1789,312
860Z200US95619,2513,333,1678,333,1488,324,190,161,21,33,169,159,835,238,746,237,89,70
860Z200US95620,7379,465,5515,338,3885,339,1630,407,396,191,1234,369,1864,465,1566,435,298,117
860Z200US95621,16495,598,10267,571,6983,544,3284,390,1039,298,2245,294,6228,468,4738,440,1490,315
860Z200US95623,1606,239,1178,230,988,213,190,93,83,69,107,62,428,138,336,121,92,57
860Z200US95624,20205,627,16572,588,12484,693,4088,533,882,179,3206,529,3633,357,2942,313,691,166
860Z200US95625,119,97,0,13,0,13,0,13,0,13,0,13,119,97,67,75,52,58
860Z200US95626,1934,166,1558,184,1007,165,551,143,263,108,288,99,376,96,278,81,98,53
860Z200US95627,1209,184,994,177,838,202,156,81,20,22,136,78,215,104,190,99,25,27
860Z200US95628,16594,556,11090,533,8505,531,2585,378,823,188,1762,321,5504,436,4240,424,1264,245
860Z200US95629,305,130,202,113,200,112,2,7,0,13,2,7,103,60,72,49,31,49
860Z200US95630,27236,1244,19901,902,16664,865,3237,388,1085,251,2152,329,7335,676,5895,633,1440,377
860Z200US95631,2552,303,1767,276,1313,216,454,217,103,96,351,186,785,261,610,217,175,145
860Z200US95632,10076,501,8021,429,6134,500,1887,331,585,178,1302,280,2055,392,1482,339,573,213
860Z200US95633,1266,259,982,196,745,167,237,130,98,104,139,90,284,230,235,219,49,51
860Z200US95634,1842,437,1023,314,787,272,236,167,91,61,145,155,819,310,772,309,47,59
860Z200US95635,369,151,177,128,121,114,56,55,23,40,33,39,192,118,192,118,0,13
860Z200US95636,497,207,349,191,349,191,0,13,0,13,0,13,148,89,148,89,0,13
860Z200US95637,56,41,41,38,24,24,17,28,17,28,0,13,15,23,0,13,15,23
860Z200US95638,828,161,579,129,532,126,47,23,10,14,37,25,249,135,208,135,41,28
860Z200US95639,70,48,16,24,0,13,16,24,0,13,16,24,54,55,54,55,0,13
860Z200US95640,3819,428,2547,372,1964,303,583,215,224,134,359,152,1272,331,1071,296,201,130
860Z200US95641,741,147,440,115,298,87,142,67,58,60,84,48,301,77,263,70,38,29
860Z200US95642,2915,256,1904,228,1496,242,408,137,178,91,230,89,1011,242,886,228,125,86
860Z200US95645,467,114,354,100,233,81,121,62,28,32,93,53,113,64,113,64,0,13
860Z200US95646,89,50,47,38,47,38,0,13,0,13,0,13,42,33,42,33,0,13
860Z200US95648,20372,514,15030,443,12500,450,2530,386,542,135,1988,392,5342,484,4418,454,924,207
860Z200US95650,5467,508,3816,394,3374,404,442,167,216,106,226,119,1651,470,1322,478,329,226
860Z200US95651,201,89,121,62,110,59,11,19,11,19,0,13,80,72,61,66,19,29
860Z200US95652,318,94,269,92,62,51,207,91,44,50,163,85,49,35,35,28,14,21
860Z200US95653,166,82,141,74,114,76,27,44,0,13,27,44,25,39,25,39,0,13
860Z200US95655,1545,133,1220,149,1026,142,194,96,135,90,59,36,325,89,259,82,66,41
860Z200US95658,2325,251,1728,222,1477,207,251,94,106,89,145,67,597,134,544,129,53,43
860Z200US95659,316,64,188,40,140,37,48,24,27,19,21,16,128,48,107,46,21,17
860Z200US95660,10831,658,7657,575,4668,521,2989,477,794,238,2195,413,3174,598,2429,499,745,264
860Z200US95661,12829,424,8488,481,6632,465,1856,293,603,191,1253,238,4341,419,3551,374,790,222
860Z200US95662,12767,518,8696,489,6376,440,2320,456,814,214,1506,393,4071,444,3254,408,817,207
860Z200US95663,1092,191,793,162,675,156,118,74,81,67,37,34,299,120,269,121,30,21
860Z200US95664,395,135,338,120,290,115,48,42,0,13,48,42,57,70,57,70,0,13
860Z200US95665,1851,298,1291,280,1053,249,238,137,134,100,104,92,560,172,411,162,149,112
860Z200US95666,2441,218,1588,185,1242,182,346,132,189,107,157,76,853,180,738,169,115,54
860Z200US95667,14514,528,9749,567,7750,554,1999,351,826,225,1173,293,4765,538,3906,507,859,194
860Z200US95668,196,44,123,36,93,29,30,18,14,11,16,13,73,23,70,23,3,4
860Z200US95669,982,151,621,127,459,116,162,72,48,41,114,61,361,106,299,103,62,41
860Z200US95670,21713,536,14608,535,10423,588,4185,447,1363,264,2822,341,7105,472,5121,477,1984,275
860Z200US95671,39,30,5,7,5,7,0,19,0,19,0,19,34,30,34,30,0,19
860Z200US95672,2084,207,1548,203,1318,230,230,95,25,32,205,90,536,146,369,134,167,90
860Z200US95673,5154,337,4060,329,2840,319,1220,266,313,127,907,219,1094,253,735,220,359,143
860Z200US95674,269,51,205,48,152,36,53,33,26,29,27,17,64,22,58,21,6,9
860Z200US95675,157,102,107,94,107,94,0,13,0,13,0,13,50,53,20,31,30,46
860Z200US95676,41,25,41,25,22,20,19,18,7,12,12,13,0,13,0,13,0,13
860Z200US95677,10223,434,7050,370,5591,356,1459,225,338,102,1121,215,3173,363,2325,282,848,223
860Z200US95678,17322,646,11405,561,8194,551,3211,486,892,205,2319,426,5917,588,4528,548,1389,300
860Z200US95679,64,58,56,56,43,50,13,23,13,23,0,13,8,13,8,13,0,13
860Z200US95680,0,13,0,13,0,13,0,13,0,13,0,13,0,13,0,13,0,13
860Z200US95681,336,80,275,79,215,72,60,54,16,25,44,48,61,40,61,40,0,13
860Z200US95682,11621,471,8380,502,6887,508,1493,264,484,190,1009,198,3241,332,2489,333,752,200
860Z200US95683,2564,300,1977,295,1601,200,376,241,223,222,153,101,587,158,450,125,137,130
860Z200US95684,1309,279,777,241,750,239,27,29,1,4,26,28,532,174,381,146,151,83
860Z200US95685,2214,315,1189,247,896,228,293,127,64,66,229,113,1025,293,969,280,56,64
860Z200US95686,387,56,251,56,139,51,112,47,27,25,85,41,136,49,101,47,35,24
860Z200US95687,22424,734,15650,583,12065,592,3585,433,1154,268,2431,353,6774,632,5224,681,1550,377
860Z200US95688,13909,561,10908,558,8114,483,2794,433,868,273,1926,332,3001,357,2400,320,601,158
860Z200US95689,562,159,427,155,347,129,80,94,80,94,0,13,135,66,125,65,10,16
860Z200US95690,711,150,663,145,485,123,178,119,65,66,113,106,48,40,48,40,0,13
860Z200US95691,14086,505,10014,576,7299,525,2715,497,839,280,1876,390,4072,450,2879,393,1193,295
860Z200US95692,1721,173,1320,145,941,161,379,141,107,82,272,131,401,135,306,111,95,81
860Z200US95693,2475,231,1905,215,1529,200,376,183,234,156,142,98,570,214,425,144,145,165
860Z200US95694,3299,269,2553,248,1911,229,642,187,318,151,324,134,746,229,472,194,274,130
860Z200US95695,14578,485,10552,428,7688,493,2864,483,856,277,2008,449,4026,439,3029,390,997,272
860Z200US95697,105,79,73,71,19,27,54,64,54,64,0,13,32,32,32,32,0,13
860Z200US95698,138,65,53,47,53,47,0,13,0,13,0,13,85,58,85,58,0,13
860Z200US95699,7,12,0,13,0,13,0,13,0,13,0,13,7,12,0,13,7,12
860Z200US95701,391,87,329,81,306,78,23,20,0,13,23,20,62,42,59,40,3,5
860Z200US95703,820,154,590,143,557,144,33,31,12,16,21,27,230,75,180,66,50,40
860Z200US95709,2546,381,1857,320,1663,350,194,100,96,80,98,55,689,213,444,148,245,192
860Z200US95713,3748,272,2640,256,2260,257,380,114,108,71,272,93,1108,167,736,152,372,113
860Z200US95714,157,46,91,40,72,36,19,19,5,9,14,17,66,28,58,27,8,8
860Z200US95715,21,13,15,12,8,8,7,9,0,13,7,9,6,7,0,13,6,7
860Z200US95717,73,32,29,23,29,23,0,13,0,13,0,13,44,27,30,22,14,16
860Z200US95720,47,25,26,19,26,19,0,13,0,13,0,13,21,14,21,14,0,13
860Z200US95721,0,13,0,13,0,13,0,13,0,13,0,13,0,13,0,13,0,13
860Z200US95722,1873,208,1453,207,1289,194,164,77,37,46,127,68,420,126,317,116,103,52
860Z200US95726,3342,306,2246,257,1766,228,480,192,209,142,271,118,1096,243,916,227,180,117
860Z200US95728,139,67,107,61,86,57,21,24,0,13,21,24,32,30,32,30,0,13
860Z200US95735,24,21,18,20,18,20,0,13,0,13,0,13,6,7,6,7,0,13
860Z200US95736,57,38,26,31,9,14,17,27,17,27,0,13,31,25,31,25,0,13
860Z200US95742,4030,258,3407,281,2931,290,476,181,224,139,252,110,623,177,409,161,214,128
860Z200US95746,7945,385,6497,344,5880,312,617,185,303,154,314,116,1448,285,1246,280,202,97
860Z200US95747,25949,662,19714,748,16189,717,3525,531,1540,505,1985,339,6235,549,5364,515,871,200
860Z200US95757,14578,617,12574,567,10450,612,2124,276,620,163,1504,205,2004,329,1660,333,344,117
860Z200US95758,22152,812,16526,742,12047,714,4479,543,1302,368,3177,448,5626,643,4590,633,1036,275
860Z200US95762,15688,568,12902,594,11462,556,1440,311,401,174,1039,244,2786,344,2439,309,347,154
860Z200US95765,13911,466,10589,453,9170,424,1419,279,432,170,987,213,3322,352,2651,328,671,183
860Z200US95776,7977,437,6294,402,4707,379,1587,309,469,153,1118,283,1683,322,1351,318,332,128
860Z200US95811,4079,345,947,194,531,134,416,140,135,69,281,113,3132,342,2211,321,921,188
860Z200US95814,6777,601,1159,194,719,154,440,112,142,71,298,79,5618,608,4460,525,1158,202
860Z200US95815,9634,591,5492,516,2614,401,2878,588,1167,379,1711,410,4142,495,3349,484,793,224
860Z200US95816,10574,553,2863,365,2522,351,341,109,101,62,240,87,7711,509,5825,454,1886,331
860Z200US95817,6558,504,2642,328,1483,254,1159,287,330,123,829,265,3916,581,2680,526,1236,278
860Z200US95818,10404,525,5462,461,3991,403,1471,259,495,231,976,167,4942,401,3673,384,1269,204
860Z200US95819,8112,516,4714,477,3854,502,860,187,237,112,623,162,3398,395,2738,397,660,196
860Z200US95820,13625,690,7786,517,4608,394,3178,452,1090,275,2088,381,5839,591,3964,574,1875,413
860Z200US95821,15809,666,9084,512,6210,504,2874,444,786,213,2088,389,6725,613,5366,594,1359,286
860Z200US95822,16651,614,10580,542,6686,529,3894,388,1064,229,2830,345,6071,478,4772,422,1299,242
860Z200US95823,24311,804,18035,851,10308,694,7727,680,1989,360,5738,600,6276,522,4943,480,1333,279
860Z200US95824,9144,360,6698,425,3757,313,2941,375,1009,215,1932,338,2446,344,1865,321,581,181
860Z200US95825,16086,683,7331,621,4213,478,3118,427,950,286,2168,385,8755,596,6673,515,2082,365
860Z200US95826,16045,613,9223,463,5874,440,3349,375,1224,279,2125,342,6822,614,4250,507,2572,332
860Z200US95827,7407,397,4817,394,3299,355,1518,267,430,163,1088,238,2590,251,1873,232,717,183
860Z200US95828,17895,633,13476,554,8066,565,5410,498,1764,329,3646,440,4419,487,3535,443,884,191
860Z200US95829,9157,437,7444,461,5803,450,1641,301,583,181,1058,249,1713,266,1332,268,381,150
860Z200US95830,202,74,173,76,152,67,21,24,0,13,21,24,29,29,20,24,9,16
860Z200US95831,18969,830,11350,693,8083,578,3267,484,1065,273,2202,431,7619,686,5916,639,1703,330
860Z200US95832,3237,403,2707,334,1316,271,1391,336,512,160,879,312,530,258,366,138,164,234
860Z200US95833,15582,582,10275,533,6883,530,3392,417,1261,318,2131,314,5307,546,3815,495,1492,291
860Z200US95834,11682,578,7805,548,5818,493,1987,320,495,166,1492,300,3877,449,3003,385,874,224
860Z200US95835,14342,616,10437,587,7893,594,2544,399,830,281,1714,326,3905,507,2973,423,932,263
860Z200US95837,106,37,78,31,58,29,20,14,14,12,6,8,28,23,21,22,7,11
860Z200US95838,11671,578,8956,653,4906,439,4050,518,1074,260,2976,431,2715,356,2099,271,616,179
860Z200US95841,8225,546,5169,451,3480,399,1689,270,562,217,1127,225,3056,487,2395,418,661,207
860Z200US95842,11884,440,8173,491,4472,367,3701,446,1024,294,2677,337,3711,375,2807,294,904,197
860Z200US95843,15020,611,11917,709,8641,691,3276,502,832,196,2444,495,3103,420,2271,320,832,289
860Z200US95864,9891,612,7241,583,5426,540,1815,312,508,207,1307,249,2650,317,2158,289,492,157
860Z200US95901,12615,536,8499,543,5513,528,2986,399,940,252,2046,323,4116,539,3326,485,790,251
860Z200US95903,357,65,301,56,270,57,31,24,0,13,31,24,56,36,51,34,5,7
860Z200US95910,65,58,38,46,38,46,0,13,0,13,0,13,27,39,27,39,0,13
860Z200US95912,1406,187,933,126,759,118,174,94,30,36,144,82,473,191,440,190,33,36
860Z200US95913,96,47,50,35,39,31,11,16,0,13,11,16,46,36,46,36,0,13
860Z200US95914,254,78,147,55,114,50,33,27,12,20,21,17,107,62,82,59,25,21
860Z200US95915,0,13,0,13,0,13,0,13,0,13,0,13,0,13,0,13,0,13
860Z200US95916,486,116,276,78,195,63,81,47,11,12,70,44,210,74,159,69,51,37
860Z200US95917,1293,144,1037,139,731,135,306,106,115,85,191,80,256,86,187,66,69,53
860Z200US95918,820,222,439,139,439,139,0,13,0,13,0,13,381,203,234,124,147,162
860Z200US95919,529,216,356,207,226,139,130,158,130,158,0,13,173,102,159,103,14,21
860Z200US95920,102,46,39,19,31,15,8,13,0,13,8,13,63,43,55,41,8,15
860Z200US95922,265,76,151,58,136,55,15,20,0,13,15,20,114,42,91,39,23,18
860Z200US95923,39,28,19,10,19,10,0,13,0,13,0,13,20,26,20,26,0,13
860Z200US95925,105,71,53,54,53,54,0,13,0,13,0,13,52,65,41,63,11,17
860Z200US95926,17314,629,8690,577,5494,547,3196,526,1155,425,2041,321,8624,626,4804,498,3820,478
860Z200US95928,15690,686,8065,557,5518,522,2547,364,987,247,1560,280,7625,620,4759,427,2866,408
860Z200US95929,0,13,0,13,0,13,0,13,0,13,0,13,0,13,0,13,0,13
860Z200US95930,176,99,154,100,105,75,49,71,0,13,49,71,22,33,22,33,0,13
860Z200US95932,3002,198,1928,198,1324,189,604,144,246,111,358,99,1074,204,913,203,161,70
860Z200US95934,60,38,19,22,7,13,12,19,12,19,0,13,41,32,41,32,0,13
860Z200US95935,165,115,87,89,43,64,44,67,44,67,0,13,78,83,43,68,35,52
860Z200US95936,56,50,48,49,48,49,0,13,0,13,0,13,8,16,8,16,0,13
860Z200US95937,515,147,209,91,180,87,29,30,0,13,29,30,306,135,259,125,47,52
860Z200US95938,1408,200,1067,204,888,218,179,108,77,74,102,71,341,133,258,116,83,79
860Z200US95939,180,57,100,38,78,33,22,17,5,8,17,15,80,40,61,41,19,14
860Z200US95941,119,80,114,79,41,41,73,79,73,79,0,13,5,9,5,9,0,13
860Z200US95942,863,284,681,302,533,289,148,158,0,13,148,158,182,167,102,121,80,119
860Z200US95943,247,70,147,44,126,36,21,25,21,25,0,13,100,61,62,45,38,45
860Z200US95944,64,87,0,13,0,13,0,13,0,13,0,13,64,87,64,87,0,13
860Z200US95945,11680,517,6418,560,4529,543,1889,300,419,172,1470,265,5262,503,4533,500,729,186
860Z200US95946,3563,345,2615,336,2314,323,301,125,37,34,264,117,948,208,776,211,172,88
860Z200US95947,689,118,364,116,266,99,98,67,58,47,40,46,325,114,284,116,41,52
860Z200US95948,3821,305,2911,228,2189,250,722,207,257,121,465,160,910,210,849,195,61,48
860Z200US95949,7914,392,5379,378,4546,365,833,210,299,141,534,172,2535,310,1922,306,613,189
860Z200US95950,205,97,114,78,73,67,41,46,0,13,41,46,91,69,91,69,0,13
860Z200US95951,814,183,568,139,404,107,164,96,56,44,108,87,246,124,104,51,142,113
860Z200US95953,3244,225,2609,207,1745,232,864,204,272,128,592,170,635,154,554,149,81,55
860Z200US95954,4377,310,2876,340,1948,295,928,245,293,116,635,220,1501,309,1026,264,475,192
860Z200US95955,507,112,368,82,298,67,70,53,16,18,54,54,139,88,122,87,17,18
860Z200US95956,196,79,94,50,94,50,0,13,0,13,0,13,102,70,102,70,0,13
860Z200US95957,285,48,193,45,155,41,38,20,32,20,6,8,92,37,74,33,18,17
860Z200US95958,0,13,0,13,0,13,0,13,0,13,0,13,0,13,0,13,0,13
860Z200US95959,7577,414,4602,326,3828,323,774,198,212,105,562,185,2975,387,2248,368,727,228
860Z200US95960,276,97,128,70,78,58,50,35,13,14,37,32,148,71,123,66,25,35
860Z200US95961,9437,474,7020,392,4949,349,2071,318,801,192,1270,261,2417,454,1826,376,591,197
860Z200US95962,454,146,309,136,275,137,34,57,34,57,0,13,145,97,101,94,44,70
860Z200US95963,5710,298,4452,293,3436,321,1016,249,313,147,703,223,1258,291,1109,280,149,91
860Z200US95965,7704,485,4675,385,2888,291,1787,303,386,156,1401,273,3029,423,2381,379,648,204
860Z200US95966,11923,532,7505,510,5517,515,1988,362,571,161,1417,336,4418,441,3552,439,866,216
860Z200US95968,507,115,380,92,228,61,152,81,120,70,32,36,127,95,111,92,16,22
860Z200US95969,4113,291,2360,215,1852,259,508,122,166,79,342,125,1753,281,1572,267,181,80
860Z200US95970,192,65,146,59,133,55,13,13,0,13,13,13,46,31,38,29,8,9
860Z200US95971,2145,203,1385,212,966,201,419,130,106,67,313,124,760,204,581,184,179,92
860Z200US95972,54,83,54,83,0,13,54,83,0,13,54,83,0,13,0,13,0,13
860Z200US95973,15175,587,10159,630,7458,619,2701,432,741,231,1960,371,5016,483,3444,433,1572,335
860Z200US95974,51,44,0,13,0,13,0,13,0,13,0,13,51,44,24,39,27,42
860Z200US95975,730,177,410,155,245,132,165,118,78,86,87,106,320,132,273,135,47,57
860Z200US95977,688,174,434,148,392,149,42,36,16,23,26,28,254,99,206,93,48,51
860Z200US95978,36,20,27,24,11,19,16,13,6,10,10,15,9,14,0,13,9,14
860Z200US95979,163,46,81,24,57,21,24,14,17,15,7,8,82,44,76,45,6,6
860Z200US95981,18,30,18,30,18,30,0,13,0,13,0,13,0,13,0,13,0,13
860Z200US95982,1115,158,838,146,680,148,158,72,67,49,91,63,277,107,223,101,54,45
860Z200US95983,174,77,127,65,77,36,50,57,11,18,39,56,47,43,47,43,0,13
860Z200US95984,94,66,30,49,30,49,0,13,0,13,0,13,64,43,64,43,0,13
860Z200US95986,35,38,27,37,5,8,22,36,0,13,22,36,8,10,8,10,0,13
860Z200US95987,1871,177,1424,139,1194,143,230,95,55,61,175,76,447,170,403,159,44,45
860Z200US95988,2805,237,1835,205,1470,219,365,110,159,77,206,85,970,221,811,199,159,92
860Z200US95991,14445,415,9939,459,6350,421,3589,429,1295,295,2294,316,4506,373,3417,333,1089,269
860Z200US95993,12585,529,9164,555,7253,489,1911,301,801,243,1110,237,3421,389,2763,400,658,201
860Z200US96001,13369,504,8431,543,5823,397,2608,462,826,269,1782,353,4938,453,3628,384,1310,235
860Z200US96002,12688,509,8760,487,6330,437,2430,334,827,239,1603,293,3928,362,2983,349,945,220
860Z200US96003,18350,577,10901,507,7989,470,2912,309,902,211,2010,274,7449,598,5649,483,1800,346
860Z200US96006,216,68,118,55,86,48,32,31,17,20,15,22,98,48,78,42,20,32
860Z200US96007,9531,501,6307,478,4606,457,1701,355,508,191,1193,268,3224,394,2689,369,535,179
860Z200US96008,441,133,281,105,225,96,56,45,3,5,53,44,160,104,95,88,65,71
860Z200US96009,143,48,83,43,75,39,8,10,0,13,8,10,60,40,60,40,0,13
860Z200US96010,14,16,14,16,5,8,9,13,0,13,9,13,0,13,0,13,0,13
860Z200US96011,87,31,48,21,28,18,20,13,9,9,11,9,39,21,28,21,11,13
860Z200US96013,1600,214,1133,189,781,162,352,166,73,62,279,158,467,122,450,118,17,27
860Z200US96014,66,44,40,37,15,21,25,39,0,13,25,39,26,28,26,28,0,13
860Z200US96015,80,59,51,44,51,44,0,13,0,13,0,13,29,41,29,41,0,13
860Z200US96016,133,82,133,82,96,65,37,44,37,44,0,13,0,13,0,13,0,13
860Z200US96017,84,30,48,23,35,20,13,13,9,11,4,7,36,20,31,19,5,7
860Z200US96019,4050,223,2766,177,1850,192,916,177,298,153,618,156,1284,273,1064,242,220,90
860Z200US96020,1155,168,803,151,664,147,139,73,37,29,102,71,352,132,286,122,66,47
860Z200US96021,5379,338,3864,317,2682,297,1182,272,295,134,887,263,1515,303,1193,275,322,151
860Z200US96022,5720,410,4000,430,2991,410,1009,293,370,146,639,248,1720,307,1395,295,325,142
860Z200US96023,502,97,320,78,211,60,109,50,35,28,74,39,182,60,145,46,37,39
860Z200US96024,319,99,142,74,136,75,6,11,6,11,0,13,177,74,139,73,38,33
860Z200US96025,959,107,484,74,344,71,140,43,45,26,95,38,475,77,390,74,85,33
860Z200US96027,844,143,587,133,439,111,148,88,23,23,125,84,257,87,175,69,82,60
860Z200US96028,607,144,452,147,364,127,88,79,8,15,80,77,155,91,130,84,25,29
860Z200US96029,59,24,50,22,43,22,7,7,5,7,2,3,9,8,6,7,3,4
860Z200US96031,29,16,15,11,13,10,2,3,0,13,2,3,14,11,13,11,1,3
860Z200US96032,1031,142,644,109,473,91,171,74,58,38,113,65,387,119,247,99,140,74
860Z200US96033,174,37,120,32,83,26,37,17,11,11,26,15,54,20,52,20,2,3
860Z200US96034,159,44,89,35,63,27,26,20,21,19,5,7,70,25,56,22,14,14
860Z200US96035,1483,254,897,211,650,190,247,133,108,107,139,85,586,195,543,193,43,43
860Z200US96037,43,35,25,39,25,39,0,13,0,13,0,13,18,30,18,30,0,13
860Z200US96038,259,72,175,66,140,59,35,25,4,6,31,25,84,43,66,43,18,18
860Z200US96039,414,72,208,57,130,51,78,31,22,21,56,24,206,49,145,43,61,29
860Z200US96040,38,27,32,27,32,27,0,13,0,13,0,13,6,10,6,10,0,13
860Z200US96041,1095,224,463,150,320,120,143,98,75,85,68,63,632,208,450,150,182,121
860Z200US96044,453,78,282,60,203,41,79,47,31,27,48,35,171,50,140,49,31,15
860Z200US96046,54,46,21,38,21,38,0,13,0,13,0,13,33,50,0,13,33,50
860Z200US96047,354,82,282,73,245,72,37,27,4,7,33,26,72,38,69,37,3,5
860Z200US96048,401,99,254,87,235,84,19,16,4,8,15,13,147,58,118,52,29,34
860Z200US96050,245,54,102,36,96,35,6,5,4,5,2,3,143,47,113,40,30,20
860Z200US96051,575,111,384,101,279,99,105,43,35,28,70,37,191,66,152,63,39,31
860Z200US96052,611,136,445,130,295,104,150,81,42,23,108,76,166,68,128,57,38,29
860Z200US96054,121,39,80,34,69,32,11,18,11,18,0,13,41,26,41,26,0,13
860Z200US96055,1588,167,1036,166,778,143,258,107,150,78,108,71,552,113,456,99,96,57
860Z200US96056,542,155,355,143,309,138,46,43,26,35,20,20,187,74,173,73,14,13
860Z200US96057,495,68,258,58,221,52,37,25,14,18,23,23,237,51,209,48,28,19
860Z200US96058,200,61,126,53,121,53,5,7,5,7,0,13,74,46,74,46,0,13
860Z200US96059,182,113,136,111,124,110,12,19,0,13,12,19,46,54,46,54,0,13
860Z200US96061,0,13,0,13,0,13,0,13,0,13,0,13,0,13,0,13,0,13
860Z200US96062,410,94,285,88,241,85,44,23,14,10,30,21,125,51,114,51,11,11
860Z200US96063,76,62,28,32,28,32,0,13,0,13,0,13,48,50,38,48,10,16
860Z200US96064,1799,121,1166,104,956,105,210,56,46,28,164,53,633,101,491,90,142,63
860Z200US96065,151,50,84,38,61,35,23,19,20,18,3,4,67,35,63,34,4,6
860Z200US96067,3655,274,2176,267,1828,269,348,142,88,73,260,127,1479,261,1236,254,243,113
860Z200US96068,19,16,14,14,1,2,13,14,5,6,8,12,5,8,5,8,0,13
860Z200US96069,459,127,318,115,265,114,53,27,29,18,24,19,141,62,122,59,19,17
860Z200US96071,10,15,0,13,0,13,0,13,0,13,0,13,10,15,0,13,10,15
860Z200US96073,1903,187,1590,185,1445,192,145,75,59,39,86,61,313,98,281,95,32,22
860Z200US96074,33,19,13,11,13,11,0,13,0,13,0,13,20,15,19,14,1,4
860Z200US96075,176,81,52,57,52,57,0,13,0,13,0,13,124,64,116,63,8,12
860Z200US96076,84,47,34,32,34,32,0,13,0,13,0,13,50,36,23,24,27,27
860Z200US96078,0,13,0,13,0,13,0,13,0,13,0,13,0,13,0,13,0,13
860Z200US96080,12031,470,8134,516,5257,539,2877,466,931,289,1946,416,3897,542,3139,475,758,267
860Z200US96084,258,55,188,47,146,38,42,29,19,26,23,15,70,34,51,33,19,18
860Z200US96085,7,7,6,6,6,6,0,13,0,13,0,13,1,3,1,3,0,13
860Z200US96086,114,29,58,21,44,19,14,7,7,8,7,7,56,22,46,20,10,10
860Z200US96087,313,101,234,84,165,73,69,51,69,51,0,13,79,55,45,43,34,37
860Z200US96088,2221,300,1383,249,1232,242,151,82,102,72,49,32,838,227,669,205,169,90
860Z200US96090,209,58,115,39,94,36,21,15,9,11,12,10,94,39,75,31,19,16
860Z200US96091,338,79,156,56,137,56,19,17,5,6,14,17,182,66,164,66,18,14
860Z200US96092,91,48,60,29,34,27,26,22,0,13,26,22,31,40,31,40,0,13
860Z200US96093,1695,216,801,222,557,212,244,119,99,73,145,102,894,179,798,180,96,79
860Z200US96094,2855,186,1589,160,1072,158,517,112,177,77,340,95,1266,177,977,150,289,99
860Z200US96096,333,53,237,53,221,50,16,13,14,13,2,4,96,37,88,35,8,8
860Z200US96097,4165,254,2405,208,1690,221,715,142,170,92,545,130,1760,262,1502,252,258,123
860Z200US96101,2041,232,1353,231,1110,225,243,90,83,48,160,80,688,156,592,143,96,59
860Z200US96103,681,102,404,89,322,82,82,44,14,12,68,43,277,86,198,65,79,70
860Z200US96104,398,102,260,84,172,58,88,62,9,14,79,60,138,58,131,57,7,7
860Z200US96105,174,103,81,93,0,13,81,93,52,78,29,45,93,84,93,84,0,13
860Z200US96106,203,96,138,64,93,38,45,48,0,13,45,48,65,68,60,65,5,8
860Z200US96107,341,134,275,138,275,138,0,13,0,13,0,13,66,47,66,47,0,13
860Z200US96108,54,45,34,31,34,31,0,13,0,13,0,13,20,24,20,24,0,13
860Z200US96109,414,126,278,112,147,71,131,91,32,38,99,86,136,72,86,55,50,42
860Z200US96110,13,12,10,10,8,9,2,4,0,13,2,4,3,6,3,6,0,13
860Z200US96111,14,13,8,13,8,13,0,13,0,13,0,13,6,9,6,9,0,13
860Z200US96112,93,36,44,26,19,10,25,24,0,13,25,24,49,24,29,17,20,19
860Z200US96113,411,102,279,88,185,76,94,56,20,26,74,49,132,65,89,57,43,44
860Z200US96114,1311,212,1067,229,907,226,160,78,40,42,120,65,244,90,197,80,47,47
860Z200US96115,67,36,36,27,36,27,0,13,0,13,0,13,31,26,31,26,0,13
860Z200US96116,31,36,0,13,0,13,0,13,0,13,0,13,31,36,31,36,0,13
860Z200US96117,99,53,81,49,81,49,0,13,0,13,0,13,18,19,18,19,0,13
860Z200US96118,569,127,414,136,325,117,89,70,81,69,8,12,155,78,146,76,9,14
860Z200US96119,12,18,12,18,0,13,12,18,0,13,12,18,0,13,0,13,0,13
860Z200US96120,326,71,225,62,189,64,36,23,9,11,27,15,101,39,86,37,15,10
860Z200US96121,112,89,112,89,87,80,25,34,0,13,25,34,0,13,0,13,0,13
860Z200US96122,1728,219,1096,197,854,218,242,116,77,65,165,90,632,169,515,139,117,87
860Z200US96123,25,14,19,13,16,12,3,5,1,3,2,3,6,4,5,3,1,3
860Z200US96124,111,60,71,33,49,32,22,28,16,27,6,8,40,49,40,49,0,13
860Z200US96125,76,44,66,42,66,42,0,13,0,13,0,13,10,14,10,14,0,13
860Z200US96126,66,41,31,24,19,24,12,13,0,13,12,13,35,40,35,40,0,13
860Z200US96128,250,70,182,75,182,75,0,13,0,13,0,13,68,51,52,45,16,26
860Z200US96129,158,108,145,105,100,95,45,71,45,71,0,13,13,21,0,13,13,21
860Z200US96130,4967,343,3358,342,2548,293,810,184,236,77,574,155,1609,240,1345,209,264,100
860Z200US96132,10,8,1,3,1,3,0,13,0,13,0,13,9,7,4,3,5,6
860Z200US96133,129,86,117,90,52,59,65,48,65,48,0,13,12,19,12,19,0,13
860Z200US96134,676,99,486,109,387,90,99,67,36,26,63,62,190,63,152,59,38,31
860Z200US96135,60,95,60,95,60,95,0,13,0,13,0,13,0,13,0,13,0,13
860Z200US96136,17,20,17,20,11,19,6,9,0,13,6,9,0,13,0,13,0,13
860Z200US96137,1471,200,934,149,709,125,225,107,33,42,192,105,537,141,489,132,48,40
860Z200US96140,592,147,326,130,275,120,51,40,20,23,31,33,266,86,145,56,121,70
860Z200US96141,257,51,171,46,150,46,21,18,0,13,21,18,86,40,67,36,19,17
860Z200US96142,374,81,188,58,122,51,66,39,55,36,11,14,186,60,117,54,69,31
860Z200US96143,1467,224,874,216,581,186,293,159,174,113,119,104,593,194,431,168,162,110
860Z200US96145,1157,176,649,138,611,135,38,34,8,1,30,34,508,135,386,118,122,71
860Z200US96146,498,106,265,71,248,69,17,17,17,17,0,13,233,73,122,59,111,43
860Z200US96148,293,86,185,82,152,78,33,30,11,17,22,25,108,54,80,46,28,32
860Z200US96150,12461,535,7068,435,5392,457,1676,256,488,162,1188,224,5393,474,3882,410,1511,250
860Z200US96155,0,13,0,13,0,13,0,13,0,13,0,13,0,13,0,13,0,13
860Z200US96161,7193,370,4991,307,4369,355,622,211,203,130,419,163,2202,335,1505,299,697,195
