GEO_ID,B11001_E001,B11001_M001,B11001_E002,B11001_M002,B11001_E003,B11001_M003,B11001_E004,B11001_M004,B11001_E005,B11001_M005,B11001_E006,B11001_M006,B11001_E007,B11001_M007,B11001_E008,B11001_M008,B11001_E009,B11001_M009
860Z200US90001,13671,593,11517,652,6226,509,5291,580,1901,321,3390,439,2154,304,1406,250,748,195
860Z200US90002,13039,517,10494,526,4624,436,5870,509,1597,289,4273,497,2545,380,2230,340,315,127
860Z200US90003,17782,556,13723,613,6239,472,7484,582,2475,367,5009,504,4059,465,3136,378,923,236
860Z200US90004,24208,763,12159,761,7463,590,4696,465,1728,327,2968,363,12049,810,8711,659,3338,517
860Z200US90005,18289,748,7901,493,4867,426,3034,494,1120,295,1914,395,10388,743,8208,684,2180,381
860Z200US90006,19709,664,11978,678,6252,609,5726,463,1961,272,3765,374,7731,549,5714,480,2017,336
860Z200US90007,12633,564,5450,456,2571,321,2879,366,899,246,1980,327,7183,488,3841,427,3342,343
860Z200US90008,14526,754,7086,574,3981,458,3105,425,635,241,2470,389,7440,718,6562,654,878,270
860Z200US90010,2696,342,934,230,726,208,208,98,68,61,140,79,1762,287,1243,225,519,179
860Z200US90011,24106,797,19868,686,9430,639,10438,657,3844,475,6594,535,4238,526,2944,484,1294,260
860Z200US90012,15624,769,5413,491,3621,399,1792,365,687,236,1105,282,10211,683,7615,602,2596,395
860Z200US90013,8458,701,1386,273,1039,252,347,157,218,148,129,55,7072,647,5967,621,1105,324
860Z200US90014,7004,548,1119,356,881,297,238,168,81,86,157,141,5885,536,5015,495,870,279
860Z200US90015,13366,790,4275,609,2696,482,1579,385,785,319,794,248,9091,839,7079,843,2012,519
860Z200US90016,18091,736,10381,660,5596,504,4785,584,1298,251,3487,532,7710,608,5774,561,1936,319
860Z200US90017,14606,736,5560,532,2722,420,2838,353,931,201,1907,302,9046,725,7367,703,1679,414
860Z200US90018,16899,640,10575,625,5855,587,4720,512,1517,278,3203,428,6324,493,5246,449,1078,204
860Z200US90019,24006,955,13134,716,7902,573,5232,533,1842,326,3390,467,10872,746,7692,640,3180,473
860Z200US90020,17942,848,8635,625,5388,625,3247,403,1161,232,2086,362,9307,765,7283,719,2024,430
860Z200US90021,1498,252,369,143,222,128,147,68,62,44,85,54,1129,211,979,198,150,90
860Z200US90022,16968,592,13470,566,6793,452,6677,652,2675,410,4002,431,3498,353,2577,362,921,225
860Z200US90023,11774,437,9770,459,5337,425,4433,415,1513,275,2920,366,2004,265,1460,240,544,169
860Z200US90024,16771,845,5580,549,4651,525,929,216,339,146,590,186,11191,807,7319,641,3872,500
860Z200US90025,23529,839,9125,763,6515,525,2610,534,1126,381,1484,335,14404,718,9981,717,4423,552
860Z200US90026,27129,704,12262,578,6964,508,5298,409,1729,292,3569,372,14867,748,9894,663,4973,462
860Z200US90027,22178,560,8572,678,5940,593,2632,386,862,246,1770,328,13606,577,9888,568,3718,332
860Z200US90028,18807,809,4734,559,2980,437,1754,403,589,196,1165,346,14073,913,11430,907,2643,478
860Z200US90029,13298,476,6182,434,3771,420,2411,249,718,180,1693,228,7116,461,5468,471,1648,252
860Z200US90031,12313,529,8127,452,4703,471,3424,366,1128,261,2296,297,4186,566,3012,535,1174,226
860Z200US90032,13603,422,9690,406,5847,475,3843,322,1247,248,2596,277,3913,355,2818,287,1095,230
860Z200US90033,13212,476,9100,480,4128,379,4972,354,1577,250,3395,326,4112,371,3026,321,1086,206
860Z200US90034,26653,949,10796,672,7756,649,3040,437,641,173,2399,402,15857,879,11254,797,4603,530
860Z200US90035,12813,699,6015,495,4742,451,1273,267,408,168,865,225,6798,644,4680,588,2118,526
860Z200US90036,20565,671,6943,503,5492,387,1451,322,404,177,1047,289,13622,649,9907,714,3715,440
860Z200US90037,17615,647,12784,666,5811,445,6973,510,2450,346,4523,436,4831,604,3448,471,1383,331
860Z200US90038,13496,558,4742,474,2494,422,2248,330,1064,290,1184,233,8754,599,6370,572,2384,376
860Z200US90039,12476,657,5880,394,4229,379,1651,287,645,181,1006,210,6596,658,4587,602,2009,337
860Z200US90040,3267,186,2537,169,1486,226,1051,197,475,143,576,165,730,150,581,137,149,89
860Z200US90041,9902,544,6289,436,4795,392,1494,283,532,185,962,219,3613,450,2480,392,1133,306
860Z200US90042,21489,604,12990,630,9099,524,3891,403,1297,293,2594,364,8499,569,5775,491,2724,401
860Z200US90043,16805,787,10392,703,5821,540,4571,533,1258,250,3313,475,6413,606,5636,558,777,259
860Z200US90044,26631,901,19498,885,8220,630,11278,949,2843,483,8435,765,7133,496,5746,468,1387,247
860Z200US90045,16420,657,8821,619,6871,576,1950,331,634,200,1316,311,7599,610,5179,543,2420,438
860Z200US90046,28727,921,7980,779,6124,674,1856,386,484,187,1372,309,20747,923,15686,1026,5061,621
860Z200US90047,17329,887,11758,698,5278,511,6480,689,1410,403,5070,624,5571,625,4770,621,801,235
860Z200US90048,12327,740,3939,424,2958,414,981,246,463,187,518,165,8388,707,6682,622,1706,393
860Z200US90049,16649,582,8789,537,7393,494,1396,273,539,187,857,178,7860,553,5814,509,2046,357
860Z200US90052,0,14,0,14,0,14,0,14,0,14,0,14,0,14,0,14,0,14
860Z200US90056,3444,364,2386,403,1222,275,1164,360,383,255,781,263,1058,249,875,248,183,106
860Z200US90057,16987,628,9157,633,4442,475,4715,526,2076,363,2639,447,7830,617,6182,544,1648,365
860Z200US90058,1204,250,765,209,360,179,405,142,37,38,368,143,439,162,333,140,106,106
860Z200US90059,10314,602,7841,620,3724,488,4117,457,722,202,3395,393,2473,331,2147,310,326,144
860Z200US90061,8021,583,5821,456,2360,326,3461,382,1326,269,2135,327,2200,461,1983,465,217,93
860Z200US90062,9836,415,7418,402,3544,416,3874,445,1112,302,2762,350,2418,259,1863,234,555,152
860Z200US90063,12915,444,9948,440,5471,378,4477,385,1520,326,2957,304,2967,339,2055,276,912,215
860Z200US90064,11899,566,6243,399,5236,357,1007,269,312,159,695,217,5656,509,4043,517,1613,314
860Z200US90065,16745,672,10699,593,7426,570,3273,314,1151,227,2122,249,6046,460,4296,455,1750,261
860Z200US90066,25279,818,12777,681,9732,548,3045,514,1329,287,1716,428,12502,739,9098,682,3404,492
860Z200US90067,2266,275,1005,267,832,244,173,136,136,129,37,45,1261,297,1152,308,109,80
860Z200US90068,12326,669,4194,414,3182,382,1012,261,257,102,755,248,8132,628,6462,583,1670,281
860Z200US90069,13596,748,3182,444,2503,379,679,290,117,68,562,265,10414,746,8055,731,2359,441
860Z200US90071,0,14,0,14,0,14,0,14,0,14,0,14,0,14,0,14,0,14
860Z200US90073,4,6,4,6,4,6,0,14,0,14,0,14,0,14,0,14,0,14
860Z200US90077,3346,284,2338,238,1985,220,353,153,127,80,226,132,1008,206,887,202,121,87
860Z200US90079,0,14,0,14,0,14,0,14,0,14,0,14,0,14,0,14,0,14
860Z200US90089,0,19,0,19,0,19,0,19,0,19,0,19,0,19,0,19,0,19
860Z200US90094,6144,568,2613,467,2067,376,546,243,140,90,406,234,3531,537,2714,515,817,306
860Z200US90095,0,14,0,14,0,14,0,14,0,14,0,14,0,14,0,14,0,14
860Z200US90201,24657,558,20408,377,9919,589,10489,553,3537,350,6952,458,4249,497,3301,470,948,254
860Z200US90210,8029,485,4995,383,4167,359,828,241,350,150,478,182,3034,454,2506,423,528,173
860Z200US90211,3825,353,2124,280,1719,278,405,124,121,70,284,115,1701,316,1365,268,336,165
860Z200US90212,5540,471,2544,334,1997,287,547,236,77,91,470,219,2996,388,2542,391,454,238
860Z200US90220,13455,528,10536,480,5648,434,4888,541,1750,361,3138,479,2919,480,2553,425,366,219
860Z200US90221,12398,420,9747,489,5521,502,4226,451,1226,274,3000,383,2651,361,2198,351,453,164
860Z200US90222,8471,454,6841,475,3757,414,3084,417,871,242,2213,321,1630,297,1340,259,290,123
860Z200US90230,13177,587,7467,522,5686,476,1781,314,315,132,1466,289,5710,641,4726,564,984,244
860Z200US90232,7223,540,3864,354,3034,366,830,242,391,190,439,163,3359,584,2635,520,724,223
860Z200US90240,7775,394,6291,450,4038,363,2253,416,919,238,1334,353,1484,327,1293,341,191,111
860Z200US90241,14682,540,11142,594,6662,541,4480,544,1687,403,2793,404,3540,466,2586,383,954,261
860Z200US90242,12419,664,9687,573,5879,530,3808,505,1334,324,2474,374,2732,462,2221,430,511,150
860Z200US90245,7437,341,3926,242,3088,255,838,185,283,126,555,143,3511,463,2575,448,936,257
860Z200US90247,16214,643,11502,518,6549,471,4953,544,1888,384,3065,421,4712,494,3940,481,772,137
860Z200US90248,4080,421,2967,375,1947,308,1020,303,183,97,837,306,1113,227,788,197,325,110
860Z200US90249,8891,473,6189,415,3929,371,2260,336,619,183,1641,338,2702,384,2017,314,685,261
860Z200US90250,32594,862,21365,600,12255,608,9110,652,2663,488,6447,617,11229,839,8877,714,2352,354
860Z200US90254,8934,476,4481,283,3725,310,756,206,297,131,459,182,4453,595,3330,551,1123,238
860Z200US90255,18670,484,15301,390,8285,521,7016,448,1953,310,5063,379,3369,400,2623,370,746,159
860Z200US90260,10206,483,7379,512,4454,391,2925,400,1157,311,1768,240,2827,404,1938,330,889,246
860Z200US90262,15133,477,12919,390,7086,493,5833,468,2057,357,3776,455,2214,411,1840,396,374,141
860Z200US90263,0,14,0,14,0,14,0,14,0,14,0,14,0,14,0,14,0,14
860Z200US90265,6262,427,4215,345,3627,331,588,131,187,84,401,115,2047,339,1590,306,457,147
860Z200US90266,13369,474,9185,369,8003,404,1182,234,490,168,692,193,4184,570,3210,494,974,283
860Z200US90270,6560,279,5488,229,2814,270,2674,262,1029,236,1645,284,1072,231,789,223,283,117
860Z200US90272,8357,411,5801,383,5023,394,778,195,317,121,461,134,2556,293,2060,262,496,183
860Z200US90274,9194,355,7175,306,6093,412,1082,287,413,226,669,230,2019,314,1775,287,244,89
860Z200US90275,15219,379,12174,357,10272,417,1902,400,411,173,1491,357,3045,376,2742,341,303,140
860Z200US90277,16152,613,8247,544,6787,537,1460,414,441,184,1019,361,7905,670,6426,649,1479,356
860Z200US90278,15726,568,10831,543,8700,458,2131,417,479,187,1652,413,4895,603,3329,447,1566,382
860Z200US90280,25164,665,20327,466,12140,586,8187,520,2983,347,5204,490,4837,462,3507,410,1330,271
860Z200US90290,2359,206,1530,217,1375,213,155,85,47,31,108,77,829,187,634,177,195,75
860Z200US90291,14337,750,4945,409,3840,365,1105,257,478,163,627,192,9392,710,7489,682,1903,286
860Z200US90292,13461,971,4801,773,3773,698,1028,334,294,167,734,316,8660,852,5722,696,2938,622
860Z200US90293,6657,466,2791,350,2373,323,418,126,177,82,241,102,3866,408,2763,357,1103,200
860Z200US90301,12722,664,8191,570,4671,602,3520,515,1163,325,2357,424,4531,588,3791,564,740,206
860Z200US90302,11077,541,7001,534,3175,370,3826,573,873,269,2953,544,4076,490,3216,449,860,244
860Z200US90303,7203,367,5289,351,2963,284,2326,296,748,214,1578,271,1914,282,1503,252,411,143
860Z200US90304,7210,442,5740,427,3503,407,2237,398,794,244,1443,264,1470,361,1091,366,379,156
860Z200US90305,6133,435,3827,349,1949,259,1878,354,310,119,1568,343,2306,301,1952,289,354,150
860Z200US90401,5256,430,1225,314,1035,282,190,118,115,98,75,66,4031,477,3261,450,770,303
860Z200US90402,5016,339,3191,313,2650,312,541,167,202,105,339,130,1825,264,1548,270,277,126
860Z200US90403,13165,645,5119,468,3875,471,1244,334,281,111,963,302,8046,720,7035,651,1011,253
860Z200US90404,10714,649,4780,447,3067,399,1713,291,594,239,1119,258,5934,623,4547,639,1387,224
860Z200US90405,14312,712,5638,494,4084,391,1554,407,287,135,1267,400,8674,728,6828,724,1846,302
860Z200US90501,14870,562,9730,537,6641,510,3089,347,828,201,2261,299,5140,559,3867,444,1273,286
860Z200US90502,6708,524,4763,518,3365,480,1398,297,325,174,1073,291,1945,326,1531,287,414,170
860Z200US90503,16964,702,11088,536,8424,472,2664,440,797,220,1867,401,5876,591,4857,550,1019,254
860Z200US90504,11723,543,8491,475,6527,493,1964,319,649,260,1315,256,3232,491,2348,370,884,336
860Z200US90505,13776,622,9190,578,7673,553,1517,304,417,161,1100,256,4586,532,3914,491,672,179
860Z200US90506,0,14,0,14,0,14,0,14,0,14,0,14,0,14,0,14,0,14
860Z200US90601,10867,565,7636,518,5199,419,2437,410,661,221,1776,341,3231,349,2593,354,638,174
860Z200US90602,8163,477,5754,394,3748,408,2006,328,532,185,1474,276,2409,396,2110,374,299,116
860Z200US90603,6504,418,5286,375,3799,385,1487,304,445,162,1042,279,1218,262,1019,246,199,96
860Z200US90604,11725,422,9358,509,6604,505,2754,328,1231,266,1523,255,2367,289,1815,265,552,194
860Z200US90605,10883,516,8922,509,6342,469,2580,374,1002,249,1578,343,1961,324,1440,327,521,163
860Z200US90606,8801,389,7285,378,4696,380,2589,365,922,263,1667,283,1516,275,1310,252,206,102
860Z200US90620,13226,499,10918,461,8066,497,2852,366,1019,253,1833,305,2308,335,1757,281,551,171
860Z200US90621,10977,574,8724,607,5482,584,3242,458,1366,321,1876,347,2253,407,1465,312,788,237
860Z200US90623,5176,256,3978,169,3119,263,859,205,240,118,619,184,1198,243,1014,242,184,89
860Z200US90630,16224,516,12611,376,9948,399,2663,381,638,166,2025,346,3613,523,2740,445,873,293
860Z200US90631,22730,577,17210,472,12242,645,4968,507,1709,388,3259,403,5520,649,4405,601,1115,265
860Z200US90638,15421,571,12123,348,9190,482,2933,399,963,236,1970,329,3298,568,2967,558,331,103
860Z200US90639,0,14,0,14,0,14,0,14,0,14,0,14,0,14,0,14,0,14
860Z200US90640,19822,478,14563,373,8324,490,6239,502,1925,396,4314,445,5259,483,3789,435,1470,332
860Z200US90650,27216,703,21799,629,14479,565,7320,603,2577,471,4743,462,5417,559,4109,500,1308,302
860Z200US90660,16866,562,13654,397,8866,561,4788,486,1674,298,3114,345,3212,520,2495,458,717,214
860Z200US90670,5448,345,4017,272,2699,317,1318,266,338,154,980,212,1431,294,1098,284,333,146
860Z200US90680,10476,585,7309,404,5124,454,2185,288,1040,251,1145,256,3167,546,2500,488,667,201
860Z200US90701,4513,269,3579,239,2559,271,1020,217,430,144,590,172,934,241,678,214,256,139
860Z200US90703,16165,495,13283,358,10496,529,2787,340,861,264,1926,297,2882,466,2556,471,326,112
860Z200US90704,1374,238,967,132,740,177,227,128,37,56,190,119,407,278,367,267,40,63
860Z200US90706,23802,595,17485,492,10587,463,6898,495,2176,284,4722,422,6317,674,4562,518,1755,412
860Z200US90710,9468,511,6720,510,4580,395,2140,402,488,155,1652,383,2748,330,2286,300,462,136
860Z200US90712,10070,367,7727,376,6084,447,1643,287,425,120,1218,238,2343,284,1777,269,566,207
860Z200US90713,9304,374,7516,387,5941,409,1575,319,542,228,1033,230,1788,260,1271,228,517,133
860Z200US90715,6424,356,4846,310,2929,310,1917,336,580,194,1337,289,1578,291,1286,266,292,115
860Z200US90716,3883,251,2974,244,1649,260,1325,282,359,166,966,235,909,243,731,203,178,111
860Z200US90717,7665,390,5143,297,3630,349,1513,242,520,154,993,238,2522,352,1970,374,552,148
860Z200US90720,8478,358,6438,340,4893,336,1545,234,417,142,1128,243,2040,268,1650,264,390,119
860Z200US90723,14618,457,11460,335,6358,430,5102,456,1611,328,3491,380,3158,430,2497,383,661,174
860Z200US90731,23185,764,14262,680,8616,505,5646,575,1875,367,3771,452,8923,733,6935,705,1988,389
860Z200US90732,9400,492,6046,516,4758,485,1288,231,534,159,754,215,3354,397,2904,379,450,140
860Z200US90740,12642,422,6015,300,4924,321,1091,220,540,197,551,130,6627,577,5896,566,731,228
860Z200US90742,251,90,88,53,79,51,9,15,0,14,9,15,163,71,138,63,25,28
860Z200US90743,195,82,105,61,90,57,15,17,15,17,0,14,90,56,50,40,40,40
860Z200US90744,14845,435,11660,514,6838,540,4822,417,1751,270,3071,381,3185,400,2561,318,624,163
860Z200US90745,16136,520,12718,558,8957,613,3761,446,1490,292,2271,349,3418,447,2841,411,577,181
860Z200US90746,8606,531,6631,508,3462,401,3169,519,840,295,2329,462,1975,320,1709,288,266,157
860Z200US90747,0,14,0,14,0,14,0,14,0,14,0,14,0,14,0,14,0,14
860Z200US90755,4563,422,2853,253,2015,210,838,205,417,161,421,167,1710,383,1295,345,415,157
860Z200US90802,22421,913,6789,584,3729,533,3060,401,1332,305,1728,303,15632,898,11831,860,3801,562
860Z200US90803,16894,837,7162,579,5646,490,1516,404,537,315,979,253,9732,689,7457,651,2275,342
860Z200US90804,15290,539,8411,577,4347,448,4064,510,1424,401,2640,478,6879,534,4779,470,2100,317
860Z200US90805,28213,695,20175,684,10837,561,9338,680,2193,379,7145,657,8038,653,5839,561,2199,414
860Z200US90806,12586,539,9308,539,5368,493,3940,433,1116,253,2824,411,3278,316,2579,288,699,174
860Z200US90807,12636,517,7780,538,5371,509,2409,448,622,203,1787,388,4856,565,3726,498,1130,269
860Z200US90808,14198,566,10638,514,8557,495,2081,296,524,194,1557,268,3560,352,2863,359,697,150
860Z200US90810,9956,544,7948,564,4729,410,3219,508,966,279,2253,405,2008,319,1589,283,419,167
860Z200US90813,17252,602,10560,516,5336,461,5224,459,1849,354,3375,378,6692,609,4998,554,1694,271
860Z200US90814,9167,541,4161,466,2968,398,1193,258,457,138,736,249,5006,434,3420,383,1586,301
860Z200US90815,15432,555,10081,596,7848,551,2233,337,681,183,1552,307,5351,459,3816,422,1535,242
860Z200US90822,0,14,0,14,0,14,0,14,0,14,0,14,0,14,0,14,0,14
860Z200US90831,0,14,0,14,0,14,0,14,0,14,0,14,0,14,0,14,0,14
860Z200US90840,0,14,0,14,0,14,0,14,0,14,0,14,0,14,0,14,0,14
860Z200US91001,12587,564,9101,573,6387,480,2714,532,710,219,2004,468,3486,370,2649,363,837,203
860Z200US91006,10244,402,8572,398,6230,377,2342,422,654,216,1688,378,1672,286,1318,245,354,157
860Z200US91007,11988,560,8505,497,6218,495,2287,406,644,264,1643,346,3483,435,2769,423,714,178
860Z200US91008,309,53,257,52,223,50,34,17,16,14,18,10,52,16,39,14,13,9
860Z200US91010,8789,396,6258,317,4213,347,2045,313,752,202,1293,264,2531,362,2058,331,473,150
860Z200US91011,6367,248,5577,177,5106,202,471,137,127,71,344,115,790,208,665,185,125,88
860Z200US91016,15285,480,10115,354,6693,428,3422,409,1140,277,2282,348,5170,486,4006,440,1164,291
860Z200US91020,3149,296,1835,316,1219,287,616,210,208,117,408,177,1314,273,1185,260,129,95
860Z200US91024,4620,293,2849,227,2141,237,708,188,66,53,642,189,1771,433,1529,427,242,132
860Z200US91030,10220,381,6666,246,5162,326,1504,278,348,143,1156,220,3554,481,2922,462,632,154
860Z200US91040,7572,423,5189,343,3654,390,1535,246,550,168,985,207,2383,341,2054,348,329,110
860Z200US91042,10214,532,7061,503,4758,471,2303,415,1026,302,1277,280,3153,451,2475,425,678,206
860Z200US91046,91,51,24,28,24,28,0,14,0,14,0,14,67,54,67,54,0,14
860Z200US91101,11507,554,3857,418,2514,369,1343,254,441,150,902,224,7650,587,6234,618,1416,271
860Z200US91103,8694,490,5719,468,3326,387,2393,375,728,211,1665,329,2975,359,2312,304,663,188
860Z200US91104,13488,642,8955,546,6326,513,2629,359,732,225,1897,315,4533,571,3356,526,1177,271
860Z200US91105,5743,321,3178,267,2676,277,502,155,176,131,326,106,2565,243,1985,248,580,169
860Z200US91106,10730,600,5393,467,3799,363,1594,336,468,181,1126,283,5337,587,3668,509,1669,354
860Z200US91107,13030,630,8259,510,6344,390,1915,344,759,302,1156,216,4771,586,3681,537,1090,262
860Z200US91108,4038,393,3399,314,2802,258,597,150,133,67,464,123,639,170,542,155,97,65
860Z200US91125,97,123,0,14,0,14,0,14,0,14,0,14,97,123,18,29,79,120
860Z200US91201,7991,406,5306,309,3968,343,1338,253,488,187,850,209,2685,415,2082,345,603,239
860Z200US91202,8616,541,5867,411,4239,478,1628,285,400,161,1228,245,2749,555,2206,533,543,164
860Z200US91203,7076,347,4167,402,2701,383,1466,310,500,187,966,248,2909,404,2393,354,516,153
860Z200US91204,6693,428,3959,410,2547,371,1412,277,439,214,973,269,2734,390,2113,417,621,174
860Z200US91205,13333,487,8170,489,5864,458,2306,353,893,232,1413,271,5163,498,4164,436,999,204
860Z200US91206,12465,670,8495,553,6523,574,1972,356,886,269,1086,256,3970,491,3161,498,809,167
860Z200US91207,3840,380,2783,394,2111,371,672,223,120,99,552,200,1057,269,932,263,125,89
860Z200US91208,6035,531,4473,510,3287,313,1186,486,397,430,789,230,1562,311,1250,308,312,146
860Z200US91210,160,69,112,56,90,51,22,26,13,21,9,13,48,40,48,40,0,14
860Z200US91214,10692,657,8310,615,7026,587,1284,257,314,110,970,249,2382,331,2085,336,297,123
860Z200US91301,8839,442,6419,268,5400,279,1019,204,225,117,794,161,2420,418,1889,407,531,162
860Z200US91302,9494,424,7011,401,5756,394,1255,289,331,116,924,273,2483,349,1640,301,843,285
860Z200US91303,10702,538,6488,552,3802,439,2686,463,681,233,2005,391,4214,497,2800,371,1414,355
860Z200US91304,18194,588,13058,658,8740,644,4318,437,1193,251,3125,388,5136,563,3899,538,1237,254
860Z200US91306,14709,536,11124,477,7581,518,3543,412,1134,223,2409,367,3585,384,2729,341,856,189
860Z200US91307,8938,467,6998,430,5717,444,1281,254,507,184,774,182,1940,280,1434,236,506,166
860Z200US91311,14561,581,10393,622,7621,581,2772,376,747,196,2025,348,4168,425,3262,358,906,187
860Z200US91316,12883,614,7533,578,5826,485,1707,326,504,175,1203,306,5350,691,4220,656,1130,276
860Z200US91320,15265,585,11374,536,9511,519,1863,243,692,164,1171,227,3891,447,2908,382,983,259
860Z200US91321,10863,535,7620,435,5197,400,2423,406,977,291,1446,338,3243,463,2661,432,582,160
860Z200US91324,10730,616,6956,570,5230,466,1726,419,601,284,1125,274,3774,417,2875,406,899,231
860Z200US91325,12894,567,8150,534,5485,446,2665,488,818,198,1847,467,4744,572,3249,453,1495,349
860Z200US91326,13394,426,10399,557,8508,534,1891,333,772,205,1119,282,2995,430,2336,369,659,236
860Z200US91330,4,7,4,7,0,14,4,7,0,14,4,7,0,14,0,14,0,14
860Z200US91331,23227,620,19492,623,12247,565,7245,525,2782,310,4463,396,3735,432,3143,413,592,152
860Z200US91335,24195,850,17143,831,11881,741,5262,506,1752,300,3510,430,7052,698,5610,601,1442,321
860Z200US91340,8477,409,7246,355,4677,413,2569,329,842,226,1727,292,1231,280,916,228,315,140
860Z200US91342,25537,710,21148,762,14059,716,7089,603,2284,369,4805,493,4389,440,3434,402,955,218
860Z200US91343,18209,529,13773,616,8958,620,4815,442,1690,261,3125,406,4436,413,3405,396,1031,210
860Z200US91344,17729,688,13692,699,10315,634,3377,367,1219,230,2158,315,4037,385,3316,354,721,157
860Z200US91345,5536,339,4186,355,2612,325,1574,275,565,217,1009,205,1350,244,916,176,434,177
860Z200US91350,13778,552,11331,583,9723,537,1608,353,361,145,1247,326,2447,405,1909,329,538,167
860Z200US91351,10502,518,8035,562,5945,516,2090,403,917,230,1173,359,2467,402,1466,305,1001,269
860Z200US91352,12638,455,10037,457,6626,441,3411,351,1082,241,2329,284,2601,253,2064,242,537,146
860Z200US91354,11149,495,9156,477,7415,476,1741,413,430,142,1311,368,1993,298,1473,254,520,195
860Z200US91355,11781,502,7480,493,5976,494,1504,270,260,146,1244,269,4301,497,3508,479,793,179
860Z200US91356,12080,535,7599,538,5947,517,1652,305,284,109,1368,295,4481,443,3461,400,1020,264
860Z200US91360,15201,642,10432,550,8152,475,2280,408,896,377,1384,273,4769,517,4032,506,737,173
860Z200US91361,7667,493,5058,404,4108,367,950,239,271,156,679,215,2609,418,2146,410,463,151
860Z200US91362,13928,696,9386,487,7498,468,1888,382,449,227,1439,339,4542,555,3494,526,1048,257
860Z200US91364,10166,493,7039,485,5572,456,1467,348,300,132,1167,324,3127,311,2262,309,865,181
860Z200US91367,19532,701,11889,665,8624,557,3265,430,914,241,2351,332,7643,724,5818,586,1825,543
860Z200US91371,0,14,0,14,0,14,0,14,0,14,0,14,0,14,0,14,0,14
860Z200US91377,5099,307,4004,301,3404,332,600,184,127,84,473,168,1095,244,894,247,201,93
860Z200US91381,7553,514,6088,484,5215,480,873,297,338,170,535,216,1465,350,1163,347,302,147
860Z200US91384,7124,290,5875,325,4796,356,1079,232,372,150,707,177,1249,208,1027,198,222,104
860Z200US91387,14343,605,11224,574,8013,545,3211,449,991,300,2220,341,3119,410,2177,311,942,268
860Z200US91390,6414,426,5026,446,4341,439,685,191,291,154,394,147,1388,216,1059,180,329,139
860Z200US91401,15131,624,8914,540,6038,560,2876,390,1011,265,1865,308,6217,497,4704,493,1513,298
860Z200US91402,20100,647,15176,619,8714,592,6462,558,2422,332,4040,427,4924,644,3488,524,1436,335
860Z200US91403,12111,615,5962,462,4769,455,1193,265,427,133,766,207,6149,507,4392,472,1757,281
860Z200US91405,19177,763,12340,749,7382,658,4958,499,1495,251,3463,478,6837,621,4681,496,2156,458
860Z200US91406,19029,694,12195,652,7894,563,4301,491,1419,283,2882,389,6834,536,4983,506,1851,337
860Z200US91411,9449,546,5006,416,2984,354,2022,321,667,194,1355,281,4443,457,3381,410,1062,244
860Z200US91423,15748,610,7253,550,5516,510,1737,312,376,142,1361,298,8495,615,6113,540,2382,436
860Z200US91436,6001,493,4236,448,3576,348,660,325,171,115,489,304,1765,357,1227,309,538,218
860Z200US91501,7959,536,5050,414,3388,459,1662,341,539,247,1123,265,2909,448,2269,393,640,173
860Z200US91502,5448,381,2529,335,1440,256,1089,335,334,216,755,274,2919,413,2127,298,792,269
860Z200US91504,9883,608,6855,579,5138,496,1717,341,318,138,1399,337,3028,303,2451,291,577,209
860Z200US91505,13013,641,7490,541,5464,565,2026,360,534,154,1492,336,5523,545,4026,462,1497,333
860Z200US91506,7871,509,4613,476,3378,365,1235,424,524,362,711,217,3258,475,2878,457,380,145
860Z200US91601,19122,844,6896,546,4377,470,2519,414,625,163,1894,389,12226,791,8682,724,3544,451
860Z200US91602,10177,603,4472,430,3315,376,1157,262,252,132,905,253,5705,509,3974,461,1731,288
860Z200US91604,15365,758,7374,599,5771,485,1603,328,390,147,1213,274,7991,710,5436,564,2555,489
860Z200US91605,15953,651,11327,607,6846,470,4481,450,1479,242,3002,384,4626,380,3465,294,1161,219
860Z200US91606,15854,677,9688,615,6113,494,3575,443,981,298,2594,379,6166,565,4884,500,1282,215
860Z200US91607,13989,643,6979,586,5006,539,1973,347,531,160,1442,312,7010,615,4678,489,2332,502
860Z200US91608,30,28,9,13,9,13,0,14,0,14,0,14,21,32,21,32,0,14
860Z200US91701,13054,595,10443,580,7940,492,2503,496,886,277,1617,367,2611,319,1984,259,627,168
860Z200US91702,17648,590,13215,460,8513,486,4702,452,1684,279,3018,401,4433,571,2738,474,1695,285
860Z200US91706,18593,449,15692,422,9389,470,6303,502,2228,288,4075,426,2901,381,2337,321,564,170
860Z200US91708,5701,501,4890,516,3677,552,1213,341,457,311,756,197,811,372,500,177,311,338
860Z200US91709,25372,588,20994,550,16899,629,4095,546,1560,362,2535,390,4378,575,3029,547,1349,311
860Z200US91710,22916,752,18283,614,13021,723,5262,666,1819,359,3443,497,4633,723,3492,608,1141,308
860Z200US91711,12305,407,8584,376,6497,404,2087,324,531,170,1556,310,3721,456,2923,410,798,215
860Z200US91722,9975,523,8003,487,5156,404,2847,360,1003,236,1844,291,1972,343,1507,337,465,139
860Z200US91723,6088,367,4129,331,2675,289,1454,273,362,159,1092,221,1959,312,1588,316,371,152
860Z200US91724,9125,598,7172,584,4977,495,2195,376,584,179,1611,325,1953,358,1528,322,425,149
860Z200US91730,25836,793,17710,782,12228,735,5482,493,1415,359,4067,403,8126,786,6324,753,1802,366
860Z200US91731,8293,403,6123,367,3308,363,2815,337,1000,233,1815,260,2170,316,1722,275,448,139
860Z200US91732,15360,658,12793,575,7287,561,5506,445,1952,296,3554,386,2567,373,1832,336,735,175
860Z200US91733,10922,418,9323,395,5235,401,4088,444,1577,308,2511,312,1599,284,1263,273,336,123
860Z200US91737,7995,444,6238,430,4716,411,1522,314,431,157,1091,264,1757,292,1363,254,394,156
860Z200US91739,11990,454,9551,525,7636,448,1915,405,705,332,1210,282,2439,418,1928,387,511,135
860Z200US91740,8162,390,6128,355,4432,350,1696,290,571,178,1125,250,2034,290,1541,236,493,180
860Z200US91741,8938,454,6950,393,5806,446,1144,214,361,128,783,185,1988,272,1574,265,414,144
860Z200US91744,18393,393,16056,491,10056,617,6000,475,2221,343,3779,358,2337,326,1652,269,685,186
860Z200US91745,16532,593,13557,635,9360,507,4197,500,1572,375,2625,321,2975,280,2243,247,732,188
860Z200US91746,7106,428,6216,428,3939,419,2277,320,658,205,1619,281,890,210,660,163,230,110
860Z200US91748,13965,601,11454,602,8206,518,3248,434,1070,232,2178,402,2511,374,1999,369,512,153
860Z200US91750,12254,445,8682,397,6796,504,1886,340,513,181,1373,303,3572,367,2994,339,578,161
860Z200US91752,10593,522,8387,512,6482,480,1905,306,777,253,1128,237,2206,337,1644,266,562,220
860Z200US91754,11874,477,8235,397,5570,425,2665,351,1163,283,1502,303,3639,383,2644,336,995,219
860Z200US91755,8754,436,6749,422,5044,421,1705,252,418,100,1287,249,2005,306,1382,258,623,171
860Z200US91759,175,69,106,56,98,55,8,10,8,10,0,14,69,41,69,41,0,14
860Z200US91761,18440,751,14659,593,10060,688,4599,515,1535,340,3064,447,3781,697,2968,636,813,214
860Z200US91762,19480,732,15128,681,9500,539,5628,630,2420,433,3208,479,4352,486,3316,473,1036,221
860Z200US91763,10612,487,8473,394,5061,432,3412,448,854,212,2558,432,2139,357,1684,334,455,141
860Z200US91764,16624,651,12805,579,7746,527,5059,581,1839,369,3220,501,3819,612,2509,465,1310,397
860Z200US91765,15233,527,12007,373,9176,441,2831,350,1203,292,1628,257,3226,524,2553,447,673,250
860Z200US91766,19723,789,15498,703,10362,668,5136,460,2010,312,3126,392,4225,570,2845,475,1380,304
860Z200US91767,15036,611,10678,558,6486,549,4192,475,1475,264,2717,416,4358,641,3074,607,1284,284
860Z200US91768,8831,533,6959,477,4317,403,2642,328,1030,266,1612,310,1872,355,1438,319,434,143
860Z200US91770,16872,535,13432,495,8830,522,4602,330,1998,282,2604,256,3440,465,2597,445,843,240
860Z200US91773,12004,495,8955,379,6475,564,2480,453,1101,375,1379,278,3049,389,2221,367,828,197
860Z200US91775,8479,509,6043,392,4514,318,1529,226,427,140,1102,212,2436,385,1804,325,632,210
860Z200US91776,11693,479,9168,407,6094,360,3074,400,1114,242,1960,337,2525,375,1749,288,776,247
860Z200US91780,11437,383,9158,366,6417,330,2741,324,1109,274,1632,251,2279,327,1826,304,453,181
860Z200US91784,8993,378,7361,443,5979,428,1382,213,324,119,1058,192,1632,244,1299,214,333,129
860Z200US91786,19615,589,13844,445,8685,540,5159,472,1474,293,3685,463,5771,588,4027,493,1744,347
860Z200US91789,12681,493,10850,485,8704,454,2146,274,889,217,1257,183,1831,317,1475,287,356,136
860Z200US91790,12971,565,10658,550,6735,550,3923,412,1274,312,2649,351,2313,332,1751,319,562,169
860Z200US91791,10821,576,8082,523,5447,481,2635,406,691,195,1944,363,2739,494,2080,351,659,338
860Z200US91792,9542,361,7534,329,4873,389,2661,352,838,209,1823,301,2008,300,1553,279,455,138
860Z200US91801,20415,606,13763,552,8996,511,4767,462,1692,295,3075,418,6652,556,4695,434,1957,339
860Z200US91803,10028,444,6866,384,4457,386,2409,318,1031,243,1378,220,3162,344,2430,349,732,160
860Z200US91901,6344,426,4695,432,3922,428,773,255,235,138,538,197,1649,332,1176,281,473,182
860Z200US91902,6127,498,4217,366,3295,371,922,193,209,112,713,210,1910,461,1506,418,404,184
860Z200US91905,561,154,411,145,359,146,52,51,9,14,43,50,150,109,99,93,51,74
860Z200US91906,1176,190,797,178,593,149,204,88,99,57,105,68,379,151,308,141,71,62
860Z200US91910,26230,793,18985,754,12759,759,6226,566,1839,358,4387,438,7245,527,5618,479,1627,333
860Z200US91911,25440,900,19972,889,13572,871,6400,628,1486,290,4914,628,5468,533,4430,517,1038,240
860Z200US91913,17428,808,14390,806,11363,813,3027,465,656,223,2371,426,3038,650,2223,615,815,298
860Z200US91914,4820,400,4325,424,3683,422,642,189,255,139,387,138,495,153,439,140,56,62
860Z200US91915,10677,543,9176,591,6699,662,2477,416,1156,335,1321,346,1501,314,1302,307,199,129
860Z200US91916,605,133,408,112,344,108,64,55,51,56,13,16,197,94,182,96,15,24
860Z200US91917,206,73,172,68,120,60,52,42,0,14,52,42,34,39,8,15,26,37
860Z200US91931,242,173,103,94,103,94,0,14,0,14,0,14,139,146,105,139,34,51
860Z200US91932,9332,349,6011,277,3601,338,2410,352,735,243,1675,273,3321,333,2349,340,972,234
860Z200US91934,374,165,310,159,112,106,198,143,0,14,198,143,64,63,42,57,22,32
860Z200US91935,2950,361,2321,375,2045,375,276,97,100,59,176,77,629,177,530,177,99,60
860Z200US91941,12647,732,8852,633,7186,612,1666,305,413,140,1253,278,3795,468,2835,408,960,242
860Z200US91942,17684,744,9267,486,6306,476,2961,430,818,207,2143,389,8417,753,6273,652,2144,380
860Z200US91945,9076,416,6305,314,4285,441,2020,317,479,161,1541,288,2771,383,2151,359,620,184
860Z200US91948,55,47,18,21,18,21,0,14,0,14,0,14,37,42,19,31,18,29
860Z200US91950,18358,631,13333,416,7500,541,5833,586,1489,345,4344,524,5025,573,4281,537,744,211
860Z200US91962,1081,426,819,422,710,408,109,81,89,74,20,33,262,135,190,78,72,108
860Z200US91963,197,87,153,82,70,62,83,48,0,14,83,48,44,36,31,29,13,21
860Z200US91977,19118,699,14377,516,9761,557,4616,446,1759,323,2857,333,4741,542,3319,380,1422,369
860Z200US91978,3236,279,2538,273,1925,262,613,208,93,80,520,207,698,200,493,137,205,180
860Z200US91980,25,36,25,36,0,14,25,36,0,14,25,36,0,14,0,14,0,14
860Z200US92003,1751,205,1270,210,952,130,318,165,139,78,179,143,481,131,337,117,144,85
860Z200US92004,1654,300,889,242,776,237,113,92,20,34,93,86,765,250,703,240,62,46
860Z200US92007,4273,301,2932,340,2535,354,397,137,191,114,206,72,1341,219,860,177,481,152
860Z200US92008,11835,588,6778,483,5657,397,1121,361,465,300,656,194,5057,443,3798,415,1259,269
860Z200US92009,16183,641,12424,552,10484,579,1940,419,378,163,1562,398,3759,483,2996,428,763,224
860Z200US92010,6926,489,4740,418,3817,414,923,246,278,147,645,207,2186,458,1568,431,618,210
860Z200US92011,9094,495,6555,435,5534,434,1021,218,200,121,821,214,2539,353,2093,358,446,151
860Z200US92014,5628,409,3797,345,3380,317,417,189,173,115,244,133,1831,429,1446,402,385,156
860Z200US92019,14995,637,11827,638,9009,525,2818,437,1137,326,1681,321,3168,490,2723,473,445,152
860Z200US92020,19586,738,13976,665,9309,606,4667,462,1325,304,3342,432,5610,624,4177,515,1433,317
860Z200US92021,22953,808,16713,827,11024,752,5689,542,1702,283,3987,525,6240,561,4549,525,1691,370
860Z200US92024,19716,741,12837,577,10646,541,2191,350,928,230,1263,277,6879,577,4711,489,2168,310
860Z200US92025,16413,768,11217,513,8042,505,3175,361,914,184,2261,344,5196,763,4275,734,921,228
860Z200US92026,18883,806,13487,740,10223,808,3264,452,1204,315,2060,311,5396,587,3993,519,1403,318
860Z200US92027,16965,749,12524,584,8887,583,3637,403,1208,238,2429,377,4441,660,3585,662,856,193
860Z200US92028,17149,562,13639,557,10707,648,2932,415,1286,310,1646,378,3510,444,2703,388,807,208
860Z200US92029,7854,434,5244,326,4193,298,1051,250,409,174,642,151,2610,394,1761,309,849,274
860Z200US92036,1412,300,699,160,466,142,233,119,34,33,199,112,713,302,589,291,124,100
860Z200US92037,16909,554,9904,528,8660,537,1244,291,540,237,704,181,7005,478,5054,428,1951,284
860Z200US92040,15426,733,11310,734,8236,578,3074,508,988,265,2086,450,4116,486,2773,384,1343,335
860Z200US92054,15513,669,8971,500,6429,434,2542,389,939,314,1603,250,6542,682,4495,589,2047,339
860Z200US92055,0,21,0,21,0,21,0,21,0,21,0,21,0,21,0,21,0,21
860Z200US92056,19761,766,13415,746,10943,761,2472,380,826,211,1646,336,6346,584,4748,532,1598,324
860Z200US92057,18751,601,13946,635,10400,565,3546,363,1232,232,2314,363,4805,462,3633,430,1172,288
860Z200US92058,14635,950,11586,905,9706,865,1880,341,609,194,1271,302,3049,516,2073,446,976,208
860Z200US92059,376,81,322,77,240,72,82,31,21,17,61,23,54,28,49,25,5,10
860Z200US92060,182,105,130,107,130,107,0,14,0,14,0,14,52,58,52,58,0,14
860Z200US92061,681,132,499,115,458,114,41,29,6,6,35,28,182,86,149,77,33,44
860Z200US92064,16426,427,12969,305,10825,366,2144,299,725,172,1419,234,3457,381,2581,371,876,225
860Z200US92065,12296,669,9192,553,7406,547,1786,352,624,215,1162,271,3104,589,2460,546,644,205
860Z200US92066,152,52,59,33,59,33,0,14,0,14,0,14,93,43,68,43,25,23
860Z200US92067,2835,377,2314,384,1895,305,419,303,220,265,199,146,521,195,452,190,69,66
860Z200US92069,15162,649,11377,530,8340,480,3037,422,957,267,2080,340,3785,419,2586,352,1199,235
860Z200US92070,233,78,135,59,97,45,38,33,23,27,15,13,98,57,47,36,51,42
860Z200US92071,21291,464,15321,425,12132,470,3189,365,1141,264,2048,301,5970,469,4853,413,1117,274
860Z200US92075,5326,359,3074,252,2614,310,460,177,136,77,324,147,2252,422,1837,380,415,142
860Z200US92078,18522,642,13577,628,11093,687,2484,390,453,184,2031,365,4945,580,4025,509,920,260
860Z200US92081,10939,535,7111,538,5359,506,1752,364,468,161,1284,367,3828,531,2995,477,833,208
860Z200US92082,6771,617,5503,596,4398,434,1105,481,406,445,699,185,1268,260,945,216,323,163
860Z200US92083,11715,599,8774,538,5865,537,2909,354,902,216,2007,300,2941,388,2008,360,933,243
860Z200US92084,15342,518,11686,511,8225,497,3461,416,1325,281,2136,355,3656,463,2740,428,916,240
860Z200US92086,635,96,339,78,241,57,98,52,82,51,16,18,296,84,229,79,67,37
860Z200US92091,592,126,227,81,217,81,10,16,10,16,0,14,365,115,355,116,10,15
860Z200US92092,0,14,0,14,0,14,0,14,0,14,0,14,0,14,0,14,0,14
860Z200US92093,0,19,0,19,0,19,0,19,0,19,0,19,0,19,0,19,0,19
860Z200US92096,0,14,0,14,0,14,0,14,0,14,0,14,0,14,0,14,0,14
860Z200US92101,30214,902,7343,567,6147,628,1196,314,374,178,822,275,22871,950,17486,951,5385,726
860Z200US92102,14620,724,8051,507,5045,472,3006,346,1002,254,2004,326,6569,662,4590,585,1979,339
860Z200US92103,19935,743,6639,527,5407,471,1232,304,365,176,867,248,13296,760,9947,709,3349,384
860Z200US92104,23661,903,9063,693,6058,573,3005,476,905,268,2100,391,14598,871,10027,773,4571,534
860Z200US92105,22910,1117,14801,739,8199,537,6602,712,1765,449,4837,603,8109,919,5391,888,2718,523
860Z200US92106,7647,415,5111,381,4362,364,749,197,203,94,546,195,2536,376,2130,355,406,143
860Z200US92107,13879,675,6383,557,5155,475,1228,302,540,186,688,216,7496,604,5152,584,2344,302
860Z200US92108,14010,661,5348,641,3965,617,1383,404,305,216,1078,325,8662,577,6183,551,2479,416
860Z200US92109,22646,823,7250,559,5665,476,1585,328,562,205,1023,249,15396,899,9211,761,6185,691
860Z200US92110,12339,651,5748,541,4483,499,1265,377,374,169,891,295,6591,502,4427,461,2164,335
860Z200US92111,17229,788,10338,661,7724,638,2614,380,789,283,1825,303,6891,607,4794,516,2097,331
860Z200US92113,13545,609,10098,615,5365,571,4733,478,1246,271,3487,417,3447,505,2806,430,641,181
860Z200US92114,18407,566,15285,553,9866,546,5419,452,1490,248,3929,396,3122,336,2533,300,589,163
860Z200US92115,22528,849,12369,792,8061,769,4308,500,1461,300,2847,419,10159,676,6204,615,3955,487
860Z200US92116,17022,756,6503,522,4670,525,1833,342,636,223,1197,246,10519,786,7071,624,3448,486
860Z200US92117,20876,870,13531,876,9505,718,4026,652,998,242,3028,595,7345,611,5052,533,2293,396
860Z200US92118,7303,348,5057,281,4269,317,788,193,201,86,587,186,2246,334,1939,286,307,160
860Z200US92119,9485,437,5697,438,4636,370,1061,233,260,104,801,213,3788,426,2886,376,902,278
860Z200US92120,12404,562,7812,490,5871,424,1941,348,448,158,1493,327,4592,537,3513,495,1079,236
860Z200US92121,1575,155,915,124,795,124,120,66,57,47,63,42,660,111,379,97,281,80
860Z200US92122,19927,666,8769,550,6976,543,1793,335,667,254,1126,253,11158,603,6499,602,4659,413
860Z200US92123,12487,772,8030,786,5970,712,2060,368,738,254,1322,306,4457,485,2782,428,1675,356
860Z200US92124,11332,495,8036,508,6814,519,1222,325,367,139,855,287,3296,473,2326,383,970,297
860Z200US92126,25551,716,18360,882,13894,859,4466,548,1939,462,2527,371,7191,617,4311,392,2880,436
860Z200US92127,16438,823,13753,892,11390,654,2363,676,711,295,1652,594,2685,426,2059,376,626,202
860Z200US92128,20281,754,13746,758,11420,723,2326,395,643,202,1683,369,6535,401,5537,342,998,225
860Z200US92129,18616,761,14724,787,12358,744,2366,356,678,196,1688,301,3892,438,2546,349,1346,325
860Z200US92130,22156,905,16994,835,14494,814,2500,400,845,230,1655,343,5162,501,3922,492,1240,297
860Z200US92131,12982,505,10092,563,8841,523,1251,273,364,135,887,251,2890,431,2166,328,724,241
860Z200US92132,0,14,0,14,0,14,0,14,0,14,0,14,0,14,0,14,0,14
860Z200US92134,14,19,14,19,14,19,0,14,0,14,0,14,0,14,0,14,0,14
860Z200US92135,0,14,0,14,0,14,0,14,0,14,0,14,0,14,0,14,0,14
860Z200US92136,15,26,0,14,0,14,0,14,0,14,0,14,15,26,15,26,0,14
860Z200US92139,10001,429,8172,462,5437,457,2735,360,691,191,2044,351,1829,275,1445,245,384,162
860Z200US92140,0,14,0,14,0,14,0,14,0,14,0,14,0,14,0,14,0,14
860Z200US92145,0,14,0,14,0,14,0,14,0,14,0,14,0,14,0,14,0,14
860Z200US92147,0,14,0,14,0,14,0,14,0,14,0,14,0,14,0,14,0,14
860Z200US92154,23019,740,18737,739,13060,699,5677,555,1771,336,3906,507,4282,543,3156,502,1126,264
860Z200US92155,0,14,0,14,0,14,0,14,0,14,0,14,0,14,0,14,0,14
860Z200US92161,0,14,0,14,0,14,0,14,0,14,0,14,0,14,0,14,0,14
860Z200US92173,7952,546,6147,446,3645,463,2502,376,578,179,1924,342,1805,390,1648,388,157,82
860Z200US92179,0,14,0,14,0,14,0,14,0,14,0,14,0,14,0,14,0,14
860Z200US92182,0,14,0,14,0,14,0,14,0,14,0,14,0,14,0,14,0,14
860Z200US92201,22600,965,15275,692,10757,684,4518,480,1097,284,3421,446,7325,803,6314,751,1011,233
860Z200US92203,12178,604,8851,567,6605,572,2246,380,927,265,1319,288,3327,470,2568,435,759,217
860Z200US92210,2468,149,1571,160,1422,169,149,95,12,13,137,94,897,232,684,180,213,219
860Z200US92211,13872,737,8065,502,6835,514,1230,328,253,138,977,315,5807,632,4515,523,1292,391
860Z200US92220,12266,455,8079,305,5431,470,2648,410,945,299,1703,325,4187,499,3187,485,1000,238
860Z200US92222,0,14,0,14,0,14,0,14,0,14,0,14,0,14,0,14,0,14
860Z200US92223,20451,654,15338,497,11366,617,3972,660,1712,478,2260,478,5113,579,4032,574,1081,322
860Z200US92225,5139,361,3598,279,2304,309,1294,204,349,145,945,177,1541,247,1223,225,318,127
860Z200US92227,8209,400,6131,373,3613,384,2518,425,711,254,1807,374,2078,417,1713,409,365,191
860Z200US92230,696,155,408,144,364,131,44,44,0,14,44,44,288,173,208,146,80,90
860Z200US92231,10081,515,7798,356,4990,449,2808,408,563,217,2245,410,2283,498,2058,501,225,120
860Z200US92233,1282,174,1052,151,570,199,482,140,77,79,405,156,230,161,205,156,25,31
860Z200US92234,18979,560,12002,367,8749,395,3253,414,1044,231,2209,334,6977,589,5611,557,1366,199
860Z200US92236,12575,696,10081,461,6681,476,3400,389,793,199,2607,342,2494,555,2202,542,292,157
860Z200US92239,57,29,30,19,28,18,2,3,0,14,2,3,27,19,21,17,6,10
860Z200US92240,14115,605,9836,481,5788,523,4048,543,1272,382,2776,474,4279,585,3551,553,728,180
860Z200US92241,3959,328,2082,244,1513,260,569,169,289,115,280,127,1877,323,1602,262,275,158
860Z200US92242,734,86,348,76,251,66,97,44,30,24,67,34,386,81,289,83,97,37
860Z200US92243,14260,534,10884,455,6807,515,4077,492,1411,322,2666,398,3376,424,2913,390,463,230
860Z200US92249,1815,316,1496,251,919,176,577,230,198,195,379,134,319,209,286,213,33,55
860Z200US92250,2160,181,1760,152,1414,193,346,129,65,58,281,121,400,146,383,144,17,18
860Z200US92251,6760,491,5273,350,3771,468,1502,378,372,206,1130,351,1487,423,1235,391,252,152
860Z200US92252,3240,410,1576,309,1024,272,552,153,166,107,386,137,1664,340,1202,314,462,165
860Z200US92253,15933,676,11073,502,9124,547,1949,327,659,241,1290,240,4860,683,4103,651,757,203
860Z200US92254,3328,507,2498,432,1403,253,1095,332,197,121,898,309,830,363,718,367,112,81
860Z200US92256,1785,160,1024,204,614,158,410,141,154,92,256,125,761,197,585,167,176,114
860Z200US92257,780,256,357,137,250,117,107,83,52,63,55,53,423,219,342,211,81,59
860Z200US92258,157,83,108,75,86,59,22,36,0,14,22,36,49,37,28,31,21,20
860Z200US92259,138,86,64,59,64,59,0,14,0,14,0,14,74,74,69,74,5,8
860Z200US92260,14709,544,7832,405,5903,374,1929,323,578,196,1351,283,6877,639,5700,573,1177,306
860Z200US92262,13590,498,6170,405,4603,402,1567,302,810,310,757,137,7420,571,5977,522,1443,254
860Z200US92264,11448,446,4546,257,3771,235,775,120,307,93,468,97,6902,410,5593,406,1309,156
860Z200US92266,77,66,24,38,24,38,0,14,0,14,0,14,53,53,53,53,0,14
860Z200US92267,0,14,0,14,0,14,0,14,0,14,0,14,0,14,0,14,0,14
860Z200US92268,221,85,98,68,98,68,0,14,0,14,0,14,123,61,81,49,42,46
860Z200US92270,9003,399,5026,287,4518,291,508,159,98,57,410,142,3977,527,2960,489,1017,211
860Z200US92273,350,143,312,144,114,69,198,121,127,112,71,53,38,47,38,47,0,14
860Z200US92274,5734,567,4004,388,2745,335,1259,214,335,117,924,189,1730,469,1552,430,178,117
860Z200US92275,478,155,291,124,229,120,62,54,0,14,62,54,187,120,187,120,0,14
860Z200US92276,2752,428,1821,452,1384,480,437,163,132,110,305,140,931,263,820,261,111,70
860Z200US92277,10501,454,6654,424,4960,442,1694,314,672,228,1022,221,3847,448,2961,415,886,254
860Z200US92278,0,14,0,14,0,14,0,14,0,14,0,14,0,14,0,14,0,14
860Z200US92280,0,14,0,14,0,14,0,14,0,14,0,14,0,14,0,14,0,14
860Z200US92281,561,94,436,98,233,72,203,78,64,38,139,76,125,54,98,45,27,32
860Z200US92282,494,76,347,75,228,64,119,53,51,45,68,39,147,60,92,54,55,33
860Z200US92283,627,118,375,86,168,69,207,51,52,27,155,50,252,85,204,79,48,34
860Z200US92284,10710,423,5770,364,3578,438,2192,471,1010,325,1182,310,4940,604,3872,564,1068,382
860Z200US92285,1120,236,622,180,501,162,121,72,92,60,29,37,498,142,443,141,55,46
860Z200US92301,9442,435,7746,419,3964,458,3782,434,1033,279,2749,380,1696,317,1359,291,337,126
860Z200US92304,0,14,0,14,0,14,0,14,0,14,0,14,0,14,0,14,0,14
860Z200US92305,175,70,141,68,100,50,41,45,41,45,0,14,34,25,34,25,0,14
860Z200US92307,13581,533,10171,554,7385,497,2786,457,784,241,2002,382,3410,525,2660,478,750,273
860Z200US92308,14316,593,10421,570,7308,549,3113,423,822,247,2291,365,3895,483,3229,423,666,219
860Z200US92309,136,83,84,60,54,59,30,24,7,14,23,19,52,49,41,44,11,19
860Z200US92310,2798,379,2065,350,1571,336,494,262,201,203,293,170,733,273,671,275,62,74
860Z200US92311,12225,652,8192,484,4683,533,3509,521,939,290,2570,514,4033,549,3370,495,663,212
860Z200US92313,4736,317,3304,258,2297,224,1007,225,322,141,685,191,1432,332,1062,312,370,156
860Z200US92314,4242,429,2455,309,1669,261,786,230,349,147,437,195,1787,374,1416,338,371,131
860Z200US92315,2396,225,1372,184,1107,184,265,92,125,82,140,72,1024,248,860,214,164,94
860Z200US92316,8272,622,6999,503,4694,483,2305,377,867,202,1438,301,1273,336,943,253,330,226
860Z200US92317,401,159,268,134,167,102,101,84,42,55,59,63,133,90,101,78,32,50
860Z200US92320,3965,257,2790,223,2389,216,401,170,77,69,324,150,1175,274,1044,266,131,73
860Z200US92321,321,87,206,68,206,68,0,14,0,14,0,14,115,59,115,59,0,14
860Z200US92322,353,154,257,136,213,120,44,70,0,14,44,70,96,72,96,72,0,14
860Z200US92324,17970,667,13647,530,8044,602,5603,640,1838,469,3765,460,4323,601,3173,546,1150,251
860Z200US92325,3743,414,2342,389,1694,364,648,172,223,125,425,160,1401,284,1085,224,316,147
860Z200US92327,309,155,137,92,50,45,87,81,61,68,26,44,172,135,133,122,39,60
860Z200US92328,361,160,174,136,170,136,4,7,4,7,0,14,187,71,156,69,31,29
860Z200US92332,25,25,12,19,0,14,12,19,0,14,12,19,13,16,13,16,0,14
860Z200US92333,177,76,62,38,62,38,0,14,0,14,0,14,115,70,89,64,26,26
860Z200US92335,25666,721,21362,580,12823,487,8539,606,2686,359,5853,505,4304,518,3472,466,832,186
860Z200US92336,29212,932,25569,918,18540,894,7029,790,2201,381,4828,663,3643,455,2665,449,978,261
860Z200US92337,9422,415,8197,441,5939,444,2258,308,745,175,1513,268,1225,214,723,178,502,162
860Z200US92338,0,14,0,14,0,14,0,14,0,14,0,14,0,14,0,14,0,14
860Z200US92339,514,143,284,94,199,85,85,73,17,15,68,71,230,121,157,68,73,100
860Z200US92341,156,74,119,63,119,63,0,14,0,14,0,14,37,40,34,40,3,7
860Z200US92342,2553,271,1981,310,1240,329,741,243,251,189,490,208,572,229,407,187,165,170
860Z200US92344,6124,475,5089,463,3880,445,1209,249,551,195,658,191,1035,289,753,252,282,149
860Z200US92345,26141,851,20554,709,13497,882,7057,865,2684,523,4373,710,5587,750,4082,637,1505,353
860Z200US92346,17169,715,13627,784,8518,625,5109,637,1782,370,3327,480,3542,413,2862,351,680,220
860Z200US92347,246,93,158,71,123,67,35,32,0,14,35,32,88,70,66,60,22,35
860Z200US92350,0,14,0,14,0,14,0,14,0,14,0,14,0,14,0,14,0,14
860Z200US92352,2546,341,1845,326,1623,321,222,91,111,73,111,57,701,161,588,163,113,70
860Z200US92354,7945,514,5086,404,3609,372,1477,325,391,181,1086,284,2859,423,1925,378,934,283
860Z200US92356,2264,250,1338,255,823,213,515,184,329,175,186,99,926,191,752,158,174,145
860Z200US92358,295,77,178,64,137,61,41,29,13,15,28,26,117,58,81,48,36,36
860Z200US92359,3415,353,2119,307,1588,314,531,206,214,171,317,122,1296,298,992,288,304,175
860Z200US92363,2486,202,1551,187,959,207,592,148,134,95,458,123,935,247,733,236,202,109
860Z200US92364,7,12,0,14,0,14,0,14,0,14,0,14,7,12,7,12,0,14
860Z200US92365,934,196,647,149,464,163,183,91,0,14,183,91,287,140,276,139,11,17
860Z200US92368,273,59,181,49,98,35,83,36,31,22,52,25,92,35,56,26,36,31
860Z200US92369,0,14,0,14,0,14,0,14,0,14,0,14,0,14,0,14,0,14
860Z200US92371,6025,537,4870,547,3294,426,1576,347,553,265,1023,278,1155,341,893,299,262,185
860Z200US92372,1752,260,1269,214,997,212,272,131,94,91,178,101,483,232,358,207,125,110
860Z200US92373,13700,772,8611,643,6342,528,2269,451,495,212,1774,474,5089,588,3828,581,1261,294
860Z200US92374,14359,707,10258,580,6493,598,3765,511,1306,360,2459,399,4101,597,2884,524,1217,324
860Z200US92376,21905,756,17715,606,10915,628,6800,620,2327,457,4473,471,4190,539,3232,496,958,268
860Z200US92377,5519,356,5013,362,3593,394,1420,284,393,159,1027,253,506,162,436,147,70,76
860Z200US92378,180,72,98,64,73,62,25,31,18,30,7,10,82,47,82,47,0,14
860Z200US92382,2133,264,1419,241,931,197,488,154,224,117,264,121,714,176,637,172,77,47
860Z200US92384,10,16,10,16,10,16,0,14,0,14,0,14,0,14,0,14,0,14
860Z200US92385,119,49,83,45,60,41,23,36,23,36,0,14,36,23,36,23,0,14
860Z200US92386,981,213,515,165,392,154,123,94,78,74,45,48,466,179,345,156,121,86
860Z200US92389,112,50,46,42,33,41,13,15,9,14,4,5,66,36,43,23,23,27
860Z200US92391,948,294,653,276,437,226,216,165,110,142,106,91,295,127,198,111,97,88
860Z200US92392,17616,698,14828,698,9559,776,5269,620,1709,349,3560,516,2788,443,1995,382,793,300
860Z200US92394,10132,681,8543,699,5582,703,2961,421,823,215,2138,406,1589,332,1185,290,404,179
860Z200US92395,15566,788,11076,674,6434,576,4642,569,1318,308,3324,489,4490,692,3697,689,793,286
860Z200US92397,2535,318,1700,347,1407,369,293,145,173,112,120,85,835,219,682,197,153,104
860Z200US92398,769,328,414,111,366,109,48,50,11,17,37,46,355,317,293,313,62,59
860Z200US92399,18842,695,14062,444,10476,582,3586,502,1096,318,2490,449,4780,677,4087,625,693,186
860Z200US92401,646,182,334,144,181,99,153,94,35,45,118,87,312,109,312,109,0,14
860Z200US92404,19020,857,14084,718,7368,588,6716,570,2385,417,4331,524,4936,578,3444,403,1492,416
860Z200US92405,9627,611,6765,498,3677,416,3088,427,874,232,2214,391,2862,490,2169,381,693,250
860Z200US92407,18645,654,15005,707,9697,733,5308,680,2269,453,3039,496,3640,506,2249,425,1391,305
860Z200US92408,4208,472,2935,348,1546,264,1389,273,339,139,1050,241,1273,277,825,200,448,220
860Z200US92410,13476,592,9872,589,5216,497,4656,459,1581,368,3075,308,3604,352,2656,321,948,221
860Z200US92411,6828,415,5344,428,2892,391,2452,333,622,195,1830,309,1484,229,975,205,509,169
860Z200US92415,0,14,0,14,0,14,0,14,0,14,0,14,0,14,0,14,0,14
860Z200US92501,7405,500,5026,522,2635,364,2391,478,456,142,1935,430,2379,342,1746,283,633,203
860Z200US92503,25057,708,20172,721,13806,696,6366,529,2209,396,4157,487,4885,459,3858,408,1027,243
860Z200US92504,16463,871,12747,892,8568,847,4179,599,1421,478,2758,463,3716,415,2970,378,746,218
860Z200US92505,14778,507,11735,511,7856,501,3879,349,1297,254,2582,320,3043,381,2247,319,796,197
860Z200US92506,15430,760,11571,680,8831,606,2740,455,798,230,1942,360,3859,554,3006,535,853,219
860Z200US92507,19153,757,11549,585,7024,558,4525,471,1284,280,3241,459,7604,588,4614,477,2990,497
860Z200US92508,10467,510,9165,482,7335,479,1830,305,429,140,1401,258,1302,325,1031,327,271,116
860Z200US92509,20773,603,17135,566,11208,631,5927,646,2259,464,3668,540,3638,425,2527,343,1111,263
860Z200US92518,583,166,228,78,228,78,0,14,0,14,0,14,355,163,241,98,114,133
860Z200US92521,0,14,0,14,0,14,0,14,0,14,0,14,0,14,0,14,0,14
860Z200US92530,17681,736,14023,672,10080,729,3943,468,1120,262,2823,401,3658,583,2941,532,717,199
860Z200US92532,7911,580,6850,570,5122,629,1728,437,612,281,1116,332,1061,317,775,253,286,167
860Z200US92536,1090,239,878,231,723,205,155,144,94,105,61,88,212,97,180,94,32,31
860Z200US92539,1211,243,848,218,697,202,151,109,100,103,51,38,363,175,267,167,96,63
860Z200US92543,14235,816,9562,637,5527,642,4035,533,1197,319,2838,510,4673,667,3657,550,1016,345
860Z200US92544,15808,760,12189,737,8366,740,3823,406,1113,263,2710,394,3619,492,2876,449,743,224
860Z200US92545,16564,738,10806,570,7658,603,3148,335,839,223,2309,315,5758,653,4643,593,1115,296
860Z200US92548,2385,470,1777,436,1366,410,411,221,87,81,324,201,608,210,423,182,185,120
860Z200US92549,1710,229,911,138,700,139,211,83,104,56,107,60,799,189,621,161,178,99
860Z200US92551,8444,396,7560,374,4246,424,3314,369,981,256,2333,333,884,205,574,173,310,130
860Z200US92553,20042,689,16225,677,9366,663,6859,558,2389,373,4470,444,3817,448,2669,414,1148,208
860Z200US92555,11956,566,9925,532,7464,561,2461,354,617,202,1844,338,2031,398,1316,282,715,306
860Z200US92557,15272,551,12827,625,7816,515,5011,619,1760,361,3251,571,2445,356,1771,356,674,158
860Z200US92561,825,157,626,153,439,143,187,83,61,76,126,37,199,88,176,87,23,25
860Z200US92562,21613,694,16672,654,12736,725,3936,487,1150,280,2786,416,4941,634,4243,606,698,217
860Z200US92563,23828,791,19611,851,15815,844,3796,663,1322,360,2474,590,4217,566,3091,509,1126,303
860Z200US92567,2703,293,2298,279,1697,272,601,197,243,117,358,175,405,158,295,131,110,75
860Z200US92570,14419,741,11984,756,8134,728,3850,564,1250,281,2600,484,2435,406,1766,380,669,239
860Z200US92571,13973,611,12517,582,8798,619,3719,516,1083,383,2636,453,1456,313,931,259,525,202
860Z200US92582,5542,394,4854,431,3626,429,1228,333,587,247,641,208,688,246,234,91,454,224
860Z200US92583,9450,588,7091,508,4266,496,2825,444,960,266,1865,390,2359,443,1678,389,681,220
860Z200US92584,18937,791,15615,908,12778,872,2837,426,1011,266,1826,345,3322,539,2489,455,833,269
860Z200US92585,8326,552,7170,520,5542,504,1628,429,570,311,1058,299,1156,274,887,232,269,181
860Z200US92586,9536,569,5133,463,3849,426,1284,237,392,138,892,212,4403,512,3910,476,493,184
860Z200US92587,6195,449,4518,332,3551,302,967,229,336,109,631,210,1677,367,1291,348,386,158
860Z200US92590,2034,252,1347,200,835,191,512,164,121,88,391,168,687,217,566,212,121,104
860Z200US92591,14469,634,10817,613,8568,572,2249,407,729,219,1520,378,3652,565,2887,516,765,276
860Z200US92592,25004,677,20933,683,16805,630,4128,471,1339,311,2789,363,4071,485,3106,433,965,285
860Z200US92595,9888,372,8210,350,6203,442,2007,349,673,248,1334,265,1678,319,1138,256,540,210
860Z200US92596,10256,572,8939,562,6752,616,2187,459,936,268,1251,359,1317,374,776,231,541,267
860Z200US92602,9713,659,7013,522,5329,379,1684,463,514,267,1170,387,2700,590,1860,500,840,255
860Z200US92603,7176,498,5032,438,4278,466,754,174,203,94,551,142,2144,388,1446,228,698,315
860Z200US92604,9717,703,7122,574,5519,514,1603,350,429,115,1174,332,2595,454,1979,460,616,154
860Z200US92606,8852,760,5793,569,4718,574,1075,249,298,162,777,234,3059,590,2104,523,955,395
860Z200US92610,4734,576,3788,488,3442,500,346,135,152,102,194,83,946,320,739,307,207,108
860Z200US92612,14456,634,6618,605,5090,521,1528,401,457,269,1071,262,7838,879,4602,727,3236,625
860Z200US92614,11624,797,6874,638,5139,457,1735,499,490,161,1245,494,4750,732,2996,683,1754,378
860Z200US92617,3888,399,1903,334,1530,308,373,192,47,47,326,190,1985,414,660,220,1325,336
860Z200US92618,25417,985,15970,959,12402,817,3568,599,1238,322,2330,487,9447,965,6710,768,2737,502
860Z200US92620,21248,972,16508,925,13040,864,3468,487,1193,381,2275,390,4740,714,3286,683,1454,456
860Z200US92624,2829,262,2020,259,1580,255,440,195,161,138,279,140,809,223,534,178,275,143
860Z200US92625,5644,425,3254,292,2621,280,633,254,223,186,410,180,2390,396,2023,406,367,168
860Z200US92626,20024,845,11677,557,8800,575,2877,363,995,272,1882,285,8347,781,5857,741,2490,382
860Z200US92627,22511,693,13211,472,9362,564,3849,544,1199,283,2650,481,9300,639,6339,578,2961,407
860Z200US92629,11031,450,7345,382,5821,445,1524,332,349,161,1175,322,3686,468,2698,427,988,261
860Z200US92630,23277,680,16855,595,13754,657,3101,384,995,245,2106,300,6422,570,4494,529,1928,391
860Z200US92637,11706,350,4352,338,3743,333,609,147,68,58,541,131,7354,632,6691,635,663,189
860Z200US92646,21422,848,14919,677,11544,635,3375,508,1262,285,2113,433,6503,700,5247,646,1256,298
860Z200US92647,21550,787,13989,659,9477,590,4512,491,1481,405,3031,412,7561,743,5310,586,2251,443
860Z200US92648,20469,792,11179,719,8858,637,2321,433,789,250,1532,339,9290,822,6575,664,2715,444
860Z200US92649,14615,625,9494,623,7535,650,1959,373,755,213,1204,283,5121,491,3862,422,1259,271
860Z200US92651,11178,372,6344,354,5573,339,771,207,342,131,429,161,4834,530,3918,435,916,219
860Z200US92653,10547,475,7988,307,6150,449,1838,405,662,215,1176,359,2559,411,2063,387,496,197
860Z200US92655,2632,325,1880,285,1260,312,620,233,221,138,399,193,752,200,606,163,146,114
860Z200US92656,20378,604,13271,392,10573,465,2698,373,707,260,1991,316,7107,628,5688,596,1419,286
860Z200US92657,3632,263,2634,269,2213,257,421,171,69,70,352,161,998,253,696,197,302,164
860Z200US92660,15533,743,9274,565,7614,554,1660,351,459,195,1201,343,6259,742,4975,678,1284,274
860Z200US92661,1706,390,1037,335,920,334,117,82,52,67,65,46,669,274,586,275,83,53
860Z200US92662,1217,213,649,183,473,138,176,125,21,22,155,121,568,181,452,151,116,106
860Z200US92663,10233,699,4953,607,3860,502,1093,389,576,266,517,299,5280,629,3648,601,1632,402
860Z200US92672,15239,665,9403,578,8031,600,1372,300,437,164,935,274,5836,531,4345,453,1491,326
860Z200US92673,9634,435,7938,424,6999,478,939,225,254,128,685,204,1696,356,1134,262,562,223
860Z200US92675,12252,485,9270,416,7721,403,1549,405,465,194,1084,394,2982,500,2340,470,642,246
860Z200US92676,757,71,546,75,459,75,87,36,21,19,66,34,211,66,165,58,46,35
860Z200US92677,25670,643,18146,606,14547,613,3599,539,894,222,2705,481,7524,717,6033,665,1491,328
860Z200US92678,248,59,115,49,93,43,22,28,18,28,4,7,133,53,68,35,65,56
860Z200US92679,10601,495,9175,517,8074,487,1101,258,432,188,669,168,1426,249,1205,248,221,74
860Z200US92683,28133,670,21229,631,15066,667,6163,565,2143,309,4020,452,6904,518,5425,484,1479,286
860Z200US92688,15858,576,11706,466,9876,516,1830,302,548,160,1282,287,4152,538,3108,450,1044,249
860Z200US92691,15931,738,12138,605,10162,622,1976,283,728,198,1248,258,3793,416,2786,369,1007,262
860Z200US92692,17331,655,12957,529,11298,595,1659,324,604,200,1055,268,4374,457,3643,464,731,160
860Z200US92694,11915,497,9565,527,8000,431,1565,417,482,229,1083,377,2350,369,2019,347,331,137
860Z200US92697,0,14,0,14,0,14,0,14,0,14,0,14,0,14,0,14,0,14
860Z200US92701,13174,577,9864,478,6254,421,3610,452,1161,310,2449,344,3310,496,2440,473,870,291
860Z200US92703,14638,605,12249,566,7923,588,4326,430,1569,285,2757,382,2389,441,1585,413,804,205
860Z200US92704,20871,601,16732,608,10864,581,5868,476,2114,341,3754,417,4139,496,2596,391,1543,339
860Z200US92705,16187,825,12565,773,9797,722,2768,507,749,207,2019,498,3622,446,2743,386,879,240
860Z200US92706,10106,505,8123,506,5762,556,2361,379,578,137,1783,358,1983,277,1513,260,470,162
860Z200US92707,14575,737,11471,668,8054,610,3417,428,1072,230,2345,371,3104,424,1904,307,1200,269
860Z200US92708,18778,619,13570,489,10552,549,3018,449,1136,304,1882,271,5208,616,3870,524,1338,327
860Z200US92780,17935,673,12972,551,9224,500,3748,451,1205,246,2543,423,4963,541,3627,491,1336,310
860Z200US92782,11567,633,8045,666,6208,673,1837,439,601,232,1236,377,3522,524,2658,473,864,237
860Z200US92801,18753,834,13696,641,8365,524,5331,519,1722,345,3609,464,5057,621,3650,524,1407,303
860Z200US92802,12169,685,9073,595,5417,513,3656,546,1088,225,2568,464,3096,533,2246,521,850,223
860Z200US92804,24621,954,17784,814,11904,715,5880,678,1862,370,4018,543,6837,702,4960,608,1877,390
860Z200US92805,21897,806,15797,764,10376,752,5421,649,2071,471,3350,512,6100,689,4246,626,1854,415
860Z200US92806,12819,576,8750,561,6129,545,2621,413,995,306,1626,328,4069,522,2644,461,1425,328
860Z200US92807,12806,542,9430,569,7129,539,2301,360,737,190,1564,334,3376,391,2698,341,678,267
860Z200US92808,7661,595,5663,428,4844,431,819,235,316,114,503,184,1998,505,1564,407,434,289
860Z200US92821,14705,627,10594,510,8588,562,2006,354,446,153,1560,302,4111,628,3141,591,970,257
860Z200US92823,2082,345,1573,321,1178,205,395,240,63,75,332,230,509,197,422,173,87,72
860Z200US92831,13071,436,7768,460,5323,465,2445,328,760,219,1685,303,5303,486,3400,412,1903,328
860Z200US92832,8973,435,5755,433,3655,420,2100,390,939,318,1161,277,3218,377,2451,339,767,237
860Z200US92833,16721,594,13124,545,10019,614,3105,465,1116,314,1989,389,3597,519,2626,448,971,334
860Z200US92835,9228,476,6693,439,5738,469,955,222,251,104,704,194,2535,302,2107,315,428,130
860Z200US92840,15789,648,12340,615,7987,529,4353,581,1123,247,3230,522,3449,451,2336,382,1113,277
860Z200US92841,9809,516,7389,486,4804,446,2585,366,1064,272,1521,281,2420,307,1898,284,522,134
860Z200US92843,11747,536,9615,561,6492,527,3123,411,958,226,2165,376,2132,317,1482,272,650,177
860Z200US92844,6862,393,5124,410,3011,322,2113,340,952,258,1161,208,1738,350,1233,300,505,170
860Z200US92845,5802,300,4277,284,3207,250,1070,251,385,137,685,171,1525,235,1196,220,329,113
860Z200US92860,6641,269,5378,205,4349,266,1029,185,436,126,593,166,1263,168,1001,164,262,83
860Z200US92861,1924,160,1608,138,1440,137,168,71,92,57,76,42,316,106,224,97,92,61
860Z200US92865,6837,471,4685,336,3517,378,1168,251,451,156,717,197,2152,415,1152,337,1000,277
860Z200US92866,5621,399,3286,378,2102,342,1184,303,482,166,702,273,2335,435,1811,373,524,172
860Z200US92867,13511,458,10522,483,7936,482,2586,334,940,198,1646,258,2989,335,2025,258,964,242
860Z200US92868,8938,543,5467,542,3579,474,1888,424,401,203,1487,360,3471,400,2222,347,1249,321
860Z200US92869,11754,478,8881,446,6892,501,1989,299,704,215,1285,227,2873,428,2101,410,772,207
860Z200US92870,17182,492,13214,380,9737,440,3477,377,1252,257,2225,334,3968,497,3042,426,926,265
860Z200US92879,14826,583,11575,523,7971,494,3604,429,910,208,2694,332,3251,452,2567,423,684,189
860Z200US92880,20545,769,17676,704,14809,780,2867,443,1136,328,1731,308,2869,500,2198,431,671,217
860Z200US92881,9004,523,7796,569,5937,500,1859,385,554,238,1305,310,1208,228,968,205,240,125
860Z200US92882,20506,548,16456,660,12332,677,4124,459,1369,253,2755,383,4050,454,3175,380,875,261
860Z200US92883,12828,800,10001,635,8234,609,1767,359,517,201,1250,361,2827,558,2428,550,399,176
860Z200US92886,16781,463,13280,416,11516,448,1764,348,653,251,1111,240,3501,435,2793,371,708,241
860Z200US92887,6930,372,5855,369,4809,366,1046,246,436,164,610,197,1075,177,904,180,171,89
860Z200US93001,12967,611,7149,471,4872,427,2277,388,480,153,1797,374,5818,611,4219,557,1599,301
860Z200US93003,19786,572,12720,505,9335,514,3385,429,1289,291,2096,364,7066,506,5428,450,1638,277
860Z200US93004,11140,556,7860,475,6289,515,1571,285,558,161,1013,232,3280,425,2520,411,760,219
860Z200US93010,16445,590,11789,509,9110,460,2679,371,840,251,1839,325,4656,480,3803,421,853,200
860Z200US93012,13620,537,9399,632,7664,523,1735,386,340,109,1395,363,4221,426,2901,346,1320,350
860Z200US93013,6447,459,4251,348,3520,302,731,242,303,173,428,178,2196,370,1944,369,252,103
860Z200US93015,5841,351,4735,344,3527,402,1208,340,471,311,737,206,1106,307,951,295,155,96
860Z200US93021,11788,383,9455,387,7732,464,1723,304,662,238,1061,197,2333,295,1863,270,470,161
860Z200US93022,2185,197,1577,154,1294,160,283,107,131,86,152,71,608,175,458,135,150,113
860Z200US93023,8796,488,5592,494,4137,481,1455,317,423,191,1032,267,3204,472,2826,435,378,157
860Z200US93030,15204,622,12141,623,7945,626,4196,477,1607,287,2589,392,3063,429,2211,369,852,219
860Z200US93033,17047,512,14677,536,9232,556,5445,432,2006,301,3439,302,2370,305,1797,260,573,161
860Z200US93035,9653,628,6689,631,5240,394,1449,483,597,347,852,327,2964,348,2242,298,722,211
860Z200US93036,14569,553,11425,494,7413,435,4012,500,1228,347,2784,431,3144,444,2218,353,926,328
860Z200US93040,493,110,431,100,322,95,109,64,41,48,68,42,62,41,31,25,31,35
860Z200US93041,8160,510,5727,371,3798,415,1929,473,601,263,1328,433,2433,426,2010,359,423,176
860Z200US93042,0,14,0,14,0,14,0,14,0,14,0,14,0,14,0,14,0,14
860Z200US93043,0,14,0,14,0,14,0,14,0,14,0,14,0,14,0,14,0,14
860Z200US93060,10529,491,8285,398,5447,473,2838,333,759,183,2079,318,2244,410,1919,387,325,142
860Z200US93063,19850,728,14091,607,11041,563,3050,388,1096,256,1954,328,5759,601,4358,557,1401,295
860Z200US93064,0,14,0,14,0,14,0,14,0,14,0,14,0,14,0,14,0,14
860Z200US93065,25694,766,18059,704,14041,687,4018,445,1708,310,2310,361,7635,704,5942,671,1693,317
860Z200US93066,1092,152,862,146,734,143,128,57,71,41,57,44,230,95,155,66,75,49
860Z200US93067,506,143,218,123,195,125,23,36,23,36,0,14,288,141,150,122,138,152
860Z200US93101,12723,592,5971,556,3634,389,2337,439,748,381,1589,259,6752,505,4529,398,2223,363
860Z200US93103,7567,516,4930,530,3469,440,1461,386,453,168,1008,384,2637,394,1918,335,719,200
860Z200US93105,10490,530,5767,392,5008,401,759,162,212,94,547,155,4723,458,3620,418,1103,245
860Z200US93106,66,35,5,8,5,8,0,19,0,19,0,19,61,34,17,13,44,36
860Z200US93108,4618,342,3085,273,2713,267,372,137,35,24,337,137,1533,301,1326,294,207,64
860Z200US93109,4576,322,2359,215,1927,210,432,130,151,89,281,127,2217,287,1400,241,817,212
860Z200US93110,6314,541,4018,466,3176,386,842,278,188,115,654,255,2296,411,1834,370,462,175
860Z200US93111,6493,407,4487,402,3765,369,722,184,251,99,471,153,2006,294,1389,226,617,186
860Z200US93117,17272,583,8516,409,6182,389,2334,367,712,209,1622,310,8756,586,3591,367,5165,457
860Z200US93201,295,89,240,87,136,78,104,39,46,27,58,32,55,28,44,25,11,13
860Z200US93202,970,163,750,159,447,142,303,126,132,99,171,94,220,108,177,88,43,70
860Z200US93203,5052,213,4348,189,2732,217,1616,271,460,161,1156,221,704,186,608,174,96,66
860Z200US93204,2813,275,2578,274,1663,356,915,225,420,156,495,184,235,123,235,123,0,21
860Z200US93205,805,200,411,164,248,139,163,102,106,76,57,68,394,147,356,145,38,38
860Z200US93206,542,97,439,94,289,78,150,63,25,22,125,61,103,40,103,40,0,14
860Z200US93207,93,40,82,38,50,29,32,23,10,15,22,18,11,13,11,13,0,14
860Z200US93208,124,100,37,57,37,57,0,14,0,14,0,14,87,88,87,88,0,14
860Z200US93210,4528,323,3196,197,2184,255,1012,223,328,146,684,161,1332,319,1085,316,247,163
860Z200US93212,4450,280,3456,257,1907,295,1549,271,230,110,1319,242,994,268,818,253,176,101
860Z200US93215,12858,589,10914,492,7535,485,3379,343,1063,270,2316,313,1944,408,1533,365,411,172
860Z200US93218,146,51,136,50,81,33,55,36,8,9,47,34,10,14,10,14,0,14
860Z200US93219,2270,225,1982,238,1158,201,824,227,141,72,683,224,288,99,262,93,26,43
860Z200US93220,0,14,0,14,0,14,0,14,0,14,0,14,0,14,0,14,0,14
860Z200US93221,4779,340,3533,291,2222,309,1311,186,453,170,858,165,1246,265,1121,280,125,70
860Z200US93222,1336,240,756,229,698,216,58,66,38,63,20,25,580,133,336,110,244,110
860Z200US93223,2589,186,2236,160,1237,180,999,220,232,109,767,185,353,134,238,113,115,73
860Z200US93224,134,47,97,42,51,29,46,25,26,18,20,17,37,16,16,10,21,15
860Z200US93225,1960,265,1109,258,961,254,148,102,38,52,110,84,851,188,790,188,61,52
860Z200US93226,34,21,16,16,16,16,0,14,0,14,0,14,18,15,9,11,9,11
860Z200US93227,72,85,40,67,0,14,40,67,0,14,40,67,32,53,0,14,32,53
860Z200US93230,22591,562,16384,520,11107,633,5277,528,1757,299,3520,433,6207,637,4936,573,1271,325
860Z200US93234,1912,226,1353,131,814,212,539,180,220,147,319,131,559,257,501,241,58,71
860Z200US93235,1309,272,1153,296,544,150,609,306,404,265,205,126,156,110,97,66,59,85
860Z200US93237,69,67,13,16,12,14,1,5,0,14,1,5,56,66,56,66,0,14
860Z200US93238,581,178,182,126,182,126,0,14,0,14,0,14,399,156,339,139,60,76
860Z200US93239,577,234,438,193,321,186,117,81,34,44,83,66,139,159,125,161,14,23
860Z200US93240,2581,396,1515,383,801,264,714,310,127,82,587,302,1066,227,979,224,87,69
860Z200US93241,4332,364,3502,316,1895,272,1607,238,384,138,1223,234,830,304,583,276,247,137
860Z200US93242,964,211,626,132,449,116,177,86,43,43,134,77,338,172,316,167,22,31
860Z200US93243,419,187,245,178,207,175,38,45,6,9,32,44,174,85,100,71,74,66
860Z200US93244,61,41,41,30,41,30,0,14,0,14,0,14,20,26,20,26,0,14
860Z200US93245,11982,575,9414,557,6400,664,3014,543,1032,391,1982,368,2568,490,1908,432,660,249
860Z200US93246,0,14,0,14,0,14,0,14,0,14,0,14,0,14,0,14,0,14
860Z200US93247,5256,448,4283,357,2862,338,1421,283,378,149,1043,253,973,267,837,258,136,74
860Z200US93249,554,88,441,79,289,69,152,57,45,40,107,45,113,59,107,58,6,9
860Z200US93250,3903,329,3362,253,1941,279,1421,223,399,137,1022,211,541,213,469,205,72,46
860Z200US93251,75,23,59,21,40,17,19,14,2,3,17,13,16,9,12,8,4,4
860Z200US93252,540,97,325,78,258,74,67,29,19,12,48,26,215,66,135,43,80,55
860Z200US93254,275,61,184,51,125,49,59,34,28,21,31,25,91,42,70,35,21,23
860Z200US93255,214,113,137,117,70,75,67,84,50,80,17,25,77,76,29,45,48,66
860Z200US93256,1316,196,1184,199,758,173,426,154,169,90,257,129,132,77,110,76,22,25
860Z200US93257,23999,796,19018,678,11966,778,7052,647,2411,419,4641,557,4981,576,4064,496,917,273
860Z200US93258,372,87,289,73,180,68,109,50,24,29,85,44,83,56,79,55,4,5
860Z200US93260,66,40,37,28,37,28,0,14,0,14,0,14,29,23,13,11,16,20
860Z200US93261,513,64,443,64,180,55,263,60,71,43,192,56,70,37,61,35,9,13
860Z200US93262,0,14,0,14,0,14,0,14,0,14,0,14,0,14,0,14,0,14
860Z200US93263,6402,333,5477,253,3620,340,1857,291,689,209,1168,253,925,268,725,263,200,91
860Z200US93265,1229,186,831,158,722,146,109,65,42,35,67,56,398,145,353,145,45,42
860Z200US93266,358,120,248,93,120,64,128,77,38,46,90,58,110,69,74,59,36,41
860Z200US93267,1464,248,1253,268,899,249,354,116,124,82,230,88,211,110,167,103,44,42
860Z200US93268,5766,474,3977,429,2152,411,1825,402,937,362,888,260,1789,465,1461,411,328,207
860Z200US93270,1577,215,1308,232,751,201,557,198,379,181,178,102,269,113,210,101,59,37
860Z200US93271,1098,263,677,241,485,100,192,222,160,223,32,24,421,100,373,101,48,50
860Z200US93272,999,181,822,168,597,158,225,118,102,81,123,60,177,106,92,52,85,101
860Z200US93274,23483,653,18786,603,12411,697,6375,575,2135,390,4240,519,4697,511,3556,441,1141,289
860Z200US93276,59,25,39,22,13,11,26,16,7,8,19,15,20,16,20,16,0,14
860Z200US93277,18504,683,13740,717,8942,648,4798,547,1191,307,3607,457,4764,464,3600,417,1164,279
860Z200US93280,6619,430,5483,386,3401,403,2082,364,828,251,1254,262,1136,242,1034,234,102,67
860Z200US93283,1091,282,735,267,389,165,346,219,59,76,287,213,356,117,210,85,146,99
860Z200US93285,1561,237,822,244,489,190,333,173,67,56,266,166,739,214,566,183,173,122
860Z200US93286,3031,247,2611,217,1826,236,785,159,212,84,573,140,420,168,307,131,113,98
860Z200US93287,60,31,13,10,9,7,4,6,0,14,4,6,47,29,27,21,20,23
860Z200US93291,19241,822,14387,746,9727,648,4660,621,1477,393,3183,557,4854,700,4072,713,782,222
860Z200US93292,14612,769,11415,677,7769,756,3646,533,1512,347,2134,419,3197,452,2371,390,826,212
860Z200US93301,5690,465,2813,391,1383,298,1430,247,342,159,1088,226,2877,414,2302,291,575,292
860Z200US93304,15503,788,10943,585,5170,513,5773,513,1856,371,3917,446,4560,612,3729,587,831,254
860Z200US93305,11227,550,7727,598,3684,484,4043,450,1161,296,2882,433,3500,380,2705,365,795,196
860Z200US93306,22736,699,17423,665,10992,706,6431,572,2411,451,4020,523,5313,489,4249,460,1064,259
860Z200US93307,23173,796,18693,685,10628,671,8065,695,2899,398,5166,577,4480,630,3191,438,1289,397
860Z200US93308,20027,843,13068,871,8310,678,4758,666,1652,487,3106,466,6959,616,5558,648,1401,339
860Z200US93309,22453,879,15316,784,8814,728,6502,637,2145,443,4357,507,7137,743,5644,570,1493,364
860Z200US93311,17589,921,13838,887,10187,778,3651,712,1293,401,2358,532,3751,469,2953,427,798,283
860Z200US93312,18330,711,14614,687,11867,612,2747,432,795,253,1952,360,3716,417,2898,365,818,244
860Z200US93313,16917,992,14483,918,10481,915,4002,638,1026,309,2976,581,2434,411,1592,333,842,351
860Z200US93314,10979,601,8988,605,7219,600,1769,417,622,236,1147,347,1991,420,1517,381,474,190
860Z200US93401,13522,569,6491,439,5204,387,1287,201,381,110,906,186,7031,596,4479,502,2552,377
860Z200US93402,6007,454,3855,251,3079,274,776,189,181,84,595,179,2152,350,1674,355,478,151
860Z200US93405,8883,522,3139,333,2335,283,804,257,273,138,531,203,5744,506,2077,302,3667,431
860Z200US93407,0,14,0,14,0,14,0,14,0,14,0,14,0,14,0,14,0,14
860Z200US93408,0,14,0,14,0,14,0,14,0,14,0,14,0,14,0,14,0,14
860Z200US93409,0,14,0,14,0,14,0,14,0,14,0,14,0,14,0,14,0,14
860Z200US93410,14,21,0,19,0,19,0,19,0,19,0,19,14,21,14,21,0,19
860Z200US93420,12672,662,8895,509,7772,527,1123,315,244,116,879,278,3777,567,3073,505,704,284
860Z200US93422,12895,479,8760,410,6707,450,2053,434,777,359,1276,307,4135,541,3353,469,782,210
860Z200US93424,456,239,332,204,332,204,0,14,0,14,0,14,124,99,90,82,34,55
860Z200US93426,598,112,419,106,338,96,81,47,10,11,71,44,179,63,164,60,15,13
860Z200US93427,2178,222,1617,147,1114,241,503,197,116,100,387,190,561,197,454,186,107,68
860Z200US93428,2974,243,1768,207,1600,215,168,69,54,49,114,52,1206,219,1023,218,183,94
860Z200US93429,58,41,39,35,23,39,16,22,16,22,0,14,19,23,11,17,8,15
860Z200US93430,1571,231,943,213,798,215,145,70,38,31,107,63,628,174,439,145,189,110
860Z200US93432,377,145,322,134,246,119,76,86,66,83,10,19,55,68,44,65,11,18
860Z200US93433,4945,299,3386,264,2064,237,1322,312,489,217,833,255,1559,317,1085,279,474,183
860Z200US93434,2111,171,1792,141,1130,196,662,171,322,131,340,114,319,137,266,118,53,44
860Z200US93436,18468,519,12944,441,8682,528,4262,495,1727,397,2535,347,5524,490,4497,479,1027,242
860Z200US93437,1138,171,907,177,816,163,91,45,20,22,71,40,231,81,174,62,57,60
860Z200US93440,542,175,351,160,248,138,103,87,0,14,103,87,191,93,191,93,0,14
860Z200US93441,499,102,371,95,325,102,46,43,0,14,46,43,128,68,126,67,2,6
860Z200US93442,5433,332,3178,257,2662,260,516,144,142,80,374,116,2255,385,1910,359,345,124
860Z200US93444,7776,470,5817,457,4726,451,1091,273,229,111,862,274,1959,338,1527,327,432,189
860Z200US93445,2874,392,1558,243,1084,241,474,107,121,92,353,113,1316,395,1043,392,273,130
860Z200US93446,17461,695,12296,526,9259,524,3037,460,800,286,2237,412,5165,517,3962,521,1203,273
860Z200US93449,4129,196,2240,213,1920,203,320,111,152,94,168,84,1889,279,1341,235,548,245
860Z200US93450,172,75,138,72,90,65,48,33,27,28,21,19,34,27,34,27,0,14
860Z200US93451,1663,252,1333,261,1104,264,229,104,48,44,181,95,330,114,219,89,111,71
860Z200US93452,128,88,67,52,67,52,0,14,0,14,0,14,61,65,61,65,0,14
860Z200US93453,1189,415,663,212,531,235,132,81,31,38,101,70,526,364,408,329,118,138
860Z200US93454,12050,496,8643,452,5592,522,3051,427,972,259,2079,367,3407,415,2671,382,736,307
860Z200US93455,15476,512,11334,491,9116,556,2218,330,709,212,1509,273,4142,417,3429,377,713,203
860Z200US93458,14085,559,11835,607,6959,578,4876,578,1703,334,3173,467,2250,320,1748,251,502,181
860Z200US93460,2208,253,1441,233,1095,222,346,147,202,124,144,84,767,195,538,129,229,121
860Z200US93461,463,137,332,105,280,95,52,39,0,14,52,39,131,87,46,34,85,83
860Z200US93463,3535,334,1962,194,1521,199,441,124,92,53,349,112,1573,366,1148,322,425,172
860Z200US93465,4130,410,3276,391,2370,418,906,261,282,190,624,224,854,226,644,191,210,130
860Z200US93501,2186,278,1342,252,818,238,524,176,45,43,479,165,844,168,718,153,126,85
860Z200US93505,4579,315,2880,244,1781,264,1099,283,506,184,593,216,1699,345,1473,315,226,129
860Z200US93510,2580,222,1962,228,1599,208,363,126,108,71,255,120,618,186,535,181,83,56
860Z200US93512,152,113,117,111,9,10,108,111,83,109,25,21,35,35,35,35,0,14
860Z200US93513,687,102,404,84,292,65,112,40,45,25,67,31,283,74,257,76,26,16
860Z200US93514,6213,311,3615,295,2707,268,908,194,213,92,695,172,2598,342,2199,360,399,147
860Z200US93516,1000,250,523,94,349,92,174,64,48,43,126,59,477,230,342,187,135,132
860Z200US93517,163,123,44,52,35,51,9,9,4,7,5,6,119,107,119,107,0,14
860Z200US93518,496,95,319,65,282,59,37,23,5,8,32,23,177,67,170,66,7,8
860Z200US93519,6,14,6,14,0,14,6,14,0,14,6,14,0,14,0,14,0,14
860Z200US93522,34,42,29,41,29,41,0,14,0,14,0,14,5,7,5,7,0,14
860Z200US93523,1238,190,953,162,669,134,284,141,99,85,185,99,285,105,218,97,67,43
860Z200US93524,0,14,0,14,0,14,0,14,0,14,0,14,0,14,0,14,0,14
860Z200US93526,337,72,182,56,131,48,51,31,17,18,34,24,155,56,140,56,15,10
860Z200US93527,812,140,590,151,418,155,172,98,34,36,138,94,222,98,206,94,16,21
860Z200US93528,33,35,33,35,17,25,16,24,16,24,0,14,0,14,0,14,0,14
860Z200US93529,116,80,98,74,79,64,19,31,0,14,19,31,18,26,18,26,0,14
860Z200US93530,28,36,0,14,0,14,0,14,0,14,0,14,28,36,28,36,0,14
860Z200US93531,196,90,152,82,152,82,0,14,0,14,0,14,44,42,25,32,19,27
860Z200US93532,1019,164,654,174,523,157,131,98,34,33,97,93,365,114,198,93,167,87
860Z200US93534,14947,654,8686,605,4604,493,4082,566,1130,335,2952,475,6261,700,5073,651,1188,273
860Z200US93535,22796,790,17709,787,10590,730,7119,587,1954,365,5165,558,5087,741,4302,719,785,233
860Z200US93536,23147,715,16722,701,11799,690,4923,575,1876,427,3047,406,6425,609,5183,598,1242,293
860Z200US93541,292,140,292,140,292,140,0,14,0,14,0,14,0,14,0,14,0,14
860Z200US93543,3572,441,2720,364,2061,365,659,218,156,120,503,187,852,310,649,218,203,201
860Z200US93544,436,161,252,107,221,95,31,42,0,14,31,42,184,114,184,114,0,14
860Z200US93545,706,149,346,122,169,72,177,107,40,39,137,106,360,134,333,134,27,24
860Z200US93546,4054,344,2432,360,1982,366,450,222,370,203,80,91,1622,425,1248,387,374,221
860Z200US93549,113,56,47,39,47,39,0,14,0,14,0,14,66,43,66,43,0,14
860Z200US93550,22788,658,17910,530,9928,572,7982,473,2020,298,5962,446,4878,613,3612,507,1266,414
860Z200US93551,16782,677,13521,568,10531,640,2990,446,812,215,2178,370,3261,413,2674,410,587,220
860Z200US93552,10959,615,9279,575,6114,474,3165,592,1245,482,1920,315,1680,331,1352,307,328,163
860Z200US93553,554,185,376,152,317,150,59,61,0,14,59,61,178,96,162,91,16,28
860Z200US93554,10,16,10,16,10,16,0,14,0,14,0,14,0,14,0,14,0,14
860Z200US93555,13537,581,8363,451,6243,447,2120,336,813,206,1307,303,5174,598,4409,566,765,216
860Z200US93558,0,14,0,14,0,14,0,14,0,14,0,14,0,14,0,14,0,14
860Z200US93560,7013,344,5294,324,3619,295,1675,287,390,148,1285,273,1719,303,1339,249,380,183
860Z200US93561,12394,731,8430,648,6421,606,2009,403,595,252,1414,360,3964,520,3239,501,725,195
860Z200US93562,671,109,443,105,334,104,109,46,66,38,43,28,228,62,189,58,39,28
860Z200US93563,31,39,25,39,25,39,0,14,0,14,0,14,6,8,6,8,0,14
860Z200US93581,0,14,0,14,0,14,0,14,0,14,0,14,0,14,0,14,0,14
860Z200US93591,1878,217,1575,224,1031,182,544,195,311,175,233,121,303,99,222,101,81,68
860Z200US93601,702,212,552,225,337,115,215,196,93,137,122,122,150,92,150,92,0,14
860Z200US93602,1190,195,983,190,842,196,141,71,82,63,59,38,207,72,170,65,37,41
860Z200US93603,88,59,48,59,48,59,0,14,0,14,0,14,40,33,35,30,5,8
860Z200US93604,264,119,209,113,153,99,56,58,0,14,56,58,55,51,55,51,0,14
860Z200US93605,30,22,23,21,23,21,0,14,0,14,0,14,7,7,7,7,0,14
860Z200US93606,253,79,218,81,176,81,42,35,14,21,28,33,35,30,35,30,0,14
860Z200US93608,224,108,159,88,115,82,44,43,0,14,44,43,65,60,65,60,0,14
860Z200US93609,1218,170,1044,168,809,174,235,103,187,99,48,33,174,80,166,79,8,13
860Z200US93610,5660,450,3886,272,2463,302,1423,205,493,153,930,169,1774,340,1509,326,265,105
860Z200US93611,15797,686,12443,671,9922,590,2521,396,611,217,1910,346,3354,331,2700,349,654,189
860Z200US93612,13905,673,8919,575,5162,454,3757,553,1066,270,2691,561,4986,614,3823,490,1163,297
860Z200US93614,4219,330,2818,309,2112,290,706,185,213,101,493,165,1401,256,1062,257,339,146
860Z200US93615,1525,165,1276,183,799,201,477,168,131,108,346,155,249,105,213,100,36,44
860Z200US93616,687,132,582,136,252,67,330,123,0,14,330,123,105,60,83,62,22,28
860Z200US93618,8476,465,7287,396,4252,334,3035,362,802,209,2233,351,1189,257,907,243,282,147
860Z200US93619,17327,658,13837,651,11240,661,2597,497,847,254,1750,414,3490,461,2750,386,740,252
860Z200US93620,3532,340,2305,262,1398,237,907,211,328,158,579,186,1227,361,1160,354,67,57
860Z200US93621,152,119,115,112,105,109,10,19,10,19,0,14,37,47,37,47,0,14
860Z200US93622,2670,260,2245,206,1402,206,843,202,239,118,604,199,425,160,329,165,96,73
860Z200US93623,0,14,0,14,0,14,0,14,0,14,0,14,0,14,0,14,0,14
860Z200US93624,192,97,127,75,104,75,23,21,9,14,14,15,65,56,65,56,0,14
860Z200US93625,2748,280,2094,236,1595,248,499,140,192,96,307,124,654,193,654,193,0,19
860Z200US93626,1212,204,1013,191,888,186,125,77,0,14,125,77,199,105,158,95,41,49
860Z200US93627,111,88,111,88,107,88,4,7,0,14,4,7,0,14,0,14,0,14
860Z200US93628,204,228,26,42,26,42,0,14,0,14,0,14,178,228,178,228,0,14
860Z200US93630,6470,466,4762,338,3264,355,1498,309,396,165,1102,278,1708,520,1300,408,408,386
860Z200US93631,5842,542,4222,380,3049,375,1173,208,275,115,898,199,1620,325,1437,312,183,104
860Z200US93633,31,49,0,14,0,14,0,14,0,14,0,14,31,49,31,49,0,14
860Z200US93634,7,11,2,5,2,5,0,14,0,14,0,14,5,9,5,9,0,14
860Z200US93635,14274,774,10368,533,7410,593,2958,471,1107,316,1851,331,3906,743,3302,660,604,236
860Z200US93636,4794,379,3804,383,3298,354,506,165,170,96,336,132,990,199,751,189,239,121
860Z200US93637,12213,491,9538,529,6000,570,3538,497,1036,273,2502,399,2675,371,2236,365,439,169
860Z200US93638,12030,510,9830,525,5904,501,3926,442,1451,285,2475,349,2200,336,1513,309,687,202
860Z200US93640,3570,261,2741,181,1567,248,1174,226,399,149,775,191,829,251,558,226,271,131
860Z200US93641,228,100,88,64,70,63,18,22,0,14,18,22,140,102,93,83,47,57
860Z200US93643,1287,190,832,193,674,188,158,95,86,73,72,62,455,160,351,150,104,88
860Z200US93644,2899,305,1818,236,1308,200,510,190,160,99,350,171,1081,234,710,170,371,204
860Z200US93645,251,174,197,155,181,151,16,28,16,28,0,14,54,83,54,83,0,14
860Z200US93646,2600,160,2210,169,1280,166,930,196,184,106,746,174,390,157,287,124,103,96
860Z200US93647,2835,347,2585,364,1400,259,1185,342,220,84,965,331,250,101,165,88,85,64
860Z200US93648,3841,255,3308,241,1763,281,1545,234,469,169,1076,196,533,180,340,150,193,109
860Z200US93650,1060,185,723,188,318,91,405,178,84,66,321,165,337,141,239,119,98,86
860Z200US93651,561,161,384,135,274,131,110,63,21,24,89,61,177,113,177,113,0,14
860Z200US93652,68,37,49,22,32,18,17,18,5,8,12,16,19,29,19,29,0,14
860Z200US93653,467,114,390,110,327,112,63,30,20,18,43,31,77,37,48,29,29,22
860Z200US93654,9168,433,7468,369,4907,400,2561,395,834,266,1727,340,1700,341,1438,307,262,120
860Z200US93656,1690,229,1529,246,1113,271,416,144,192,109,224,110,161,104,87,80,74,75
860Z200US93657,10492,475,8492,360,5639,402,2853,348,1152,280,1701,303,2000,329,1678,316,322,143
860Z200US93660,1078,163,878,131,610,118,268,100,62,52,206,92,200,111,143,81,57,62
860Z200US93662,8880,530,6668,331,3907,392,2761,371,834,292,1927,282,2212,486,1865,439,347,191
860Z200US93664,188,66,136,56,131,56,5,8,0,14,5,8,52,34,52,34,0,14
860Z200US93665,44,69,44,69,0,14,44,69,0,14,44,69,0,14,0,14,0,14
860Z200US93666,158,42,124,38,65,30,59,28,11,14,48,24,34,22,11,13,23,20
860Z200US93667,795,123,544,110,410,101,134,63,49,41,85,56,251,88,227,79,24,30
860Z200US93668,258,132,236,129,173,116,63,60,23,37,40,48,22,34,22,34,0,14
860Z200US93669,84,78,84,78,52,71,32,33,0,14,32,33,0,14,0,14,0,14
860Z200US93670,0,14,0,14,0,14,0,14,0,14,0,14,0,14,0,14,0,14
860Z200US93673,108,36,99,35,61,24,38,23,26,21,12,13,9,11,9,11,0,14
860Z200US93675,1170,254,970,244,767,215,203,131,30,38,173,131,200,88,173,85,27,27
860Z200US93701,3493,421,1932,274,1020,243,912,187,218,76,694,177,1561,358,1232,356,329,116
860Z200US93702,12725,562,9211,546,4588,429,4623,562,1397,298,3226,480,3514,511,3010,465,504,237
860Z200US93703,10398,577,6654,445,3136,336,3518,392,1198,246,2320,327,3744,623,2966,582,778,315
860Z200US93704,11694,728,6811,712,4627,547,2184,406,819,294,1365,300,4883,460,3869,436,1014,214
860Z200US93705,12849,518,8758,545,4260,458,4498,457,1635,387,2863,365,4091,495,3348,409,743,236
860Z200US93706,11806,568,8001,485,3898,380,4103,350,1319,254,2784,254,3805,488,2994,483,811,210
860Z200US93710,12046,726,7087,660,4299,475,2788,508,789,272,1999,417,4959,499,3239,383,1720,368
860Z200US93711,16246,776,9735,598,7856,579,1879,320,638,224,1241,258,6511,615,5123,561,1388,341
860Z200US93720,18631,726,12645,723,9094,739,3551,547,1143,279,2408,473,5986,651,4482,620,1504,256
860Z200US93721,2327,343,535,145,272,74,263,138,80,77,183,96,1792,318,1533,301,259,125
860Z200US93722,26888,932,19919,940,12562,882,7357,774,2535,540,4822,631,6969,712,5584,690,1385,353
860Z200US93723,3924,291,3340,362,2844,396,496,181,264,141,232,110,584,195,495,187,89,66
860Z200US93725,6647,491,5298,438,3282,329,2016,339,802,253,1214,242,1349,289,899,209,450,244
860Z200US93726,14858,565,9237,561,5026,475,4211,530,1486,387,2725,448,5621,550,4528,565,1093,284
860Z200US93727,24939,741,19253,708,12377,685,6876,608,2303,391,4573,609,5686,561,4358,446,1328,325
860Z200US93728,6527,449,3892,412,2252,318,1640,366,571,218,1069,318,2635,375,1881,362,754,204
860Z200US93730,5150,433,3996,440,3396,412,600,231,313,152,287,154,1154,258,955,245,199,116
860Z200US93737,2088,298,1778,255,1294,292,484,196,117,121,367,153,310,196,189,150,121,90
860Z200US93740,0,14,0,14,0,14,0,14,0,14,0,14,0,14,0,14,0,14
860Z200US93741,72,109,0,14,0,14,0,14,0,14,0,14,72,109,72,109,0,14
860Z200US93901,10654,483,7294,444,5044,432,2250,339,752,183,1498,320,3360,410,2743,394,617,162
860Z200US93905,14150,440,12792,466,6909,516,5883,511,1865,360,4018,512,1358,250,1067,235,291,107
860Z200US93906,17842,551,13954,601,8648,656,5306,566,2053,425,3253,420,3888,566,2805,496,1083,306
860Z200US93907,7238,419,5547,438,4216,413,1331,252,538,198,793,185,1691,286,1116,219,575,215
860Z200US93908,4385,315,3497,300,2819,243,678,241,260,189,418,140,888,209,709,153,179,144
860Z200US93920,449,129,238,122,223,122,15,16,2,3,13,15,211,90,143,80,68,52
860Z200US93921,1336,394,728,231,705,229,23,37,0,14,23,37,608,294,572,286,36,42
860Z200US93923,5427,342,3371,338,2935,331,436,119,76,42,360,111,2056,254,1644,242,412,125
860Z200US93924,2641,310,1758,287,1512,272,246,128,34,35,212,124,883,204,704,202,179,75
860Z200US93925,337,106,295,92,175,73,120,66,35,36,85,50,42,48,23,27,19,37
860Z200US93926,2355,226,2045,199,1268,215,777,211,258,151,519,186,310,116,256,102,54,56
860Z200US93927,4856,300,4274,269,2735,326,1539,228,499,176,1040,232,582,176,414,139,168,105
860Z200US93928,0,14,0,14,0,14,0,14,0,14,0,14,0,14,0,14,0,14
860Z200US93930,4364,423,3676,423,2450,326,1226,342,497,289,729,172,688,192,553,177,135,75
860Z200US93932,158,73,132,70,120,69,12,12,5,8,7,9,26,24,26,24,0,14
860Z200US93933,9707,450,6450,369,4640,370,1810,251,409,142,1401,215,3257,353,2067,285,1190,232
860Z200US93940,14028,491,7593,349,6233,402,1360,282,559,184,801,235,6435,596,4831,562,1604,278
860Z200US93943,5,9,5,9,5,9,0,14,0,14,0,14,0,14,0,14,0,14
860Z200US93944,5,7,0,14,0,14,0,14,0,14,0,14,5,7,5,7,0,14
860Z200US93950,6992,220,4142,221,3257,233,885,159,247,72,638,138,2850,307,2362,263,488,132
860Z200US93953,1672,217,1080,142,994,141,86,51,54,33,32,30,592,214,532,214,60,35
860Z200US93954,48,32,46,32,17,16,29,28,7,10,22,23,2,5,2,5,0,14
860Z200US93955,10579,453,7068,440,4901,444,2167,267,723,182,1444,215,3511,421,2354,336,1157,282
860Z200US93960,5161,261,4505,284,3401,264,1104,286,314,150,790,248,656,192,523,166,133,79
860Z200US93962,99,71,58,51,58,51,0,14,0,14,0,14,41,48,11,17,30,45
860Z200US94002,10567,295,7026,313,6289,300,737,160,263,98,474,143,3541,431,2606,384,935,280
860Z200US94005,1912,249,1080,142,778,167,302,131,124,97,178,98,832,299,643,288,189,118
860Z200US94010,16317,460,10772,362,9118,480,1654,309,609,193,1045,237,5545,589,4544,554,1001,230
860Z200US94014,14101,551,9786,492,6709,540,3077,412,644,170,2433,395,4315,564,3126,527,1189,244
860Z200US94015,20350,746,14968,634,10774,735,4194,494,1401,265,2793,419,5382,655,3935,555,1447,386
860Z200US94018,1563,313,1275,337,1008,328,267,121,100,106,167,130,288,158,273,162,15,25
860Z200US94019,5221,424,3358,312,2787,318,571,175,315,139,256,95,1863,357,1582,349,281,162
860Z200US94020,829,257,476,158,476,158,0,14,0,14,0,14,353,205,297,200,56,46
860Z200US94021,128,92,99,88,86,87,13,19,0,14,13,19,29,31,29,31,0,14
860Z200US94022,7275,297,5774,308,4984,318,790,247,298,140,492,226,1501,203,1133,172,368,110
860Z200US94024,7938,374,6764,311,6046,305,718,175,216,112,502,172,1174,214,1054,208,120,54
860Z200US94025,14619,478,9673,414,8351,433,1322,298,372,137,950,260,4946,465,3847,415,1099,221
860Z200US94027,2236,129,1781,115,1651,123,130,58,75,40,55,37,455,129,347,115,108,58
860Z200US94028,2637,260,1866,181,1774,173,92,91,44,72,48,55,771,226,679,228,92,58
860Z200US94030,8121,332,5544,266,4419,281,1125,223,305,104,820,199,2577,388,2026,344,551,170
860Z200US94037,1003,231,715,215,589,231,126,112,126,112,0,14,288,129,219,121,69,60
860Z200US94038,915,200,644,175,533,179,111,79,38,39,73,69,271,141,197,133,74,62
860Z200US94040,15754,541,8420,498,6886,474,1534,258,434,173,1100,234,7334,604,5676,494,1658,372
860Z200US94041,6960,400,3661,379,2836,381,825,232,316,144,509,207,3299,389,2500,393,799,227
860Z200US94043,13369,616,7499,427,6273,406,1226,243,471,135,755,209,5870,609,3804,412,2066,375
860Z200US94044,13928,384,9504,391,7660,493,1844,266,567,169,1277,237,4424,443,3293,344,1131,226
860Z200US94060,362,131,287,129,239,107,48,82,0,14,48,82,75,47,46,37,29,32
860Z200US94061,12805,567,9115,566,6893,498,2222,375,725,285,1497,295,3690,425,2705,393,985,218
860Z200US94062,9729,524,6815,445,6133,454,682,170,320,135,362,96,2914,414,2204,366,710,190
860Z200US94063,11427,433,6857,416,4845,367,2012,295,759,230,1253,229,4570,437,3217,332,1353,258
860Z200US94065,4569,270,3176,249,2769,271,407,111,95,61,312,98,1393,223,1139,211,254,95
860Z200US94066,15224,591,9849,449,7678,466,2171,345,690,204,1481,280,5375,549,3905,514,1470,318
860Z200US94070,11279,318,8485,281,7221,362,1264,251,323,120,941,191,2794,349,2299,328,495,145
860Z200US94074,35,30,23,24,23,24,0,14,0,14,0,14,12,19,12,19,0,14
860Z200US94080,21966,670,15704,519,11511,606,4193,541,1390,332,2803,435,6262,626,4678,562,1584,297
860Z200US94085,9631,650,5330,489,4158,361,1172,311,307,129,865,289,4301,466,2557,421,1744,318
860Z200US94086,20832,722,11441,555,9464,599,1977,356,577,195,1400,329,9391,643,6176,581,3215,429
860Z200US94087,20612,744,15151,548,13018,592,2133,387,665,196,1468,339,5461,599,4239,462,1222,348
860Z200US94089,9218,534,5114,423,3931,412,1183,271,438,187,745,221,4104,552,2719,413,1385,465
860Z200US94102,19935,969,4872,552,3539,484,1333,346,667,284,666,209,15063,956,12577,1049,2486,429
860Z200US94103,17952,856,5550,604,3839,540,1711,373,517,197,1194,292,12402,759,9319,814,3083,448
860Z200US94104,260,120,123,67,99,68,24,26,4,6,20,25,137,98,100,84,37,56
860Z200US94105,8300,781,2854,571,2378,532,476,207,153,101,323,174,5446,714,4208,677,1238,364
860Z200US94107,16451,1002,5985,651,4855,652,1130,233,128,74,1002,211,10466,852,7523,841,2943,423
860Z200US94108,6471,436,2310,327,1694,287,616,169,251,132,365,145,4161,414,3606,405,555,182
860Z200US94109,31491,1190,8656,650,6879,500,1777,371,533,176,1244,319,22835,1032,17651,962,5184,631
860Z200US94110,27208,991,13180,795,9466,651,3714,483,1365,314,2349,352,14028,814,9034,713,4994,507
860Z200US94111,2432,309,1082,213,847,151,235,143,52,66,183,128,1350,245,1152,225,198,97
860Z200US94112,23225,670,17164,592,11807,616,5357,509,1818,351,3539,417,6061,528,3808,438,2253,308
860Z200US94114,16856,661,6256,393,5467,382,789,153,285,109,504,126,10600,711,6757,635,3843,467
860Z200US94115,16956,694,5465,474,4276,402,1189,269,255,135,934,246,11491,559,8903,608,2588,347
860Z200US94116,15476,738,11175,722,8936,612,2239,412,486,171,1753,372,4301,540,2944,486,1357,334
860Z200US94117,17567,766,5784,609,4696,559,1088,304,568,268,520,190,11783,690,6599,469,5184,589
860Z200US94118,17130,795,8334,634,6487,633,1847,337,504,169,1343,329,8796,678,6340,664,2456,355
860Z200US94121,18206,647,10066,521,7995,491,2071,348,844,174,1227,279,8140,580,6002,543,2138,340
860Z200US94122,22354,870,12891,821,9739,584,3152,539,1157,251,1995,453,9463,651,6476,560,2987,472
860Z200US94123,12605,668,4291,408,3711,375,580,201,315,176,265,108,8314,607,5912,502,2402,396
860Z200US94124,10995,532,7809,500,4211,374,3598,433,635,175,2963,423,3186,426,2587,393,599,163
860Z200US94127,7390,601,5298,500,4643,503,655,187,185,99,470,156,2092,372,1508,308,584,234
860Z200US94128,0,14,0,14,0,14,0,14,0,14,0,14,0,14,0,14,0,14
860Z200US94129,1337,153,737,184,524,153,213,134,33,31,180,131,600,132,294,93,306,120
860Z200US94130,616,101,278,77,124,57,154,67,34,28,120,61,338,102,192,79,146,80
860Z200US94131,12522,591,6682,467,5604,437,1078,262,231,115,847,228,5840,484,3990,459,1850,269
860Z200US94132,10533,684,5490,425,3857,410,1633,285,291,101,1342,272,5043,683,3766,667,1277,261
860Z200US94133,12653,691,4948,523,3641,463,1307,275,558,189,749,219,7705,641,5897,640,1808,278
860Z200US94134,12262,629,8811,549,6144,531,2667,332,1069,244,1598,275,3451,535,2561,482,890,193
860Z200US94158,4861,398,2449,314,2227,330,222,119,48,57,174,105,2412,368,1639,351,773,209
860Z200US94188,0,14,0,14,0,14,0,14,0,14,0,14,0,14,0,14,0,14
860Z200US94301,7167,434,4416,322,3746,335,670,173,153,78,517,156,2751,363,2278,314,473,159
860Z200US94303,14466,564,10785,536,7990,517,2795,367,983,235,1812,330,3681,580,2576,437,1105,303
860Z200US94304,2218,263,1229,221,1080,204,149,95,0,19,149,95,989,185,812,159,177,81
860Z200US94305,3264,424,1242,290,1085,275,157,99,112,91,45,25,2022,303,1388,265,634,190
860Z200US94306,10640,499,7083,416,6102,401,981,211,224,116,757,178,3557,454,2692,358,865,296
860Z200US94401,13026,609,7831,479,5215,483,2616,473,871,232,1745,392,5195,614,3922,597,1273,228
860Z200US94402,10125,544,6473,389,5425,324,1048,191,270,120,778,167,3652,447,2908,425,744,192
860Z200US94403,16414,531,10949,526,9063,540,1886,282,625,194,1261,258,5465,468,4235,446,1230,234
860Z200US94404,14717,353,9493,278,7812,389,1681,321,422,128,1259,289,5224,372,3960,407,1264,240
860Z200US94501,25208,803,15616,534,11924,674,3692,425,900,254,2792,385,9592,802,7231,767,2361,354
860Z200US94502,4780,381,3866,315,3193,352,673,194,240,147,433,138,914,270,785,275,129,79
860Z200US94503,6063,270,5078,224,3516,309,1562,295,373,132,1189,260,985,191,667,165,318,116
860Z200US94505,5446,382,4068,352,3306,269,762,292,159,155,603,254,1378,250,1054,224,324,130
860Z200US94506,9185,604,7797,538,7124,526,673,206,72,45,601,204,1388,358,1065,301,323,191
860Z200US94507,5098,378,4313,382,3976,371,337,164,140,79,197,139,785,166,640,145,145,85
860Z200US94508,1034,161,714,132,602,129,112,46,20,23,92,44,320,102,230,95,90,67
860Z200US94509,23476,799,17178,861,10693,830,6485,641,1711,408,4774,570,6298,981,4520,747,1778,499
860Z200US94510,11051,453,6961,323,5060,309,1901,297,549,205,1352,243,4090,518,3459,518,631,170
860Z200US94511,863,264,475,199,378,203,97,148,0,14,97,148,388,243,191,170,197,170
860Z200US94512,88,88,57,78,0,14,57,78,57,78,0,14,31,34,31,34,0,14
860Z200US94513,22390,635,17975,574,14837,660,3138,454,855,265,2283,362,4415,491,3565,420,850,339
860Z200US94514,576,148,415,166,235,79,180,137,75,99,105,105,161,71,66,58,95,51
860Z200US94515,2615,295,1577,171,1287,203,290,106,91,86,199,84,1038,236,799,232,239,124
860Z200US94516,76,40,56,35,54,35,2,4,1,2,1,3,20,19,19,18,1,2
860Z200US94517,4511,266,3483,204,2721,202,762,216,245,151,517,180,1028,235,899,221,129,84
860Z200US94518,10124,592,6753,490,4700,456,2053,389,545,213,1508,350,3371,468,2452,396,919,282
860Z200US94519,7043,479,4829,307,3533,372,1296,280,489,210,807,234,2214,440,1457,399,757,295
860Z200US94520,13721,543,8465,557,6278,550,2187,326,687,204,1500,256,5256,564,3934,531,1322,294
860Z200US94521,15938,660,11026,570,8363,516,2663,392,785,216,1878,315,4912,561,3986,571,926,193
860Z200US94523,13452,498,8824,390,6806,509,2018,318,633,203,1385,303,4628,633,3567,573,1061,269
860Z200US94525,1539,193,846,155,634,127,212,155,32,34,180,146,693,146,487,123,206,78
860Z200US94526,11843,460,9011,401,7929,429,1082,268,310,131,772,260,2832,379,2265,368,567,166
860Z200US94528,424,159,338,157,312,156,26,36,0,14,26,36,86,75,86,75,0,14
860Z200US94530,11021,321,6881,317,5246,346,1635,279,464,146,1171,232,4140,366,2942,337,1198,203
860Z200US94531,13905,601,11291,479,7822,499,3469,421,899,248,2570,399,2614,523,1878,473,736,256
860Z200US94533,25174,619,18033,629,11978,649,6055,566,1780,336,4275,480,7141,696,5791,625,1350,256
860Z200US94534,14036,508,10429,475,8453,516,1976,329,587,192,1389,270,3607,360,2859,329,748,246
860Z200US94535,1054,150,998,159,974,161,24,21,5,9,19,19,56,37,44,36,12,9
860Z200US94536,25205,716,18821,715,15741,735,3080,417,1189,312,1891,311,6384,658,5100,641,1284,293
860Z200US94538,23628,746,17196,691,13393,656,3803,449,1158,227,2645,425,6432,522,4733,532,1699,331
860Z200US94539,17375,546,14852,497,13190,479,1662,248,462,130,1200,223,2523,314,1998,272,525,164
860Z200US94541,21584,754,14752,785,10141,717,4611,533,1542,348,3069,409,6832,577,4827,590,2005,378
860Z200US94542,4936,385,3479,330,2771,276,708,214,196,95,512,178,1457,264,997,248,460,148
860Z200US94544,22991,715,17861,726,12299,646,5562,561,1727,324,3835,478,5130,487,3571,440,1559,294
860Z200US94545,10085,525,7506,462,5587,411,1919,327,739,204,1180,289,2579,440,1978,411,601,260
860Z200US94546,15565,642,11560,574,8935,563,2625,284,591,192,2034,287,4005,446,3116,391,889,229
860Z200US94547,9355,442,6884,311,5055,376,1829,368,348,130,1481,327,2471,519,2142,480,329,121
860Z200US94548,259,114,189,90,141,95,48,57,34,53,14,23,70,76,70,76,0,14
860Z200US94549,10682,409,8365,378,7227,420,1138,220,495,173,643,171,2317,409,1965,411,352,140
860Z200US94550,17564,612,13282,563,11642,540,1640,271,458,139,1182,242,4282,422,3320,366,962,268
860Z200US94551,14052,529,9862,544,8203,567,1659,402,474,163,1185,346,4190,586,3263,525,927,250
860Z200US94552,5021,444,4213,413,3631,411,582,175,90,67,492,166,808,177,673,181,135,87
860Z200US94553,19141,551,12852,550,9721,481,3131,439,1145,301,1986,345,6289,492,4891,454,1398,335
860Z200US94555,11847,474,10083,487,8707,474,1376,259,554,193,822,196,1764,274,1340,256,424,153
860Z200US94556,5614,234,4285,196,3823,190,462,142,202,112,260,86,1329,222,1010,220,319,167
860Z200US94558,24521,749,16438,693,12874,689,3564,522,1344,311,2220,408,8083,701,6522,614,1561,269
860Z200US94559,10651,655,6401,438,4726,406,1675,373,506,169,1169,292,4250,451,3075,401,1175,255
860Z200US94560,15252,453,12151,391,9633,508,2518,400,865,187,1653,369,3101,395,2169,324,932,226
860Z200US94561,14105,651,11299,547,8759,546,2540,560,849,404,1691,374,2806,587,1989,517,817,262
860Z200US94562,0,14,0,14,0,14,0,14,0,14,0,14,0,14,0,14,0,14
860Z200US94563,7218,303,5366,210,4782,226,584,166,134,60,450,162,1852,335,1501,296,351,198
860Z200US94564,6588,322,4855,306,3426,323,1429,379,378,168,1051,365,1733,266,1282,303,451,201
860Z200US94565,30537,736,23695,717,16170,709,7525,603,2415,375,5110,486,6842,660,5094,534,1748,402
860Z200US94566,15921,535,12167,455,10500,437,1667,304,608,184,1059,316,3754,457,3109,406,645,195
860Z200US94567,228,66,156,63,136,59,20,17,12,15,8,9,72,31,48,23,24,19
860Z200US94568,24165,676,18795,605,16089,634,2706,503,786,249,1920,447,5370,548,4024,502,1346,252
860Z200US94569,210,138,75,55,40,51,35,53,0,14,35,53,135,130,135,130,0,14
860Z200US94571,5219,367,2862,406,2342,378,520,241,285,202,235,128,2357,459,2006,434,351,158
860Z200US94572,3015,295,2340,322,1311,241,1029,241,452,192,577,165,675,203,509,180,166,89
860Z200US94573,72,54,12,20,12,20,0,14,0,14,0,14,60,57,60,57,0,14
860Z200US94574,3220,195,2200,213,1758,220,442,142,87,57,355,131,1020,172,826,164,194,81
860Z200US94575,0,14,0,14,0,14,0,14,0,14,0,14,0,14,0,14,0,14
860Z200US94576,51,45,34,37,34,37,0,14,0,14,0,14,17,21,17,21,0,14
860Z200US94577,16555,583,10937,529,7654,506,3283,432,911,283,2372,371,5618,516,4315,479,1303,303
860Z200US94578,13904,738,9246,600,5612,554,3634,460,891,300,2743,413,4658,557,3473,439,1185,322
860Z200US94579,6628,451,4771,427,3804,416,967,260,313,148,654,208,1857,386,1318,338,539,214
860Z200US94580,8992,484,7141,386,4919,372,2222,317,752,235,1470,255,1851,383,1485,364,366,146
860Z200US94582,16466,556,13126,507,11436,501,1690,424,467,206,1223,371,3340,581,2828,535,512,280
860Z200US94583,13890,472,10965,558,9587,532,1378,274,444,145,934,235,2925,400,2102,348,823,243
860Z200US94585,9643,460,6914,323,4459,406,2455,371,721,262,1734,333,2729,449,2315,440,414,175
860Z200US94586,319,70,264,63,230,60,34,21,23,20,11,12,55,27,51,26,4,5
860Z200US94587,21240,521,16545,450,13023,452,3522,387,1407,258,2115,312,4695,502,3730,455,965,195
860Z200US94588,12465,389,9625,408,8322,417,1303,314,288,137,1015,283,2840,369,2256,354,584,216
860Z200US94589,9531,433,7302,467,4693,455,2609,351,873,256,1736,287,2229,367,1881,361,348,142
860Z200US94590,15762,556,8448,538,4868,463,3580,444,963,260,2617,423,7314,594,6086,572,1228,287
860Z200US94591,20040,652,14443,625,10012,621,4431,411,1524,356,2907,380,5597,542,4477,452,1120,272
860Z200US94592,479,184,272,86,213,79,59,42,38,35,21,25,207,155,115,86,92,129
860Z200US94595,9368,496,4208,422,3562,372,646,216,137,86,509,210,5160,405,4911,410,249,108
860Z200US94596,11009,546,5789,474,4747,444,1042,236,368,174,674,152,5220,593,3952,534,1268,305
860Z200US94597,10782,549,5479,400,4181,393,1298,333,424,214,874,240,5303,556,3959,547,1344,361
860Z200US94598,10828,446,7763,427,6809,441,954,252,331,138,623,214,3065,490,2412,443,653,226
860Z200US94599,1491,3875,548,1486,480,1186,68,303,8,30,60,276,943,2395,768,1956,175,447
860Z200US94601,16734,594,11538,644,6510,541,5028,457,1801,330,3227,439,5196,544,3833,500,1363,252
860Z200US94602,12496,472,7806,438,6094,438,1712,334,479,191,1233,263,4690,435,3374,358,1316,328
860Z200US94603,10527,408,7580,409,4403,436,3177,415,1039,235,2138,341,2947,401,2391,351,556,155
860Z200US94605,16594,659,10559,662,6712,585,3847,451,991,299,2856,395,6035,611,4680,592,1355,253
860Z200US94606,16337,660,8043,525,4693,421,3350,449,1187,283,2163,362,8294,735,6049,519,2245,386
860Z200US94607,13453,520,5426,557,2876,373,2550,366,631,177,1919,317,8027,603,5642,553,2385,336
860Z200US94608,16568,711,6462,494,4015,457,2447,362,980,244,1467,295,10106,753,6767,769,3339,387
860Z200US94609,11049,641,4494,442,3086,327,1408,358,381,162,1027,334,6555,551,4274,478,2281,354
860Z200US94610,16372,730,6630,567,5089,491,1541,364,458,179,1083,304,9742,624,7346,660,2396,396
860Z200US94611,18387,664,10142,543,8655,502,1487,354,654,277,833,242,8245,529,6361,518,1884,338
860Z200US94612,11097,708,2923,464,2057,332,866,312,359,291,507,129,8174,584,6987,575,1187,259
860Z200US94613,0,14,0,14,0,14,0,14,0,14,0,14,0,14,0,14,0,14
860Z200US94618,7553,460,4077,346,3521,301,556,186,274,148,282,124,3476,372,2626,298,850,227
860Z200US94619,9809,543,6993,555,5059,481,1934,378,538,170,1396,330,2816,348,2078,312,738,191
860Z200US94621,10359,601,7026,623,3363,368,3663,534,964,268,2699,498,3333,459,2732,420,601,189
860Z200US94702,7662,481,4032,417,2899,288,1133,306,211,88,922,305,3630,302,2651,267,979,202
860Z200US94703,8662,471,3865,384,2788,315,1077,238,230,106,847,191,4797,515,3113,436,1684,296
860Z200US94704,8227,662,1549,305,1066,250,483,177,237,107,246,120,6678,632,3435,560,3243,335
860Z200US94705,5886,326,3147,326,2714,317,433,114,171,72,262,86,2739,256,1804,226,935,168
860Z200US94706,7945,259,5003,202,4108,242,895,165,189,69,706,158,2942,323,1976,319,966,178
860Z200US94707,5267,281,3597,233,3146,238,451,134,150,66,301,134,1670,225,1376,234,294,88
860Z200US94708,4800,268,3241,263,2920,253,321,112,108,74,213,81,1559,190,995,136,564,135
860Z200US94709,5429,534,1641,265,1400,236,241,136,104,111,137,70,3788,477,2237,426,1551,272
860Z200US94710,3780,304,1835,213,1327,186,508,154,226,97,282,121,1945,276,1516,261,429,132
860Z200US94720,222,104,39,40,39,40,0,19,0,19,0,19,183,95,104,89,79,54
860Z200US94801,10593,469,7295,420,4381,446,2914,423,1053,275,1861,345,3298,442,2583,425,715,245
860Z200US94803,9562,538,7339,549,5317,507,2022,390,757,282,1265,250,2223,370,1529,289,694,219
860Z200US94804,16250,659,10059,618,6052,635,4007,428,1246,308,2761,409,6191,664,5179,574,1012,283
860Z200US94805,5493,435,3415,314,2485,282,930,221,383,158,547,160,2078,420,1623,408,455,134
860Z200US94806,20538,729,15005,681,8851,645,6154,612,1791,449,4363,599,5533,642,4302,586,1231,333
860Z200US94901,15631,544,8971,477,7102,491,1869,330,662,246,1207,251,6660,562,4962,548,1698,334
860Z200US94903,12013,621,7263,501,5911,502,1352,267,390,189,962,235,4750,592,3949,552,801,216
860Z200US94904,5558,293,3467,254,2753,277,714,166,202,95,512,151,2091,232,1728,221,363,121
860Z200US94920,4934,315,3645,283,3229,321,416,152,113,71,303,129,1289,260,1129,239,160,74
860Z200US94922,3,5,3,5,3,5,0,14,0,14,0,14,0,14,0,14,0,14
860Z200US94923,693,184,365,140,284,111,81,90,50,76,31,50,328,141,305,140,23,13
860Z200US94924,653,131,338,99,207,94,131,68,68,50,63,53,315,114,237,99,78,64
860Z200US94925,4036,262,2990,218,2536,237,454,184,135,88,319,188,1046,280,910,257,136,102
860Z200US94928,17200,582,10477,422,7457,445,3020,420,942,251,2078,369,6723,644,4083,484,2640,428
860Z200US94929,137,80,114,77,114,77,0,14,0,14,0,14,23,32,0,14,23,32
860Z200US94930,3565,215,1985,221,1593,197,392,130,67,57,325,122,1580,257,924,221,656,192
860Z200US94931,4072,388,2122,214,1642,198,480,140,157,100,323,101,1950,418,1396,416,554,167
860Z200US94933,563,202,258,126,167,100,91,88,29,45,62,75,305,143,298,142,7,11
860Z200US94937,600,135,255,94,233,89,22,23,13,19,9,13,345,133,314,135,31,36
860Z200US94938,223,78,115,37,93,8,22,36,22,36,0,14,108,68,77,55,31,46
860Z200US94939,3323,301,1867,213,1445,235,422,167,215,149,207,74,1456,377,1332,393,124,82
860Z200US94940,97,92,37,28,21,21,16,19,0,14,16,19,60,95,60,95,0,14
860Z200US94941,12916,456,8636,392,6951,470,1685,310,452,227,1233,259,4280,351,3288,350,992,254
860Z200US94945,7081,482,4677,402,3951,375,726,197,226,118,500,167,2404,368,1903,314,501,218
860Z200US94946,265,72,175,51,136,38,39,40,0,14,39,40,90,37,57,25,33,23
860Z200US94947,8854,530,6614,456,4967,438,1647,317,484,173,1163,286,2240,329,1709,297,531,244
860Z200US94949,6955,421,4371,425,3558,388,813,204,269,144,544,162,2584,379,2037,329,547,239
860Z200US94950,11,13,8,13,8,13,0,14,0,14,0,14,3,2,3,2,0,14
860Z200US94951,1419,191,722,141,625,125,97,64,47,49,50,39,697,163,617,156,80,88
860Z200US94952,13985,531,8519,446,6762,477,1757,318,777,229,980,284,5466,478,4209,388,1257,250
860Z200US94954,14876,460,9747,397,7819,506,1928,337,682,171,1246,286,5129,505,3954,473,1175,288
860Z200US94956,633,157,298,118,265,117,33,33,9,14,24,30,335,115,335,115,0,14
860Z200US94957,717,95,571,89,516,101,55,44,42,40,13,14,146,60,128,61,18,17
860Z200US94960,6546,358,4549,304,3853,286,696,240,326,217,370,124,1997,380,1593,316,404,167
860Z200US94963,239,101,178,75,159,74,19,27,0,14,19,27,61,73,61,73,0,14
860Z200US94964,204,191,18,28,18,28,0,14,0,14,0,14,186,187,91,138,95,144
860Z200US94965,6043,394,3097,282,2147,222,950,256,266,187,684,236,2946,350,2306,356,640,180
860Z200US94970,144,61,75,49,61,47,14,20,0,14,14,20,69,44,58,42,11,16
860Z200US94971,77,48,65,45,65,45,0,14,0,14,0,14,12,15,12,15,0,14
860Z200US94972,0,14,0,14,0,14,0,14,0,14,0,14,0,14,0,14,0,14
860Z200US94973,646,168,447,164,385,142,62,69,0,14,62,69,199,106,172,98,27,33
860Z200US95002,521,63,322,59,275,61,47,29,7,10,40,27,199,56,161,57,38,26
860Z200US95003,9905,516,7000,488,5570,482,1430,320,539,227,891,206,2905,318,2278,311,627,161
860Z200US95004,1597,346,1332,341,1049,341,283,126,167,103,116,67,265,112,201,96,64,65
860Z200US95005,2878,365,1813,321,1521,223,292,233,19,29,273,229,1065,271,685,206,380,200
860Z200US95006,3222,345,1940,299,1211,236,729,240,427,231,302,140,1282,273,865,229,417,180
860Z200US95007,186,149,55,61,55,61,0,14,0,14,0,14,131,132,51,31,80,126
860Z200US95008,19052,708,12195,518,9228,550,2967,408,946,235,2021,341,6857,625,5590,579,1267,317
860Z200US95010,4242,278,1944,222,1366,205,578,148,247,114,331,113,2298,366,1664,339,634,217
860Z200US95012,2627,229,2155,239,1403,251,752,179,263,153,489,143,472,176,375,168,97,68
860Z200US95013,21,21,16,20,4,6,12,18,0,14,12,18,5,7,5,7,0,14
860Z200US95014,21868,439,16914,400,14833,363,2081,317,747,208,1334,258,4954,441,4166,419,788,184
860Z200US95017,205,72,102,38,89,36,13,12,2,3,11,11,103,57,72,44,31,31
860Z200US95018,2799,265,1641,210,1399,205,242,92,35,35,207,80,1158,217,821,216,337,134
860Z200US95019,1805,289,1257,281,907,251,350,129,106,88,244,96,548,154,418,137,130,107
860Z200US95020,19984,528,16162,483,11238,584,4924,462,1199,315,3725,457,3822,405,2926,340,896,232
860Z200US95023,17897,304,14191,434,10419,517,3772,444,1520,299,2252,305,3706,396,2848,357,858,203
860Z200US95030,5122,338,3797,329,3298,333,499,144,188,90,311,109,1325,241,1038,238,287,91
860Z200US95032,10450,420,7412,345,6425,315,987,226,310,134,677,177,3038,364,2582,363,456,152
860Z200US95033,3766,377,2521,289,2098,263,423,139,178,91,245,100,1245,342,659,215,586,256
860Z200US95035,25124,528,19633,531,15618,695,4015,583,1554,416,2461,428,5491,577,3738,502,1753,312
860Z200US95037,16742,421,13369,362,10126,454,3243,465,1010,267,2233,413,3373,363,2661,334,712,189
860Z200US95039,277,119,235,113,110,55,125,104,92,94,33,33,42,28,36,27,6,9
860Z200US95041,309,113,228,125,207,117,21,37,0,14,21,37,81,82,81,82,0,14
860Z200US95043,232,60,166,51,156,49,10,10,8,9,2,5,66,32,36,15,30,30
860Z200US95045,1493,250,1055,242,841,212,214,96,148,87,66,49,438,175,396,170,42,43
860Z200US95046,1797,213,1517,230,1206,217,311,112,86,75,225,106,280,137,164,113,116,95
860Z200US95050,15831,713,9237,579,7222,527,2015,497,966,385,1049,284,6594,663,4663,617,1931,316
860Z200US95051,24240,628,15812,669,13038,699,2774,427,1126,282,1648,321,8428,700,5465,569,2963,460
860Z200US95053,42,64,0,14,0,14,0,14,0,14,0,14,42,64,0,14,42,64
860Z200US95054,9963,480,6030,559,4844,481,1186,327,317,132,869,326,3933,418,2535,445,1398,218
860Z200US95060,18415,765,9185,636,6911,560,2274,350,527,148,1747,333,9230,545,5123,482,4107,469
860Z200US95062,15470,572,8195,536,6183,524,2012,281,763,195,1249,225,7275,573,4631,470,2644,487
860Z200US95064,495,150,290,86,240,80,50,26,26,20,24,18,205,114,119,90,86,71
860Z200US95065,2898,250,1924,219,1599,176,325,141,123,50,202,142,974,200,622,134,352,145
860Z200US95066,6195,334,4318,308,3635,351,683,186,292,142,391,133,1877,348,1596,311,281,171
860Z200US95070,11194,299,9471,259,8805,306,666,197,118,75,548,193,1723,278,1512,274,211,107
860Z200US95073,4516,364,2824,275,2062,302,762,180,165,75,597,190,1692,321,1347,269,345,125
860Z200US95075,192,60,158,58,139,59,19,15,0,14,19,15,34,19,34,19,0,14
860Z200US95076,24656,768,19167,772,13276,722,5891,573,2006,412,3885,500,5489,537,4066,438,1423,300
860Z200US95110,6791,490,3895,404,2564,382,1331,262,458,180,873,208,2896,359,2001,314,895,201
860Z200US95111,15578,604,12295,648,8203,600,4092,520,1476,334,2616,407,3283,400,2566,378,717,205
860Z200US95112,21574,711,9632,590,6205,478,3427,441,1429,375,1998,367,11942,768,7901,718,4041,471
860Z200US95113,1421,291,371,135,285,115,86,68,33,32,53,60,1050,297,724,252,326,180
860Z200US95116,13394,538,10246,520,6221,484,4025,390,1235,213,2790,384,3148,340,2311,296,837,197
860Z200US95117,10422,594,6939,603,4971,511,1968,374,1013,290,955,267,3483,626,2859,560,624,200
860Z200US95118,11404,452,8267,456,6071,383,2196,355,586,212,1610,336,3137,341,2507,327,630,171
860Z200US95119,3649,304,2739,269,2048,248,691,197,478,188,213,66,910,248,596,164,314,200
860Z200US95120,12660,505,10630,426,9800,416,830,184,266,94,564,163,2030,317,1635,297,395,155
860Z200US95121,9828,455,8567,485,6270,432,2297,303,650,147,1647,264,1261,187,788,141,473,134
860Z200US95122,11829,449,9889,427,6057,429,3832,331,1358,234,2474,289,1940,323,1254,238,686,264
860Z200US95123,24377,697,17538,682,12398,568,5140,593,1478,301,3662,472,6839,482,5031,400,1808,303
860Z200US95124,17586,642,14102,733,11721,663,2381,430,826,260,1555,365,3484,457,2840,403,644,181
860Z200US95125,20779,756,13833,655,10656,664,3177,437,1025,350,2152,296,6946,533,5378,476,1568,295
860Z200US95126,16187,596,8663,575,5986,497,2677,430,1196,300,1481,335,7524,460,5551,456,1973,310
860Z200US95127,15230,485,12231,515,8286,536,3945,355,1496,264,2449,296,2999,339,2051,263,948,227
860Z200US95128,13805,557,7441,511,5651,507,1790,324,604,214,1186,219,6364,584,4836,538,1528,268
860Z200US95129,14105,630,11144,606,9461,625,1683,334,616,219,1067,276,2961,391,2539,371,422,147
860Z200US95130,4750,292,3508,315,2628,312,880,185,254,102,626,168,1242,197,969,178,273,127
860Z200US95131,9976,461,7638,456,6173,492,1465,269,665,218,800,174,2338,333,1289,230,1049,291
860Z200US95132,12068,412,9936,486,7971,470,1965,257,587,167,1378,208,2132,268,1486,223,646,153
860Z200US95133,9309,513,6574,440,4760,449,1814,328,673,200,1141,240,2735,346,1751,299,984,230
860Z200US95134,14050,784,7666,652,6199,653,1467,279,500,206,967,218,6384,585,4362,501,2022,355
860Z200US95135,7515,489,5533,398,4965,383,568,269,71,46,497,269,1982,249,1761,238,221,98
860Z200US95136,16306,598,12324,610,9234,699,3090,423,779,203,2311,384,3982,419,2757,370,1225,258
860Z200US95138,5580,312,4845,357,3468,289,1377,333,365,134,1012,308,735,167,415,138,320,126
860Z200US95139,2174,185,1662,171,1291,151,371,159,205,146,166,75,512,133,414,127,98,45
860Z200US95140,29,22,13,13,13,13,0,14,0,14,0,14,16,18,16,18,0,14
860Z200US95148,12110,496,10532,508,8133,568,2399,286,854,177,1545,254,1578,274,1161,256,417,162
860Z200US95202,3380,390,1295,371,330,172,965,342,213,144,752,318,2085,307,1808,302,277,168
860Z200US95203,5392,356,3553,380,1792,360,1761,264,536,206,1225,215,1839,299,1482,302,357,128
860Z200US95204,11405,524,7107,473,4455,433,2652,461,867,291,1785,337,4298,413,3330,402,968,254
860Z200US95205,10646,509,8177,519,4624,466,3553,438,1171,291,2382,348,2469,378,1882,331,587,188
860Z200US95206,17629,624,14354,588,8726,557,5628,539,2087,383,3541,447,3275,411,2506,393,769,189
860Z200US95207,18971,626,12424,610,6279,485,6145,484,2143,438,4002,410,6547,540,5266,484,1281,268
860Z200US95209,13759,563,10868,516,7542,565,3326,411,946,200,2380,390,2891,440,2471,430,420,120
860Z200US95210,11898,496,8771,500,4883,461,3888,420,1292,296,2596,318,3127,341,2682,349,445,140
860Z200US95211,0,14,0,14,0,14,0,14,0,14,0,14,0,14,0,14,0,14
860Z200US95212,8187,583,6677,560,5222,550,1455,326,670,246,785,236,1510,382,1319,382,191,108
860Z200US95215,6580,518,5403,501,3256,390,2147,407,950,296,1197,315,1177,240,889,191,288,135
860Z200US95219,11517,458,7804,443,5545,501,2259,406,853,239,1406,334,3713,380,2732,316,981,262
860Z200US95220,2609,292,2013,253,1761,234,252,117,64,60,188,104,596,244,434,200,162,140
860Z200US95221,142,100,80,75,32,49,48,56,0,14,48,56,62,70,62,70,0,14
860Z200US95222,2203,250,1729,218,1404,218,325,135,59,59,266,133,474,173,381,156,93,95
860Z200US95223,1584,248,986,214,931,209,55,54,0,14,55,54,598,174,550,174,48,43
860Z200US95224,145,77,85,63,69,60,16,25,16,25,0,14,60,46,47,38,13,21
860Z200US95225,482,275,402,269,332,270,70,86,57,82,13,22,80,77,28,43,52,68
860Z200US95226,0,14,0,14,0,14,0,14,0,14,0,14,0,14,0,14,0,14
860Z200US95227,309,163,268,158,268,158,0,14,0,14,0,14,41,49,41,49,0,14
860Z200US95228,1847,234,1375,213,1180,207,195,88,43,38,152,83,472,147,420,138,52,40
860Z200US95230,177,112,151,111,78,41,73,102,70,103,3,5,26,20,26,20,0,14
860Z200US95231,538,155,405,152,314,153,91,46,10,17,81,48,133,79,68,47,65,54
860Z200US95232,51,47,51,47,32,34,19,32,19,32,0,14,0,14,0,14,0,14
860Z200US95233,85,53,31,27,27,26,4,9,4,9,0,14,54,44,54,44,0,14
860Z200US95236,1670,236,1255,235,851,173,404,175,125,82,279,167,415,121,349,109,66,63
860Z200US95237,1529,270,961,223,658,228,303,128,132,100,171,86,568,152,397,129,171,108
860Z200US95240,16064,601,11300,483,7819,444,3481,362,1173,267,2308,330,4764,483,3656,406,1108,275
860Z200US95242,10691,573,7536,494,5708,416,1828,408,652,339,1176,305,3155,365,2715,348,440,130
860Z200US95245,1140,314,744,264,524,225,220,119,130,91,90,65,396,159,315,142,81,72
860Z200US95246,624,226,479,191,448,197,31,31,18,21,13,23,145,85,85,56,60,76
860Z200US95247,1844,266,1191,240,1005,221,186,87,76,51,110,67,653,179,608,179,45,36
860Z200US95248,13,21,13,21,13,21,0,14,0,14,0,14,0,14,0,14,0,14
860Z200US95249,1713,261,1113,236,765,224,348,133,98,70,250,133,600,183,518,185,82,74
860Z200US95251,364,189,259,163,259,163,0,14,0,14,0,14,105,103,105,103,0,14
860Z200US95252,4804,395,3581,356,3013,330,568,191,317,139,251,138,1223,255,883,225,340,163
860Z200US95253,157,105,157,105,68,56,89,97,0,14,89,97,0,14,0,14,0,14
860Z200US95254,178,115,110,81,110,81,0,14,0,14,0,14,68,108,68,108,0,14
860Z200US95255,860,226,595,207,265,129,330,169,102,82,228,151,265,130,221,119,44,44
860Z200US95257,298,151,155,92,114,86,41,44,0,14,41,44,143,145,143,145,0,14
860Z200US95258,1622,272,1238,291,1047,300,191,106,48,68,143,80,384,143,375,142,9,17
860Z200US95301,12573,561,9428,418,5900,454,3528,440,1121,276,2407,368,3145,493,2772,485,373,156
860Z200US95303,274,81,172,66,134,54,38,33,29,30,9,13,102,56,92,54,10,10
860Z200US95304,4949,516,3546,424,2905,399,641,223,232,114,409,180,1403,426,1180,420,223,109
860Z200US95305,58,62,58,62,54,61,4,7,4,7,0,14,0,14,0,14,0,14
860Z200US95306,460,160,381,143,308,117,73,78,0,14,73,78,79,96,20,18,59,93
860Z200US95307,13092,665,10110,547,6812,545,3298,493,1117,235,2181,428,2982,473,2190,445,792,233
860Z200US95309,0,14,0,14,0,14,0,14,0,14,0,14,0,14,0,14,0,14
860Z200US95310,618,111,421,115,277,97,144,78,27,35,117,67,197,81,182,79,15,15
860Z200US95311,1090,193,576,170,439,166,137,78,0,14,137,78,514,210,436,204,78,90
860Z200US95312,73,35,58,32,44,30,14,12,4,6,10,11,15,25,15,25,0,14
860Z200US95313,425,141,232,92,143,60,89,63,55,56,34,33,193,102,123,75,70,72
860Z200US95315,3716,307,2789,279,2013,252,776,206,305,126,471,177,927,208,687,202,240,107
860Z200US95316,2565,369,1952,276,1555,275,397,168,180,120,217,127,613,223,449,210,164,123
860Z200US95317,265,85,193,73,163,65,30,24,5,6,25,23,72,41,52,34,20,22
860Z200US95318,323,132,98,69,39,38,59,59,9,14,50,61,225,124,195,106,30,81
860Z200US95319,442,140,332,153,182,118,150,112,65,75,85,78,110,74,110,74,0,14
860Z200US95320,4662,408,3371,359,2720,374,651,193,343,183,308,129,1291,410,1147,402,144,87
860Z200US95321,1556,202,922,174,709,112,213,130,124,113,89,68,634,135,517,127,117,66
860Z200US95322,3602,480,2401,331,1690,324,711,345,135,101,576,333,1201,452,1096,441,105,71
860Z200US95323,456,83,401,83,341,80,60,31,40,31,20,15,55,24,28,18,27,18
860Z200US95324,2546,242,1920,251,1540,268,380,166,75,69,305,145,626,160,504,155,122,101
860Z200US95325,0,14,0,14,0,14,0,14,0,14,0,14,0,14,0,14,0,14
860Z200US95326,3906,412,2900,381,1997,264,903,351,414,308,489,175,1006,288,778,271,228,99
860Z200US95327,2931,408,1475,302,1070,236,405,213,205,165,200,128,1456,326,1262,308,194,115
860Z200US95328,1213,233,994,251,749,268,245,144,122,113,123,86,219,158,159,147,60,67
860Z200US95329,1156,181,876,172,771,165,105,55,24,30,81,50,280,85,256,86,24,21
860Z200US95330,8892,415,7610,361,6025,397,1585,276,644,204,941,211,1282,343,982,305,300,132
860Z200US95333,796,115,599,112,404,100,195,54,64,33,131,47,197,59,168,57,29,28
860Z200US95334,4222,301,3462,267,2369,274,1093,206,533,169,560,162,760,209,687,193,73,48
860Z200US95335,78,56,0,14,0,14,0,14,0,14,0,14,78,56,72,57,6,9
860Z200US95336,16200,658,12169,550,8320,520,3849,420,1528,304,2321,340,4031,431,3258,415,773,239
860Z200US95337,14079,613,11288,562,8807,603,2481,412,789,269,1692,353,2791,550,2175,448,616,236
860Z200US95338,4750,287,3017,301,2292,300,725,168,109,72,616,157,1733,313,1526,297,207,102
860Z200US95340,12822,619,8471,604,5077,598,3394,484,932,219,2462,435,4351,548,3640,497,711,203
860Z200US95341,9323,425,7295,406,3794,359,3501,363,1172,263,2329,314,2028,325,1466,287,562,172
860Z200US95345,183,93,102,72,95,71,7,13,0,14,7,13,81,67,69,63,12,16
860Z200US95346,477,168,255,123,244,122,11,21,11,21,0,14,222,118,222,118,0,14
860Z200US95348,11550,681,8269,523,4654,466,3615,533,1579,438,2036,290,3281,480,2319,426,962,290
860Z200US95350,19783,691,13247,659,8288,557,4959,585,1263,339,3696,556,6536,580,5278,517,1258,324
860Z200US95351,13229,545,10436,546,6005,469,4431,510,1497,362,2934,386,2793,415,2080,362,713,204
860Z200US95354,9089,453,5716,416,3638,393,2078,343,813,261,1265,296,3373,433,2607,402,766,241
860Z200US95355,21565,790,15117,832,10554,757,4563,671,1291,353,3272,550,6448,607,4967,528,1481,349
860Z200US95356,11553,522,8299,516,6054,477,2245,337,711,207,1534,337,3254,402,2175,381,1079,250
860Z200US95357,4190,459,3395,402,2430,394,965,232,331,143,634,210,795,244,583,195,212,117
860Z200US95358,8273,460,6952,409,4524,413,2428,333,819,189,1609,281,1321,226,955,167,366,152
860Z200US95360,4102,319,3412,263,2454,330,958,274,239,143,719,213,690,243,510,220,180,117
860Z200US95361,12242,560,9064,506,6952,497,2112,425,656,242,1456,377,3178,490,2791,465,387,194
860Z200US95363,8202,476,6856,360,5064,387,1792,311,681,212,1111,265,1346,385,1118,361,228,119
860Z200US95364,0,14,0,14,0,14,0,14,0,14,0,14,0,14,0,14,0,14
860Z200US95365,1239,134,925,142,627,159,298,111,88,71,210,107,314,109,314,109,0,14
860Z200US95366,6736,482,5423,403,4229,434,1194,264,395,162,799,219,1313,325,1105,330,208,132
860Z200US95367,7847,379,5926,234,4478,339,1448,298,307,125,1141,281,1921,359,1625,338,296,109
860Z200US95368,4286,442,3524,446,2649,414,875,331,552,279,323,143,762,252,655,251,107,51
860Z200US95369,301,85,178,50,133,43,45,31,28,25,17,19,123,68,121,69,2,4
860Z200US95370,12249,582,7343,436,5301,394,2042,355,646,257,1396,260,4906,517,4020,489,886,217
860Z200US95372,701,186,534,185,500,181,34,40,34,40,0,14,167,110,97,76,70,77
860Z200US95374,591,70,474,74,404,86,70,62,61,58,9,12,117,54,95,51,22,29
860Z200US95375,55,66,0,14,0,14,0,14,0,14,0,14,55,66,55,66,0,14
860Z200US95376,16981,769,13029,578,8703,496,4326,580,1525,398,2801,513,3952,588,3235,528,717,202
860Z200US95377,10170,480,8926,474,7510,503,1416,270,478,170,938,232,1244,337,622,147,622,307
860Z200US95379,1515,288,745,192,665,178,80,57,2,3,78,57,770,236,663,240,107,60
860Z200US95380,14896,657,10482,530,6662,461,3820,526,1642,388,2178,335,4414,596,3467,543,947,283
860Z200US95382,13759,481,9527,469,7124,478,2403,446,883,295,1520,385,4232,505,2902,422,1330,381
860Z200US95383,1682,259,1178,229,1073,219,105,94,43,69,62,59,504,185,396,162,108,80
860Z200US95385,202,77,130,57,111,56,19,18,0,14,19,18,72,54,72,54,0,14
860Z200US95386,3090,188,2463,166,1567,247,896,244,403,200,493,187,627,157,533,138,94,75
860Z200US95387,242,106,226,104,190,103,36,41,0,14,36,41,16,26,0,14,16,26
860Z200US95388,3849,363,2676,294,1788,260,888,266,365,178,523,199,1173,341,1036,320,137,91
860Z200US95389,302,106,49,40,49,40,0,14,0,14,0,14,253,106,253,106,0,14
860Z200US95391,7097,597,6150,597,5543,604,607,219,249,154,358,163,947,341,815,326,132,107
860Z200US95401,13840,501,8743,496,5919,524,2824,511,1150,322,1674,382,5097,531,3756,475,1341,284
860Z200US95403,16823,651,10496,574,7599,556,2897,427,957,263,1940,332,6327,537,4683,496,1644,295
860Z200US95404,15478,691,9161,661,6610,549,2551,375,767,199,1784,326,6317,590,4825,543,1492,291
860Z200US95405,9429,544,6153,447,4744,469,1409,279,590,216,819,197,3276,514,2672,483,604,182
860Z200US95407,13168,632,9602,711,6335,569,3267,605,834,358,2433,474,3566,479,2389,398,1177,235
860Z200US95409,11444,578,6793,489,5599,473,1194,263,401,221,793,191,4651,434,3911,425,740,167
860Z200US95410,433,152,121,108,117,108,4,8,4,8,0,14,312,116,288,110,24,43
860Z200US95412,137,68,59,40,40,28,19,29,0,14,19,29,78,64,70,68,8,11
860Z200US95415,326,133,155,85,103,61,52,47,34,45,18,20,171,106,141,101,30,35
860Z200US95417,52,61,52,61,52,61,0,14,0,14,0,14,0,14,0,14,0,14
860Z200US95419,88,52,51,42,41,39,10,13,0,14,10,13,37,43,37,43,0,14
860Z200US95420,149,76,43,43,36,41,7,11,0,14,7,11,106,71,80,60,26,37
860Z200US95421,663,110,359,77,314,77,45,21,24,20,21,14,304,78,232,74,72,36
860Z200US95422,6283,368,3728,306,1870,296,1858,260,613,201,1245,205,2555,354,2052,332,503,173
860Z200US95423,1708,241,778,186,543,182,235,114,95,80,140,77,930,197,807,195,123,93
860Z200US95425,4309,284,3023,231,2382,278,641,240,189,138,452,217,1286,287,887,247,399,214
860Z200US95426,586,131,423,113,271,90,152,102,52,60,100,94,163,100,163,100,0,14
860Z200US95427,220,106,220,106,152,96,68,70,27,46,41,53,0,14,0,14,0,14
860Z200US95428,918,140,549,136,350,108,199,79,74,39,125,75,369,101,325,99,44,26
860Z200US95429,94,75,29,47,29,47,0,14,0,14,0,14,65,58,65,58,0,14
860Z200US95430,0,14,0,14,0,14,0,14,0,14,0,14,0,14,0,14,0,14
860Z200US95431,0,14,0,14,0,14,0,14,0,14,0,14,0,14,0,14,0,14
860Z200US95432,284,115,130,75,108,79,22,27,8,13,14,23,154,93,107,80,47,46
860Z200US95435,0,14,0,14,0,14,0,14,0,14,0,14,0,14,0,14,0,14
860Z200US95436,2354,237,1261,232,1095,241,166,59,47,34,119,53,1093,188,951,174,142,70
860Z200US95437,6440,363,3562,304,2593,302,969,234,245,135,724,223,2878,344,2389,322,489,173
860Z200US95439,203,113,131,101,58,53,73,73,13,20,60,71,72,51,55,51,17,27
860Z200US95441,705,124,486,97,428,92,58,30,33,24,25,19,219,79,199,76,20,13
860Z200US95442,1642,409,692,150,665,147,27,23,5,8,22,24,950,403,526,159,424,346
860Z200US95443,23,29,13,22,0,14,13,22,0,14,13,22,10,17,0,14,10,17
860Z200US95444,283,72,156,69,131,66,25,19,18,16,7,12,127,73,66,44,61,75
860Z200US95445,926,218,634,203,481,172,153,128,136,125,17,26,292,185,257,182,35,32
860Z200US95446,2374,263,1078,187,905,182,173,82,56,45,117,62,1296,247,1003,201,293,139
860Z200US95448,6741,345,4449,286,3440,277,1009,192,411,169,598,146,2292,329,1554,210,738,292
860Z200US95449,541,124,312,93,240,96,72,39,32,29,40,28,229,96,140,70,89,71
860Z200US95450,114,31,54,19,42,18,12,9,9,8,3,4,60,26,49,23,11,12
860Z200US95451,5074,475,2977,367,2069,324,908,281,227,123,681,255,2097,380,1617,305,480,257
860Z200US95452,620,185,425,139,361,128,64,88,0,14,64,88,195,137,107,63,88,124
860Z200US95453,4587,378,2828,325,2019,313,809,212,223,115,586,193,1759,349,1589,346,170,97
860Z200US95454,814,187,431,152,319,159,112,77,47,54,65,61,383,176,337,177,46,61
860Z200US95456,420,136,191,87,175,91,16,19,0,14,16,19,229,117,216,121,13,15
860Z200US95457,1361,223,657,178,501,168,156,70,11,18,145,69,704,187,486,169,218,145
860Z200US95458,1559,217,843,173,531,150,312,137,97,86,215,122,716,196,569,170,147,102
860Z200US95459,334,119,188,93,114,47,74,81,2,3,72,82,146,70,83,48,63,58
860Z200US95460,1136,172,546,156,424,130,122,96,18,21,104,97,590,153,503,151,87,67
860Z200US95461,1176,279,773,268,490,196,283,174,22,28,261,173,403,122,262,108,141,60
860Z200US95462,583,117,319,105,241,68,78,89,19,30,59,83,264,78,197,70,67,38
860Z200US95463,7,11,7,11,7,11,0,14,0,14,0,14,0,14,0,14,0,14
860Z200US95464,989,225,731,228,389,187,342,161,172,132,170,114,258,139,169,101,89,74
860Z200US95465,545,134,318,89,269,68,49,53,36,52,13,15,227,104,165,88,62,48
860Z200US95466,280,91,144,56,144,56,0,14,0,14,0,14,136,82,110,78,26,32
860Z200US95467,2242,276,1576,235,1334,223,242,108,63,63,179,109,666,164,557,156,109,71
860Z200US95468,680,143,446,118,333,119,113,58,24,24,89,56,234,139,85,38,149,131
860Z200US95469,560,100,365,86,292,89,73,47,31,27,42,40,195,71,167,63,28,24
860Z200US95470,2206,265,1391,206,911,208,480,172,345,143,135,87,815,267,689,259,126,85
860Z200US95471,286,152,50,42,40,36,10,15,0,14,10,15,236,148,211,148,25,42
860Z200US95472,11734,686,7795,504,5814,412,1981,408,565,168,1416,401,3939,519,3070,472,869,175
860Z200US95476,15072,726,9176,599,6857,551,2319,382,641,206,1678,324,5896,582,4726,501,1170,325
860Z200US95480,3,4,1,2,1,2,0,14,0,14,0,14,2,4,2,4,0,14
860Z200US95482,11789,595,7076,439,4461,350,2615,464,715,223,1900,371,4713,586,3895,527,818,249
860Z200US95485,1274,246,656,204,491,181,165,113,61,65,104,94,618,236,465,181,153,158
860Z200US95486,17,18,0,14,0,14,0,14,0,14,0,14,17,18,17,18,0,14
860Z200US95488,193,144,19,22,19,22,0,14,0,14,0,14,174,144,174,144,0,14
860Z200US95490,5701,417,3419,392,2609,385,810,200,275,120,535,177,2282,369,1933,318,349,230
860Z200US95492,9627,377,7116,274,5591,407,1525,322,519,180,1006,232,2511,337,2037,312,474,119
860Z200US95493,78,81,78,81,30,30,48,75,0,14,48,75,0,14,0,14,0,14
860Z200US95494,77,55,43,50,18,29,25,41,0,14,25,41,34,25,34,25,0,14
860Z200US95497,692,119,491,101,458,104,33,37,0,14,33,37,201,87,177,84,24,21
860Z200US95501,9264,481,4180,375,2652,373,1528,303,434,179,1094,243,5084,460,3840,490,1244,235
860Z200US95503,9982,461,6240,484,4327,359,1913,403,836,264,1077,323,3742,416,2903,373,839,212
860Z200US95511,37,58,0,14,0,14,0,14,0,14,0,14,37,58,0,14,37,58
860Z200US95514,24,27,13,21,13,21,0,14,0,14,0,14,11,17,11,17,0,14
860Z200US95519,7429,445,4528,374,3371,319,1157,284,191,76,966,257,2901,439,2036,392,865,243
860Z200US95521,9225,488,3981,359,2493,298,1488,332,504,197,984,269,5244,543,3050,429,2194,411
860Z200US95524,658,141,462,101,370,96,92,42,39,27,53,35,196,100,138,92,58,34
860Z200US95525,761,133,415,114,300,99,115,54,70,43,45,35,346,100,297,91,49,33
860Z200US95526,272,90,124,62,94,54,30,20,12,15,18,13,148,64,110,60,38,38
860Z200US95527,226,78,137,76,89,58,48,45,0,14,48,45,89,55,89,55,0,14
860Z200US95528,527,122,364,114,319,108,45,25,12,10,33,23,163,55,118,40,45,31
860Z200US95531,7708,344,5172,370,3639,330,1533,270,495,202,1038,204,2536,367,2183,328,353,141
860Z200US95536,1307,174,841,161,687,151,154,85,74,49,80,69,466,121,358,90,108,88
860Z200US95537,128,120,31,30,31,30,0,14,0,14,0,14,97,116,9,15,88,115
860Z200US95538,367,150,355,146,274,144,81,69,35,36,46,59,12,19,12,19,0,14
860Z200US95540,5689,395,3455,306,2374,356,1081,274,387,187,694,192,2234,343,1511,300,723,247
860Z200US95542,1202,235,611,166,442,156,169,98,60,62,109,82,591,189,546,187,45,60
860Z200US95543,322,133,123,96,113,93,10,18,0,14,10,18,199,112,174,107,25,38
860Z200US95545,55,41,37,36,15,15,22,27,7,13,15,24,18,20,16,18,2,10
860Z200US95546,776,89,600,84,265,61,335,84,137,69,198,64,176,50,138,43,38,30
860Z200US95547,491,102,338,81,229,80,109,56,68,48,41,30,153,79,121,64,32,49
860Z200US95548,346,59,205,47,122,55,83,40,18,20,65,34,141,44,107,38,34,16
860Z200US95549,333,81,181,63,163,63,18,18,15,18,3,4,152,60,74,35,78,52
860Z200US95550,68,53,24,20,18,16,6,10,6,10,0,14,44,50,12,18,32,46
860Z200US95551,711,141,391,98,293,89,98,42,36,25,62,30,320,118,274,114,46,33
860Z200US95552,223,131,157,119,155,118,2,6,0,14,2,6,66,48,61,46,5,9
860Z200US95553,317,175,97,73,81,79,16,25,0,14,16,25,220,161,189,156,31,49
860Z200US95554,137,84,91,78,76,77,15,24,0,14,15,24,46,55,46,55,0,14
860Z200US95555,115,36,44,26,20,11,24,21,16,20,8,6,71,28,53,25,18,11
860Z200US95556,333,187,244,172,202,168,42,25,0,14,42,25,89,89,36,43,53,75
860Z200US95558,125,55,46,29,30,23,16,19,0,14,16,19,79,43,58,36,21,23
860Z200US95559,41,63,0,14,0,14,0,14,0,14,0,14,41,63,41,63,0,14
860Z200US95560,611,304,222,187,110,131,112,150,0,14,112,150,389,254,344,254,45,64
860Z200US95562,1518,200,900,139,601,173,299,163,53,57,246,157,618,234,547,225,71,55
860Z200US95563,161,90,85,61,63,53,22,32,0,14,22,32,76,71,53,57,23,35
860Z200US95564,171,62,103,48,66,45,37,19,11,10,26,19,68,40,42,34,26,23
860Z200US95565,275,86,166,66,95,41,71,48,27,34,44,29,109,54,67,45,42,32
860Z200US95567,751,182,560,182,373,161,187,99,72,51,115,83,191,75,163,67,28,36
860Z200US95568,25,20,16,17,13,16,3,6,0,14,3,6,9,10,6,10,3,4
860Z200US95569,65,34,22,16,19,15,3,6,3,6,0,14,43,32,32,29,11,10
860Z200US95570,1171,136,720,125,449,80,271,107,52,30,219,109,451,90,373,87,78,36
860Z200US95571,49,76,49,76,0,14,49,76,0,14,49,76,0,14,0,14,0,14
860Z200US95573,618,157,266,123,266,123,0,14,0,14,0,14,352,138,172,89,180,116
860Z200US95585,218,98,107,66,45,35,62,51,13,20,49,47,111,76,94,69,17,27
860Z200US95587,0,14,0,14,0,14,0,14,0,14,0,14,0,14,0,14,0,14
860Z200US95589,574,170,204,117,133,116,71,63,29,37,42,52,370,143,274,119,96,99
860Z200US95595,74,61,13,15,13,15,0,14,0,14,0,14,61,58,61,58,0,14
860Z200US95601,152,92,107,88,42,26,65,89,0,14,65,89,45,28,41,26,4,5
860Z200US95602,7597,467,5782,455,4559,455,1223,303,437,199,786,214,1815,324,1379,246,436,219
860Z200US95603,11738,432,7492,362,5433,365,2059,314,653,179,1406,274,4246,365,3734,361,512,143
860Z200US95604,13,22,0,14,0,14,0,14,0,14,0,14,13,22,0,14,13,22
860Z200US95605,4925,381,2910,384,1799,277,1111,359,366,187,745,315,2015,327,1503,291,512,178
860Z200US95606,105,87,103,87,103,87,0,14,0,14,0,14,2,4,0,14,2,4
860Z200US95607,133,79,103,68,103,68,0,14,0,14,0,14,30,45,30,45,0,14
860Z200US95608,25577,892,15275,792,10654,712,4621,559,1465,314,3156,458,10302,791,8109,768,2193,422
860Z200US95610,17478,579,10541,544,7429,529,3112,395,1024,246,2088,356,6937,479,4930,433,2007,276
860Z200US95612,486,112,431,113,345,90,86,70,7,12,79,68,55,55,42,49,13,22
860Z200US95613,14,25,14,25,0,14,14,25,14,25,0,14,0,14,0,14,0,14
860Z200US95614,1596,212,1163,178,1011,160,152,110,85,85,67,77,433,148,270,134,163,97
860Z200US95615,381,169,256,173,179,158,77,80,0,14,77,80,125,87,125,87,0,14
860Z200US95616,18459,515,7758,401,6394,369,1364,261,444,142,920,221,10701,566,4968,472,5733,467
860Z200US95618,9831,473,5648,409,4485,346,1163,290,162,121,1001,270,4183,421,2120,300,2063,364
860Z200US95619,2208,406,1436,372,1207,373,229,122,87,70,142,100,772,219,611,212,161,133
860Z200US95620,7651,438,5784,342,4166,364,1618,435,556,202,1062,376,1867,461,1658,445,209,101
860Z200US95621,16952,565,10310,594,7028,523,3282,455,980,286,2302,379,6642,484,4886,436,1756,359
860Z200US95623,1653,201,1289,211,1040,205,249,100,86,66,163,91,364,129,275,116,89,70
860Z200US95624,20437,646,16749,656,12485,684,4264,616,1057,219,3207,573,3688,352,2948,313,740,211
860Z200US95625,146,119,102,93,63,95,39,61,39,61,0,14,44,70,0,14,44,70
860Z200US95626,1855,187,1462,199,1107,155,355,132,188,112,167,74,393,111,326,104,67,44
860Z200US95627,1162,232,855,188,625,176,230,109,61,46,169,94,307,135,214,101,93,92
860Z200US95628,17008,571,11894,549,9233,540,2661,453,783,210,1878,426,5114,476,3960,419,1154,235
860Z200US95629,355,89,231,81,198,81,33,37,12,20,21,31,124,58,119,59,5,8
860Z200US95630,29917,602,21421,541,18077,603,3344,449,1222,257,2122,390,8496,666,7057,634,1439,381
860Z200US95631,2705,298,1892,227,1394,211,498,242,148,105,350,211,813,255,607,197,206,161
860Z200US95632,10275,565,8079,430,6153,478,1926,326,578,170,1348,280,2196,364,1684,344,512,159
860Z200US95633,1083,283,739,181,531,156,208,103,53,57,155,86,344,228,296,214,48,74
860Z200US95634,1684,403,919,289,714,242,205,168,28,27,177,164,765,299,731,298,34,28
860Z200US95635,460,151,335,128,308,129,27,34,20,30,7,13,125,83,125,83,0,14
860Z200US95636,476,198,392,199,392,199,0,14,0,14,0,14,84,60,69,57,15,24
860Z200US95637,203,109,171,108,114,94,57,70,57,70,0,14,32,35,15,23,17,26
860Z200US95638,904,157,590,110,471,107,119,64,42,48,77,43,314,157,268,157,46,39
860Z200US95639,75,46,42,36,26,28,16,24,0,14,16,24,33,39,33,39,0,14
860Z200US95640,4182,399,2787,307,2347,342,440,205,132,125,308,146,1395,331,1271,330,124,81
860Z200US95641,809,148,429,124,339,98,90,73,50,62,40,30,380,106,273,95,107,74
860Z200US95642,3205,257,1990,234,1602,243,388,118,118,70,270,91,1215,309,1052,262,163,104
860Z200US95645,477,157,285,153,144,94,141,113,48,47,93,95,192,116,192,116,0,14
860Z200US95646,60,41,50,38,50,38,0,14,0,14,0,14,10,17,10,17,0,14
860Z200US95648,21742,652,15963,462,13103,497,2860,427,608,176,2252,411,5779,540,5046,499,733,194
860Z200US95650,5222,495,3404,369,3042,384,362,128,69,58,293,124,1818,502,1398,500,420,234
860Z200US95651,290,113,199,97,163,88,36,36,18,31,18,22,91,68,91,68,0,14
860Z200US95652,487,129,319,101,118,80,201,78,18,28,183,75,168,105,168,105,0,14
860Z200US95653,235,139,193,135,126,101,67,101,0,14,67,101,42,38,42,38,0,14
860Z200US95655,1570,134,1264,150,971,133,293,102,119,74,174,84,306,89,250,86,56,33
860Z200US95658,2241,229,1710,204,1469,178,241,107,84,79,157,79,531,114,496,114,35,22
860Z200US95659,248,56,146,40,114,32,32,20,27,19,5,6,102,45,90,43,12,12
860Z200US95660,10820,704,7597,621,4513,517,3084,428,1155,252,1929,385,3223,521,2430,466,793,245
860Z200US95661,13193,450,8537,502,6600,447,1937,345,624,216,1313,245,4656,406,3967,390,689,208
860Z200US95662,12464,478,8378,516,6247,533,2131,393,767,202,1364,360,4086,445,3261,422,825,251
860Z200US95663,1155,245,837,204,749,196,88,69,61,66,27,21,318,107,255,107,63,46
860Z200US95664,657,170,401,122,371,121,30,45,30,45,0,14,256,147,163,117,93,112
860Z200US95665,1871,321,1209,275,987,269,222,143,29,47,193,131,662,240,514,211,148,137
860Z200US95666,2581,234,1834,229,1320,224,514,158,189,93,325,128,747,174,523,140,224,102
860Z200US95667,14975,594,10055,527,7345,549,2710,360,883,251,1827,342,4920,614,4051,557,869,232
860Z200US95668,216,46,140,31,102,28,38,17,18,12,20,12,76,30,61,27,15,11
860Z200US95669,905,160,587,116,464,90,123,73,21,29,102,64,318,123,278,119,40,31
860Z200US95670,22011,524,14673,575,10865,647,3808,400,988,224,2820,354,7338,516,5677,501,1661,300
860Z200US95671,46,62,25,40,25,40,0,14,0,14,0,14,21,25,21,25,0,14
860Z200US95672,1979,300,1440,264,1243,251,197,88,0,19,197,88,539,185,421,178,118,69
860Z200US95673,5251,331,3875,319,2720,277,1155,251,305,138,850,218,1376,280,1061,246,315,126
860Z200US95674,318,63,248,61,176,45,72,38,33,31,39,21,70,27,61,23,9,12
860Z200US95675,80,72,66,75,48,69,18,28,0,14,18,28,14,30,0,14,14,30
860Z200US95676,4,5,4,5,0,14,4,5,0,14,4,5,0,14,0,14,0,14
860Z200US95677,10981,464,7426,421,5896,410,1530,275,587,202,943,216,3555,390,2692,320,863,256
860Z200US95678,18028,655,11413,597,8474,627,2939,387,898,243,2041,362,6615,635,5107,616,1508,389
860Z200US95679,27,41,27,41,27,41,0,14,0,14,0,14,0,14,0,14,0,14
860Z200US95680,11,17,0,14,0,14,0,14,0,14,0,14,11,17,11,17,0,14
860Z200US95681,336,134,300,129,198,106,102,72,61,57,41,47,36,41,36,41,0,14
860Z200US95682,11546,475,8574,567,6944,527,1630,347,596,200,1034,243,2972,399,2258,364,714,226
860Z200US95683,2726,297,2013,305,1753,251,260,234,196,230,64,56,713,247,607,184,106,145
860Z200US95684,1259,182,736,161,696,158,40,42,6,11,34,41,523,172,429,144,94,87
860Z200US95685,2092,255,1184,218,966,208,218,106,80,96,138,77,908,256,703,252,205,111
860Z200US95686,395,82,303,80,196,56,107,57,43,37,64,40,92,38,82,38,10,11
860Z200US95687,22802,701,15744,654,11798,567,3946,478,1059,291,2887,418,7058,653,5612,642,1446,331
860Z200US95688,14158,634,10609,622,7918,494,2691,487,806,298,1885,409,3549,470,2739,477,810,230
860Z200US95689,615,153,506,140,417,137,89,49,67,49,22,18,109,62,66,42,43,46
860Z200US95690,758,162,593,160,393,116,200,127,90,79,110,97,165,102,165,102,0,14
860Z200US95691,14499,564,9886,526,7051,485,2835,453,632,200,2203,431,4613,535,3637,509,976,254
860Z200US95692,1836,196,1367,175,896,192,471,138,129,87,342,150,469,135,362,128,107,97
860Z200US95693,2275,265,1794,216,1432,210,362,150,266,141,96,56,481,191,323,122,158,145
860Z200US95694,3503,268,2655,246,2134,260,521,172,329,161,192,83,848,200,596,161,252,120
860Z200US95695,14079,591,9822,551,6707,572,3115,519,919,277,2196,503,4257,533,3440,463,817,245
860Z200US95697,201,122,161,111,116,86,45,74,0,14,45,74,40,64,40,64,0,14
860Z200US95698,122,71,84,67,84,67,0,14,0,14,0,14,38,46,38,46,0,14
860Z200US95699,57,61,57,61,53,60,4,8,0,14,4,8,0,14,0,14,0,14
860Z200US95701,393,92,270,81,231,76,39,28,3,5,36,25,123,51,107,50,16,15
860Z200US95703,873,172,680,184,617,182,63,44,0,14,63,44,193,94,157,89,36,30
860Z200US95709,2364,379,1754,327,1527,304,227,123,147,116,80,53,610,250,330,112,280,198
860Z200US95713,3653,267,2521,292,2073,285,448,159,68,45,380,152,1132,241,921,215,211,91
860Z200US95714,177,49,116,44,102,40,14,19,0,14,14,19,61,32,61,32,0,14
860Z200US95715,30,28,27,27,24,27,3,4,3,4,0,14,3,4,0,14,3,4
860Z200US95717,33,22,11,10,11,10,0,14,0,14,0,14,22,20,22,20,0,14
860Z200US95720,20,16,9,14,9,14,0,14,0,14,0,14,11,14,11,14,0,14
860Z200US95721,0,14,0,14,0,14,0,14,0,14,0,14,0,14,0,14,0,14
860Z200US95722,1712,177,1287,207,1195,202,92,51,14,22,78,46,425,120,260,99,165,89
860Z200US95726,3611,365,2364,356,1803,294,561,209,298,189,263,99,1247,295,962,281,285,129
860Z200US95728,245,89,138,67,138,67,0,14,0,14,0,14,107,64,107,64,0,14
860Z200US95735,23,23,19,21,19,21,0,14,0,14,0,14,4,6,4,6,0,14
860Z200US95736,115,58,76,69,76,69,0,14,0,14,0,14,39,32,39,32,0,14
860Z200US95742,5360,307,4472,274,3791,273,681,176,207,102,474,144,888,206,634,167,254,122
860Z200US95746,7955,356,6585,359,5922,383,663,206,266,148,397,149,1370,293,1001,239,369,163
860Z200US95747,30086,629,23191,759,19154,762,4037,625,1400,526,2637,422,6895,629,5845,584,1050,226
860Z200US95757,16184,606,13714,563,11302,641,2412,326,783,210,1629,273,2470,351,2091,318,379,158
860Z200US95758,21937,830,16655,745,12199,719,4456,513,1465,346,2991,445,5282,602,4138,580,1144,212
860Z200US95762,17080,576,14001,577,12314,543,1687,311,638,209,1049,247,3079,424,2751,395,328,139
860Z200US95765,14882,490,11241,440,9441,448,1800,320,524,191,1276,250,3641,407,2690,319,951,237
860Z200US95776,8682,448,6956,351,5143,381,1813,289,613,162,1200,254,1726,324,1376,293,350,140
860Z200US95811,4911,390,1152,198,746,145,406,127,161,89,245,115,3759,371,2829,351,930,256
860Z200US95814,7154,612,1161,245,841,211,320,104,60,37,260,97,5993,626,4986,582,1007,211
860Z200US95815,9668,624,5703,471,3105,415,2598,465,1000,409,1598,311,3965,487,3077,447,888,227
860Z200US95816,11109,583,3286,462,2727,386,559,242,101,74,458,214,7823,542,5965,525,1858,330
860Z200US95817,6754,533,2588,329,1720,265,868,233,301,140,567,177,4166,542,2927,525,1239,258
860Z200US95818,10916,548,5403,441,4200,440,1203,296,468,231,735,252,5513,447,4251,424,1262,221
860Z200US95819,8417,554,4532,426,3957,429,575,163,196,104,379,115,3885,477,3235,467,650,168
860Z200US95820,13511,687,7791,496,4622,317,3169,408,1068,314,2101,321,5720,555,3962,529,1758,375
860Z200US95821,15500,765,9478,551,6313,554,3165,428,1137,236,2028,386,6022,659,4982,575,1040,271
860Z200US95822,16695,621,10610,563,6783,493,3827,416,1079,219,2748,375,6085,503,4882,452,1203,273
860Z200US95823,24323,737,18550,746,10180,674,8370,641,2377,450,5993,583,5773,522,4713,509,1060,259
860Z200US95824,9245,414,6876,503,3358,390,3518,420,1101,243,2417,446,2369,346,1904,300,465,134
860Z200US95825,15717,591,7165,605,4027,480,3138,483,717,248,2421,429,8552,613,6484,575,2068,402
860Z200US95826,15877,674,9255,486,5890,506,3365,332,1258,311,2107,290,6622,706,4266,578,2356,403
860Z200US95827,7542,396,5045,423,3535,401,1510,264,490,169,1020,237,2497,262,1626,240,871,193
860Z200US95828,17912,688,13790,687,8276,571,5514,538,2014,353,3500,474,4122,458,3069,382,1053,268
860Z200US95829,9397,451,7810,509,5790,477,2020,324,538,135,1482,298,1587,293,1266,252,321,127
860Z200US95830,188,62,162,62,94,39,68,60,54,56,14,21,26,23,17,21,9,13
860Z200US95831,19059,806,11415,674,7950,538,3465,569,973,266,2492,486,7644,638,6319,634,1325,283
860Z200US95832,3280,430,2751,362,1505,272,1246,295,227,120,1019,311,529,256,317,113,212,239
860Z200US95833,15712,650,9937,565,6675,606,3262,501,1134,296,2128,434,5775,547,3985,477,1790,283
860Z200US95834,13070,706,8649,670,6284,540,2365,402,606,206,1759,386,4421,509,3434,447,987,265
860Z200US95835,15071,682,10854,585,7971,608,2883,458,1031,275,1852,305,4217,495,3500,503,717,194
860Z200US95837,128,59,115,57,81,49,34,22,15,12,19,18,13,17,13,17,0,14
860Z200US95838,12016,558,8942,585,4970,488,3972,526,1164,269,2808,436,3074,409,2581,421,493,148
860Z200US95841,8232,536,4960,520,3145,426,1815,365,543,222,1272,302,3272,518,2484,453,788,265
860Z200US95842,11660,447,8079,515,4826,452,3253,457,905,251,2348,330,3581,440,2668,386,913,217
860Z200US95843,15019,629,11508,685,8216,669,3292,523,1001,268,2291,528,3511,406,2712,363,799,269
860Z200US95864,10041,634,7022,616,5786,564,1236,299,412,166,824,230,3019,415,2546,401,473,184
860Z200US95901,13380,523,8867,561,5517,582,3350,450,832,258,2518,364,4513,522,3422,469,1091,282
860Z200US95903,662,101,375,69,360,64,15,17,0,14,15,17,287,99,260,96,27,22
860Z200US95910,10,17,10,17,10,17,0,14,0,14,0,14,0,14,0,14,0,14
860Z200US95912,1580,379,1143,229,875,179,268,149,33,38,235,149,437,425,410,426,27,45
860Z200US95913,120,74,116,73,59,41,57,60,40,55,17,25,4,6,4,6,0,14
860Z200US95914,187,52,117,48,95,45,22,18,4,6,18,17,70,27,36,20,34,20
860Z200US95915,0,14,0,14,0,14,0,14,0,14,0,14,0,14,0,14,0,14
860Z200US95916,272,87,131,50,42,26,89,43,25,23,64,41,141,69,92,59,49,33
860Z200US95917,1199,153,848,149,565,126,283,110,104,88,179,78,351,102,249,98,102,60
860Z200US95918,799,176,490,135,470,133,20,23,0,14,20,23,309,182,233,154,76,103
860Z200US95919,516,217,349,204,188,119,161,171,147,171,14,20,167,97,167,97,0,14
860Z200US95920,135,62,56,36,40,28,16,24,16,24,0,14,79,55,79,55,0,14
860Z200US95922,279,74,112,50,79,45,33,23,8,9,25,20,167,56,157,53,10,12
860Z200US95923,35,36,16,18,16,18,0,14,0,14,0,14,19,31,19,31,0,14
860Z200US95925,35,31,22,23,13,18,9,13,0,14,9,13,13,20,0,14,13,20
860Z200US95926,17099,596,8205,615,5511,460,2694,510,1103,420,1591,308,8894,635,4848,481,4046,542
860Z200US95928,16285,708,7480,582,5360,562,2120,302,718,209,1402,263,8805,654,5148,485,3657,567
860Z200US95929,0,14,0,14,0,14,0,14,0,14,0,14,0,14,0,14,0,14
860Z200US95930,155,142,155,142,24,19,131,142,0,14,131,142,0,14,0,14,0,14
860Z200US95932,2994,295,1959,262,1345,236,614,208,272,157,342,116,1035,243,907,240,128,64
860Z200US95934,50,51,9,14,9,14,0,14,0,14,0,14,41,51,41,51,0,14
860Z200US95935,302,142,250,142,179,121,71,84,0,14,71,84,52,43,17,15,35,42
860Z200US95936,51,46,34,33,34,33,0,14,0,14,0,14,17,32,17,32,0,14
860Z200US95937,392,188,107,72,69,65,38,44,26,40,12,21,285,165,252,152,33,52
860Z200US95938,1513,228,1088,196,927,170,161,112,57,72,104,87,425,199,292,147,133,161
860Z200US95939,167,62,84,41,80,40,4,7,1,3,3,5,83,51,81,51,2,4
860Z200US95941,32,37,32,37,32,37,0,14,0,14,0,14,0,14,0,14,0,14
860Z200US95942,782,249,704,250,559,268,145,133,0,14,145,133,78,71,62,68,16,20
860Z200US95943,273,79,113,38,109,37,4,9,0,14,4,9,160,67,130,60,30,29
860Z200US95944,122,117,0,14,0,14,0,14,0,14,0,14,122,117,122,117,0,14
860Z200US95945,12001,471,6448,406,4515,442,1933,307,480,170,1453,287,5553,551,4815,525,738,206
860Z200US95946,4093,388,2901,345,2615,325,286,151,29,35,257,141,1192,307,1035,279,157,115
860Z200US95947,598,165,434,150,382,135,52,68,52,68,0,14,164,99,124,71,40,61
860Z200US95948,3836,344,2816,260,2107,241,709,202,311,132,398,140,1020,221,817,213,203,83
860Z200US95949,8380,442,5496,449,4553,455,943,210,399,145,544,170,2884,389,1811,296,1073,311
860Z200US95950,100,83,83,80,83,80,0,14,0,14,0,14,17,21,17,21,0,14
860Z200US95951,788,145,631,129,433,116,198,83,89,47,109,70,157,74,95,49,62,59
860Z200US95953,3420,293,2619,233,1771,264,848,200,186,126,662,183,801,240,750,231,51,42
860Z200US95954,3353,321,2087,307,1387,213,700,246,193,86,507,229,1266,237,900,198,366,131
860Z200US95955,487,133,340,111,276,97,64,56,5,9,59,56,147,71,124,72,23,24
860Z200US95956,186,86,91,52,91,52,0,14,0,14,0,14,95,64,87,63,8,13
860Z200US95957,260,57,185,48,127,39,58,36,58,36,0,14,75,32,60,26,15,15
860Z200US95958,0,14,0,14,0,14,0,14,0,14,0,14,0,14,0,14,0,14
860Z200US95959,7437,530,4862,386,4167,394,695,217,178,88,517,202,2575,395,1951,343,624,197
860Z200US95960,272,125,101,72,75,69,26,21,13,17,13,15,171,107,141,99,30,42
860Z200US95961,10211,546,8089,442,5779,488,2310,371,908,244,1402,305,2122,507,1581,418,541,232
860Z200US95962,458,158,263,144,213,134,50,50,0,14,50,50,195,78,130,76,65,76
860Z200US95963,5544,322,4081,321,3028,355,1053,244,374,168,679,174,1463,280,1259,285,204,100
860Z200US95965,7178,474,4503,344,2839,295,1664,266,423,148,1241,197,2675,392,2208,398,467,157
860Z200US95966,11466,556,7454,453,5385,448,2069,354,729,213,1340,322,4012,434,3392,421,620,163
860Z200US95968,608,153,412,120,187,97,225,107,169,91,56,52,196,102,169,105,27,40
860Z200US95969,3764,348,2382,308,1856,328,526,161,190,107,336,129,1382,345,1248,337,134,81
860Z200US95970,166,59,117,51,93,41,24,28,20,27,4,6,49,36,49,36,0,14
860Z200US95971,2304,292,1675,290,1137,255,538,238,226,129,312,186,629,251,509,235,120,81
860Z200US95972,0,14,0,14,0,14,0,14,0,14,0,14,0,14,0,14,0,14
860Z200US95973,15323,635,9525,566,6750,461,2775,381,777,224,1998,336,5798,543,3908,517,1890,287
860Z200US95974,62,45,13,20,13,20,0,14,0,14,0,14,49,50,23,34,26,39
860Z200US95975,517,156,245,105,207,88,38,63,0,14,38,63,272,130,233,120,39,61
860Z200US95977,710,197,442,147,370,150,72,49,40,32,32,37,268,116,191,101,77,58
860Z200US95978,30,47,30,47,0,14,30,47,0,14,30,47,0,14,0,14,0,14
860Z200US95979,285,116,127,41,90,34,37,24,17,18,20,16,158,102,151,100,7,9
860Z200US95981,39,37,29,32,29,32,0,14,0,14,0,14,10,16,10,16,0,14
860Z200US95982,1130,171,806,157,695,158,111,63,21,33,90,56,324,91,316,91,8,12
860Z200US95983,183,86,83,79,52,51,31,46,0,14,31,46,100,68,100,68,0,14
860Z200US95984,51,37,0,14,0,14,0,14,0,14,0,14,51,37,51,37,0,14
860Z200US95986,51,41,31,39,8,13,23,37,0,14,23,37,20,15,20,15,0,14
860Z200US95987,1928,237,1505,207,1172,263,333,162,92,81,241,131,423,156,357,134,66,63
860Z200US95988,3046,229,2097,214,1606,226,491,196,105,96,386,166,949,220,881,218,68,53
860Z200US95991,14630,465,10266,564,6795,472,3471,393,1245,306,2226,328,4364,500,3416,427,948,214
860Z200US95993,12838,559,9454,516,7212,550,2242,298,848,259,1394,292,3384,449,2649,401,735,256
860Z200US96001,13089,544,7988,490,5825,407,2163,405,635,272,1528,349,5101,434,3466,409,1635,323
860Z200US96002,12882,453,8079,538,5425,407,2654,426,806,214,1848,358,4803,440,3762,354,1041,264
860Z200US96003,18047,590,10310,681,7814,613,2496,360,790,204,1706,312,7737,555,5889,490,1848,349
860Z200US96006,195,83,96,53,73,46,23,25,10,17,13,19,99,56,85,50,14,23
860Z200US96007,9663,560,5939,576,4228,489,1711,365,633,253,1078,297,3724,490,2978,423,746,225
860Z200US96008,402,133,255,104,252,103,3,5,0,14,3,5,147,93,81,56,66,75
860Z200US96009,107,43,63,40,47,36,16,16,0,14,16,16,44,28,29,20,15,21
860Z200US96010,25,22,10,13,10,13,0,14,0,14,0,14,15,19,15,19,0,14
860Z200US96011,39,20,17,11,9,8,8,8,0,14,8,8,22,18,15,16,7,11
860Z200US96013,1598,208,1042,212,724,167,318,167,35,43,283,163,556,149,530,150,26,31
860Z200US96014,118,70,85,54,68,62,17,23,0,14,17,23,33,50,33,50,0,14
860Z200US96015,122,73,64,73,64,73,0,14,0,14,0,14,58,44,58,44,0,14
860Z200US96016,113,81,80,62,80,62,0,14,0,14,0,14,33,52,33,52,0,14
860Z200US96017,70,32,48,25,36,21,12,11,7,11,5,9,22,17,18,16,4,6
860Z200US96019,4040,252,2701,173,1945,244,756,201,285,142,471,142,1339,254,971,239,368,123
860Z200US96020,1119,215,644,178,528,143,116,106,37,46,79,90,475,182,406,176,69,72
860Z200US96021,5310,378,3707,333,2758,300,949,237,304,138,645,205,1603,317,1261,272,342,150
860Z200US96022,6246,405,4626,430,3580,432,1046,285,418,192,628,220,1620,269,1109,229,511,200
860Z200US96023,498,88,286,77,161,59,125,57,49,36,76,37,212,65,181,46,31,38
860Z200US96024,394,85,127,59,77,46,50,49,50,49,0,14,267,85,234,83,33,28
860Z200US96025,949,112,471,82,316,71,155,50,51,31,104,46,478,84,394,80,84,41
860Z200US96027,813,141,574,136,417,120,157,69,29,25,128,64,239,79,190,71,49,33
860Z200US96028,599,158,471,145,312,117,159,99,37,49,122,84,128,74,118,72,10,15
860Z200US96029,46,27,33,23,29,22,4,5,4,5,0,14,13,13,11,12,2,4
860Z200US96031,40,23,16,13,15,13,1,2,0,14,1,2,24,19,19,19,5,5
860Z200US96032,1036,142,674,125,517,113,157,62,57,39,100,54,362,112,236,91,126,68
860Z200US96033,81,34,54,27,43,22,11,12,0,14,11,12,27,18,20,14,7,10
860Z200US96034,148,41,85,33,69,30,16,15,11,14,5,5,63,27,56,25,7,13
860Z200US96035,1421,239,851,185,675,176,176,84,9,16,167,83,570,216,482,209,88,69
860Z200US96037,81,72,50,56,50,56,0,14,0,14,0,14,31,47,0,14,31,47
860Z200US96038,230,72,161,71,120,63,41,33,8,12,33,31,69,46,51,42,18,21
860Z200US96039,279,68,143,53,101,49,42,25,18,20,24,17,136,55,104,47,32,25
860Z200US96040,22,24,9,15,9,15,0,14,0,14,0,14,13,19,0,14,13,19
860Z200US96041,1223,298,584,224,445,211,139,130,49,75,90,107,639,288,535,261,104,117
860Z200US96044,467,79,270,56,208,42,62,38,18,16,44,34,197,57,169,53,28,17
860Z200US96046,63,47,63,47,35,39,28,44,28,44,0,14,0,14,0,14,0,14
860Z200US96047,341,102,234,84,188,77,46,40,27,32,19,27,107,52,97,47,10,16
860Z200US96048,319,87,182,60,134,49,48,37,16,27,32,27,137,65,119,63,18,13
860Z200US96050,218,58,106,36,102,36,4,5,2,4,2,3,112,42,97,38,15,15
860Z200US96051,443,108,315,105,259,103,56,35,17,20,39,30,128,54,128,54,0,14
860Z200US96052,622,148,315,120,188,78,127,74,46,43,81,64,307,96,276,91,31,39
860Z200US96054,88,43,53,33,30,28,23,25,23,25,0,14,35,32,35,32,0,14
860Z200US96055,1397,224,890,199,638,176,252,105,71,61,181,95,507,129,442,125,65,40
860Z200US96056,669,180,476,151,398,148,78,58,41,41,37,32,193,94,168,88,25,39
860Z200US96057,510,63,283,55,236,54,47,26,34,20,13,14,227,58,203,55,24,17
860Z200US96058,223,64,161,56,128,57,33,20,20,19,13,10,62,39,59,39,3,7
860Z200US96059,302,146,198,129,144,123,54,46,26,41,28,22,104,72,66,69,38,63
860Z200US96061,51,67,8,11,8,11,0,14,0,14,0,14,43,66,43,66,0,14
860Z200US96062,412,104,330,95,283,90,47,24,20,16,27,19,82,51,71,50,11,11
860Z200US96063,66,66,66,66,66,66,0,14,0,14,0,14,0,14,0,14,0,14
860Z200US96064,1809,164,1202,132,953,126,249,71,83,40,166,64,607,108,454,87,153,63
860Z200US96065,98,40,54,29,29,23,25,22,12,18,13,13,44,29,41,29,3,5
860Z200US96067,3836,314,2425,284,1876,284,549,169,142,61,407,166,1411,294,1223,274,188,111
860Z200US96068,9,12,2,4,2,4,0,14,0,14,0,14,7,11,7,11,0,14
860Z200US96069,557,124,395,121,325,116,70,35,36,22,34,28,162,71,153,71,9,8
860Z200US96071,20,22,0,14,0,14,0,14,0,14,0,14,20,22,20,22,0,14
860Z200US96073,2016,185,1562,187,1363,178,199,93,88,59,111,83,454,130,421,124,33,23
860Z200US96074,54,31,29,25,16,17,13,19,0,14,13,19,25,18,22,18,3,4
860Z200US96075,93,74,30,25,13,16,17,21,11,18,6,11,63,69,50,67,13,23
860Z200US96076,53,62,6,10,6,10,0,14,0,14,0,14,47,61,47,61,0,14
860Z200US96078,88,97,88,97,88,97,0,14,0,14,0,14,0,14,0,14,0,14
860Z200US96080,12340,534,8175,521,5720,493,2455,412,677,226,1778,355,4165,526,3316,445,849,288
860Z200US96084,282,73,190,52,143,47,47,32,8,9,39,30,92,45,88,44,4,6
860Z200US96085,39,26,13,14,13,14,0,14,0,14,0,14,26,22,19,20,7,10
860Z200US96086,144,41,82,32,73,31,9,7,0,14,9,7,62,31,47,22,15,20
860Z200US96087,311,111,243,99,145,64,98,72,64,59,34,39,68,53,0,14,68,53
860Z200US96088,2113,290,1191,247,1025,249,166,91,79,58,87,70,922,240,775,233,147,68
860Z200US96090,161,47,109,38,91,37,18,11,4,5,14,10,52,25,47,24,5,7
860Z200US96091,395,109,232,86,214,84,18,17,10,12,8,10,163,58,143,55,20,11
860Z200US96092,107,67,89,64,74,67,15,12,0,14,15,12,18,21,18,21,0,14
860Z200US96093,1690,263,942,305,808,307,134,143,0,14,134,143,748,246,604,242,144,110
860Z200US96094,2823,182,1714,185,1281,191,433,111,136,63,297,97,1109,171,869,156,240,87
860Z200US96096,268,69,165,48,149,48,16,10,12,9,4,7,103,53,87,51,16,18
860Z200US96097,4397,293,2485,267,1601,240,884,201,110,72,774,188,1912,297,1597,262,315,128
860Z200US96101,1928,215,1219,195,1031,179,188,77,60,48,128,59,709,200,604,165,105,92
860Z200US96103,521,124,356,100,315,98,41,34,0,14,41,34,165,72,125,62,40,41
860Z200US96104,364,100,220,79,157,59,63,55,15,22,48,49,144,74,140,74,4,6
860Z200US96105,220,147,190,142,158,131,32,49,0,14,32,49,30,38,30,38,0,14
860Z200US96106,110,84,91,75,26,25,65,74,0,14,65,74,19,34,19,34,0,14
860Z200US96107,332,108,218,103,218,103,0,14,0,14,0,14,114,70,98,69,16,23
860Z200US96108,33,36,33,36,33,36,0,14,0,14,0,14,0,14,0,14,0,14
860Z200US96109,523,98,319,103,150,72,169,109,72,65,97,78,204,73,196,73,8,12
860Z200US96110,50,28,16,13,16,13,0,14,0,14,0,14,34,26,34,26,0,14
860Z200US96111,15,16,7,13,7,13,0,14,0,14,0,14,8,14,6,9,2,7
860Z200US96112,64,33,42,26,16,13,26,20,2,4,24,20,22,17,21,16,1,3
860Z200US96113,219,74,164,68,85,57,79,36,17,22,62,40,55,29,53,30,2,3
860Z200US96114,1151,164,813,163,679,167,134,80,32,25,102,74,338,118,249,105,89,63
860Z200US96115,77,39,39,27,39,27,0,14,0,14,0,14,38,32,38,32,0,14
860Z200US96116,6,11,6,11,6,11,0,14,0,14,0,14,0,14,0,14,0,14
860Z200US96117,69,39,69,39,37,29,32,29,0,14,32,29,0,14,0,14,0,14
860Z200US96118,622,149,342,138,342,138,0,14,0,14,0,14,280,96,280,96,0,14
860Z200US96119,6,9,0,14,0,14,0,14,0,14,0,14,6,9,6,9,0,14
860Z200US96120,345,63,244,48,178,45,66,28,29,15,37,21,101,46,80,39,21,18
860Z200US96121,73,49,63,45,32,30,31,34,12,21,19,27,10,15,10,15,0,14
860Z200US96122,1806,278,936,200,743,195,193,81,54,49,139,59,870,230,612,170,258,189
860Z200US96123,23,11,11,7,2,3,9,7,2,3,7,6,12,11,10,8,2,6
860Z200US96124,43,34,43,34,31,27,12,16,0,14,12,16,0,14,0,14,0,14
860Z200US96125,163,68,119,62,119,62,0,14,0,14,0,14,44,45,44,45,0,14
860Z200US96126,136,82,56,44,51,44,5,8,0,14,5,8,80,69,80,69,0,14
860Z200US96128,228,93,177,73,172,72,5,7,0,14,5,7,51,52,51,52,0,14
860Z200US96129,152,104,119,106,75,85,44,63,44,63,0,14,33,37,21,32,12,18
860Z200US96130,5894,292,3491,299,2647,249,844,182,349,129,495,145,2403,280,2001,267,402,111
860Z200US96132,13,16,10,15,10,15,0,14,0,14,0,14,3,5,3,5,0,14
860Z200US96133,52,51,52,51,52,51,0,14,0,14,0,14,0,14,0,14,0,14
860Z200US96134,812,124,583,100,400,91,183,70,74,48,109,58,229,69,181,65,48,43
860Z200US96135,0,14,0,14,0,14,0,14,0,14,0,14,0,14,0,14,0,14
860Z200US96136,11,15,11,15,11,15,0,14,0,14,0,14,0,14,0,14,0,14
860Z200US96137,1366,205,911,155,681,130,230,117,99,96,131,98,455,137,373,122,82,72
860Z200US96140,500,143,266,119,266,119,0,14,0,14,0,14,234,99,136,75,98,74
860Z200US96141,247,57,202,60,172,56,30,25,9,13,21,21,45,27,40,25,5,8
860Z200US96142,367,67,184,61,174,61,10,14,10,14,0,14,183,59,122,50,61,39
860Z200US96143,1318,230,809,177,673,181,136,100,11,33,125,98,509,195,367,163,142,122
860Z200US96145,1469,219,965,199,864,207,101,59,20,29,81,58,504,148,451,142,53,41
860Z200US96146,546,91,308,75,291,75,17,21,17,21,0,14,238,83,166,70,72,46
860Z200US96148,254,104,202,94,190,93,12,19,0,14,12,19,52,44,23,29,29,33
860Z200US96150,12864,507,7281,432,5761,437,1520,269,480,141,1040,226,5583,563,3909,464,1674,298
860Z200US96155,0,14,0,14,0,14,0,14,0,14,0,14,0,14,0,14,0,14
860Z200US96161,7929,322,5399,316,4758,345,641,205,283,139,358,155,2530,374,1891,316,639,182
