year,policy_form,zip,county,avg_fire_risk,count_n,count_l,count_m,count_h,count_e,earned_exposure
2018,CO,95602,Placer,0.91,21.0,178.0,3.0,0.0,0.0,202.0
2018,DO,95602,Placer,2.83,0.0,2.0,11.0,43.0,5.0,61.0
2018,DT,95602,Placer,1.78,26.0,192.0,109.0,130.0,5.0,462.0
2018,HO,95602,Placer,2.19,146.0,935.0,765.0,1772.0,84.0,3701.0
2018,MH,95602,Placer,0.66,134.0,27.0,28.0,16.0,1.0,206.0
2018,RT,95602,Placer,0.97,109.0,160.0,40.0,23.0,4.0,337.0
2019,CO,95602,Placer,0.91,28.0,195.0,5.0,1.0,0.0,229.0
2019,DO,95602,Placer,3.08,0.0,3.0,22.0,284.0,58.0,367.0
2019,DT,95602,Placer,1.81,30.0,194.0,128.0,143.0,7.0,502.0
2019,HO,95602,Placer,2.15,162.0,942.0,902.0,1613.0,113.0,3733.0
2019,MH,95602,Placer,0.74,132.0,45.0,26.0,20.0,3.0,225.0
2019,RT,95602,Placer,1.08,78.0,164.0,51.0,23.0,2.0,319.0
2020,CO,95602,Placer,0.74,72.0,171.0,4.0,1.0,0.0,248.0
2020,DO,95602,Placer,2.99,1.0,23.0,110.0,798.0,152.0,1084.0
2020,DT,95602,Placer,1.99,30.0,161.0,145.0,183.0,17.0,535.0
2020,HO,95602,Placer,2.18,176.0,884.0,1016.0,1500.0,212.0,3789.0
2020,MH,95602,Placer,1.0,104.0,80.0,28.0,28.0,6.0,245.0
2020,RT,95602,Placer,1.16,88.0,145.0,54.0,31.0,8.0,327.0
2021,CO,95602,Placer,0.88,61.0,181.0,25.0,2.0,0.0,268.0
2021,DO,95602,Placer,2.95,3.0,40.0,160.0,970.0,182.0,1354.0
2021,DT,95602,Placer,2.09,23.0,138.0,167.0,191.0,21.0,541.0
2021,HO,95602,Placer,2.18,138.0,919.0,1078.0,1462.0,216.0,3813.0
2021,MH,95602,Placer,1.09,89.0,96.0,27.0,32.0,7.0,251.0
2021,RT,95602,Placer,1.3,64.0,142.0,65.0,35.0,7.0,314.0
2022,CO,95602,Placer,1.03,44.0,184.0,49.0,2.0,0.0,278.0
2022,DO,95602,Placer,2.93,5.0,47.0,182.0,1047.0,193.0,1474.0
2022,DT,95602,Placer,2.13,29.0,125.0,171.0,203.0,26.0,554.0
2022,HO,95602,Placer,2.09,179.0,1020.0,1190.0,1342.0,193.0,3925.0
2022,MH,95602,Placer,1.15,80.0,112.0,25.0,36.0,8.0,261.0
2022,RT,95602,Placer,1.36,46.0,148.0,70.0,34.0,6.0,304.0
2023,CO,95602,Placer,1.09,43.0,218.0,69.0,3.0,0.0,333.0
2023,DO,95602,Placer,2.94,0.0,42.0,246.0,1190.0,221.0,1699.0
2023,DT,95602,Placer,2.28,8.0,110.0,193.0,233.0,27.0,572.0
2023,HO,95602,Placer,2.14,67.0,1070.0,1167.0,1407.0,176.0,3887.0
2023,MH,95602,Placer,1.18,79.0,111.0,26.0,33.0,11.0,260.0
2023,RT,95602,Placer,1.46,49.0,157.0,67.0,56.0,8.0,336.0
2018,CO,95603,Placer,1.26,14.0,134.0,27.0,19.0,0.0,194.0
2018,DO,95603,Placer,2.48,3.0,5.0,12.0,33.0,3.0,55.0
2018,DT,95603,Placer,1.54,104.0,479.0,242.0,206.0,4.0,1035.0
2018,HO,95603,Placer,1.69,511.0,1948.0,1554.0,1291.0,20.0,5325.0
2018,MH,95603,Placer,0.47,274.0,36.0,30.0,25.0,0.0,365.0
2018,RT,95603,Placer,0.99,197.0,422.0,89.0,51.0,1.0,760.0
2019,CO,95603,Placer,1.3,16.0,147.0,31.0,26.0,0.0,220.0
2019,DO,95603,Placer,2.81,3.0,7.0,16.0,99.0,13.0,137.0
2019,DT,95603,Placer,1.55,111.0,487.0,271.0,217.0,4.0,1090.0
2019,HO,95603,Placer,1.66,559.0,2033.0,1677.0,1223.0,33.0,5525.0
2019,MH,95603,Placer,0.49,280.0,56.0,32.0,24.0,0.0,392.0
2019,RT,95603,Placer,1.02,176.0,472.0,103.0,41.0,2.0,794.0
2020,CO,95603,Placer,1.25,30.0,130.0,36.0,23.0,1.0,221.0
2020,DO,95603,Placer,2.87,2.0,17.0,33.0,277.0,29.0,359.0
2020,DT,95603,Placer,1.63,112.0,398.0,303.0,224.0,7.0,1044.0
2020,HO,95603,Placer,1.68,571.0,1700.0,1591.0,1097.0,71.0,5030.0
2020,MH,95603,Placer,0.63,255.0,130.0,30.0,25.0,4.0,444.0
2020,RT,95603,Placer,0.99,216.0,440.0,140.0,24.0,5.0,826.0
2021,CO,95603,Placer,1.33,23.0,129.0,45.0,25.0,1.0,224.0
2021,DO,95603,Placer,2.83,12.0,22.0,49.0,457.0,33.0,573.0
2021,DT,95603,Placer,1.73,92.0,372.0,333.0,252.0,11.0,1060.0
2021,HO,95603,Placer,1.69,450.0,1866.0,1841.0,989.0,76.0,5222.0
2021,MH,95603,Placer,0.63,275.0,136.0,34.0,24.0,6.0,475.0
2021,RT,95603,Placer,1.09,172.0,463.0,186.0,24.0,5.0,851.0
2022,CO,95603,Placer,1.44,15.0,133.0,63.0,27.0,1.0,238.0
2022,DO,95603,Placer,2.83,10.0,27.0,52.0,497.0,30.0,616.0
2022,DT,95603,Placer,1.77,94.0,365.0,356.0,280.0,11.0,1105.0
2022,HO,95603,Placer,1.68,385.0,2048.0,2007.0,914.0,80.0,5434.0
2022,MH,95603,Placer,0.63,285.0,130.0,39.0,25.0,6.0,485.0
2022,RT,95603,Placer,1.17,146.0,507.0,214.0,34.0,7.0,908.0
2023,CO,95603,Placer,1.57,11.0,146.0,75.0,46.0,1.0,279.0
2023,DO,95603,Placer,2.83,5.0,36.0,60.0,554.0,33.0,687.0
2023,DT,95603,Placer,1.88,59.0,364.0,367.0,316.0,15.0,1121.0
2023,HO,95603,Placer,1.74,236.0,2097.0,2017.0,992.0,79.0,5422.0
2023,MH,95603,Placer,0.67,279.0,132.0,43.0,22.0,11.0,486.0
2023,RT,95603,Placer,1.36,149.0,505.0,229.0,117.0,18.0,1018.0
2018,HO,95604,Placer,3.38,0.0,0.0,0.0,0.0,1.0,1.0
2018,RT,95604,Placer,0.11,1.0,0.0,0.0,0.0,0.0,1.0
2019,CO,95604,Placer,1.0,0.0,0.0,0.0,0.0,0.0,0.0
2019,RT,95604,Placer,1.0,0.0,1.0,0.0,0.0,0.0,1.0
2020,CO,95604,Placer,1.0,0.0,1.0,0.0,0.0,0.0,1.0
2020,HO,95604,Placer,1.0,0.0,1.0,0.0,0.0,0.0,1.0
2020,MH,95604,Placer,0.0,1.0,0.0,0.0,0.0,0.0,1.0
2020,RT,95604,Placer,1.0,0.0,1.0,0.0,0.0,0.0,1.0
2021,CO,95604,Placer,1.0,0.0,1.0,0.0,0.0,0.0,1.0
2021,RT,95604,Placer,1.0,0.0,1.0,0.0,0.0,0.0,1.0
2022,CO,95604,Placer,1.0,0.0,1.0,0.0,0.0,0.0,1.0
2022,DT,95604,Placer,1.26,1.0,0.0,0.0,0.0,0.0,1.0
2022,RT,95604,Placer,2.0,0.0,0.0,1.0,0.0,0.0,1.0
2023,CO,95604,Placer,1.0,0.0,1.0,0.0,0.0,0.0,1.0
2023,DO,95604,Placer,2.0,0.0,0.0,0.0,0.0,0.0,0.0
2023,DT,95604,Placer,1.5,1.0,0.0,0.0,1.0,0.0,2.0
2023,RT,95604,Placer,1.0,1.0,0.0,1.0,0.0,0.0,2.0
2018,DO,95626,Sacramento,0.0,10.0,0.0,0.0,0.0,0.0,10.0
2018,DT,95626,Sacramento,0.35,77.0,42.0,0.0,0.0,0.0,119.0
2018,HO,95626,Sacramento,0.35,652.0,347.0,0.0,0.0,0.0,1000.0
2018,MH,95626,Sacramento,0.17,24.0,5.0,0.0,0.0,0.0,29.0
2018,RT,95626,Sacramento,0.73,16.0,43.0,0.0,0.0,0.0,58.0
2019,DO,95626,Sacramento,0.0,11.0,0.0,0.0,0.0,0.0,11.0
2019,DT,95626,Sacramento,0.39,74.0,48.0,0.0,0.0,0.0,121.0
2019,HO,95626,Sacramento,0.32,705.0,338.0,0.0,0.0,0.0,1044.0
2019,MH,95626,Sacramento,0.21,24.0,6.0,0.0,0.0,0.0,30.0
2019,RT,95626,Sacramento,0.79,12.0,46.0,0.0,0.0,0.0,58.0
2020,DO,95626,Sacramento,0.01,11.0,0.0,0.0,0.0,0.0,11.0
2020,DT,95626,Sacramento,0.35,74.0,39.0,0.0,0.0,0.0,113.0
2020,HO,95626,Sacramento,0.26,729.0,240.0,8.0,1.0,0.0,977.0
2020,MH,95626,Sacramento,0.47,23.0,21.0,0.0,0.0,0.0,45.0
2020,RT,95626,Sacramento,0.69,17.0,28.0,2.0,0.0,0.0,47.0
2021,DO,95626,Sacramento,0.09,11.0,1.0,0.0,0.0,0.0,12.0
2021,DT,95626,Sacramento,0.35,67.0,36.0,0.0,0.0,0.0,103.0
2021,HO,95626,Sacramento,0.29,693.0,255.0,9.0,1.0,1.0,959.0
2021,MH,95626,Sacramento,0.48,25.0,23.0,0.0,0.0,0.0,48.0
2021,RT,95626,Sacramento,0.71,20.0,39.0,2.0,0.0,0.0,61.0
2022,DO,95626,Sacramento,0.27,8.0,3.0,0.0,0.0,0.0,11.0
2022,DT,95626,Sacramento,0.37,67.0,39.0,0.0,0.0,0.0,107.0
2022,HO,95626,Sacramento,0.36,652.0,298.0,17.0,3.0,2.0,972.0
2022,MH,95626,Sacramento,0.44,27.0,22.0,0.0,0.0,0.0,49.0
2022,RT,95626,Sacramento,0.77,20.0,36.0,4.0,1.0,0.0,62.0
2023,DO,95626,Sacramento,0.23,12.0,4.0,0.0,0.0,0.0,16.0
2023,DT,95626,Sacramento,0.4,62.0,40.0,0.0,0.0,0.0,102.0
2023,HO,95626,Sacramento,0.36,648.0,309.0,18.0,1.0,1.0,977.0
2023,MH,95626,Sacramento,0.46,26.0,23.0,0.0,0.0,0.0,49.0
2023,RT,95626,Sacramento,0.68,30.0,37.0,5.0,1.0,0.0,72.0
2018,DO,95631,Placer,2.9,1.0,0.0,6.0,69.0,0.0,75.0
2018,DT,95631,Placer,2.81,0.0,0.0,31.0,87.0,7.0,124.0
2018,HO,95631,Placer,2.95,0.0,2.0,201.0,976.0,136.0,1315.0
2018,MH,95631,Placer,2.8,3.0,0.0,31.0,129.0,7.0,171.0
2018,RT,95631,Placer,1.58,18.0,1.0,2.0,11.0,5.0,36.0
2019,DO,95631,Placer,2.96,1.0,0.0,13.0,360.0,1.0,376.0
2019,DT,95631,Placer,2.8,1.0,0.0,32.0,105.0,6.0,144.0
2019,HO,95631,Placer,2.92,1.0,6.0,219.0,955.0,129.0,1311.0
2019,MH,95631,Placer,2.85,1.0,0.0,33.0,132.0,8.0,173.0
2019,RT,95631,Placer,1.9,15.0,1.0,2.0,11.0,8.0,38.0
2020,DO,95631,Placer,2.93,1.0,0.0,64.0,823.0,2.0,889.0
2020,DT,95631,Placer,2.8,1.0,0.0,36.0,128.0,6.0,171.0
2020,HO,95631,Placer,2.91,5.0,3.0,234.0,1061.0,121.0,1423.0
2020,MH,95631,Placer,2.87,0.0,0.0,36.0,137.0,13.0,185.0
2020,RT,95631,Placer,1.98,17.0,1.0,2.0,12.0,10.0,42.0
2021,DO,95631,Placer,2.87,1.0,0.0,155.0,1036.0,2.0,1194.0
2021,DT,95631,Placer,2.81,1.0,0.0,40.0,145.0,6.0,192.0
2021,HO,95631,Placer,2.9,4.0,4.0,231.0,1062.0,111.0,1411.0
2021,MH,95631,Placer,2.87,0.0,0.0,38.0,143.0,13.0,193.0
2021,RT,95631,Placer,2.09,13.0,2.0,3.0,9.0,11.0,39.0
2022,DO,95631,Placer,2.86,1.0,0.0,181.0,1140.0,2.0,1324.0
2022,DT,95631,Placer,2.68,8.0,0.0,44.0,126.0,8.0,186.0
2022,HO,95631,Placer,2.74,84.0,4.0,215.0,1021.0,105.0,1429.0
2022,MH,95631,Placer,2.87,0.0,0.0,40.0,148.0,13.0,201.0
2022,RT,95631,Placer,2.24,12.0,2.0,3.0,12.0,12.0,41.0
2023,DO,95631,Placer,2.86,0.0,0.0,192.0,1174.0,6.0,1372.0
2023,DT,95631,Placer,2.83,0.0,0.0,41.0,128.0,10.0,180.0
2023,HO,95631,Placer,2.91,0.0,7.0,219.0,1087.0,103.0,1416.0
2023,MH,95631,Placer,2.89,0.0,0.0,38.0,140.0,17.0,194.0
2023,RT,95631,Placer,2.32,11.0,4.0,10.0,18.0,12.0,55.0
2018,CO,95648,Placer,0.75,58.0,95.0,15.0,0.0,0.0,168.0
2018,DO,95648,Placer,0.67,14.0,1.0,0.0,4.0,0.0,20.0
2018,DT,95648,Placer,0.56,711.0,780.0,35.0,3.0,0.0,1530.0
2018,HO,95648,Placer,0.54,5593.0,4859.0,476.0,57.0,1.0,10986.0
2018,MH,95648,Placer,0.81,49.0,32.0,21.0,4.0,0.0,107.0
2018,RT,95648,Placer,0.73,285.0,617.0,29.0,0.0,0.0,932.0
2019,CO,95648,Placer,0.75,64.0,97.0,19.0,0.0,0.0,180.0
2019,DO,95648,Placer,0.64,15.0,4.0,0.0,4.0,0.0,22.0
2019,DT,95648,Placer,0.55,771.0,810.0,37.0,4.0,0.0,1622.0
2019,HO,95648,Placer,0.54,5845.0,4936.0,482.0,54.0,1.0,11319.0
2019,MH,95648,Placer,0.68,74.0,39.0,21.0,4.0,0.0,138.0
2019,RT,95648,Placer,0.74,304.0,687.0,34.0,0.0,0.0,1026.0
2020,CO,95648,Placer,0.67,87.0,79.0,22.0,0.0,1.0,190.0
2020,DO,95648,Placer,1.16,13.0,7.0,2.0,8.0,0.0,30.0
2020,DT,95648,Placer,0.49,785.0,627.0,38.0,4.0,0.0,1453.0
2020,HO,95648,Placer,0.48,6155.0,3907.0,424.0,54.0,31.0,10571.0
2020,MH,95648,Placer,0.75,69.0,57.0,20.0,5.0,0.0,151.0
2020,RT,95648,Placer,0.65,392.0,558.0,40.0,3.0,1.0,994.0
2021,CO,95648,Placer,0.67,84.0,80.0,23.0,0.0,0.0,187.0
2021,DO,95648,Placer,1.25,20.0,15.0,6.0,14.0,0.0,54.0
2021,DT,95648,Placer,0.49,729.0,560.0,40.0,4.0,0.0,1332.0
2021,HO,95648,Placer,0.5,6028.0,4094.0,494.0,62.0,26.0,10704.0
2021,MH,95648,Placer,0.77,67.0,62.0,20.0,5.0,0.0,154.0
2021,RT,95648,Placer,0.7,360.0,585.0,47.0,5.0,2.0,999.0
2022,CO,95648,Placer,0.7,87.0,85.0,25.0,1.0,0.0,198.0
2022,DO,95648,Placer,1.39,15.0,33.0,10.0,17.0,0.0,76.0
2022,DT,95648,Placer,0.51,727.0,585.0,46.0,4.0,2.0,1365.0
2022,HO,95648,Placer,0.53,6053.0,4614.0,541.0,70.0,30.0,11308.0
2022,MH,95648,Placer,0.81,65.0,56.0,22.0,7.0,0.0,150.0
2022,RT,95648,Placer,0.72,368.0,649.0,57.0,5.0,1.0,1079.0
2023,CO,95648,Placer,0.68,106.0,91.0,28.0,1.0,1.0,228.0
2023,DO,95648,Placer,1.34,19.0,38.0,10.0,19.0,0.0,86.0
2023,DT,95648,Placer,0.53,715.0,629.0,43.0,6.0,3.0,1396.0
2023,HO,95648,Placer,0.54,6227.0,4753.0,586.0,75.0,26.0,11667.0
2023,MH,95648,Placer,0.85,62.0,58.0,21.0,9.0,0.0,150.0
2023,RT,95648,Placer,0.69,476.0,714.0,65.0,11.0,1.0,1265.0
2018,CO,95650,Placer,1.0,0.0,15.0,0.0,0.0,0.0,15.0
2018,DO,95650,Placer,2.03,2.0,3.0,4.0,7.0,0.0,16.0
2018,DT,95650,Placer,1.08,50.0,216.0,56.0,10.0,0.0,332.0
2018,HO,95650,Placer,1.47,341.0,1085.0,932.0,322.0,6.0,2686.0
2018,MH,95650,Placer,1.49,10.0,41.0,62.0,2.0,0.0,114.0
2018,RT,95650,Placer,1.18,41.0,105.0,75.0,3.0,0.0,224.0
2019,CO,95650,Placer,0.91,2.0,19.0,0.0,0.0,0.0,21.0
2019,DO,95650,Placer,2.12,5.0,3.0,3.0,17.0,0.0,28.0
2019,DT,95650,Placer,1.06,55.0,228.0,57.0,10.0,0.0,351.0
2019,HO,95650,Placer,1.43,407.0,1138.0,975.0,321.0,10.0,2851.0
2019,MH,95650,Placer,1.51,7.0,51.0,67.0,2.0,0.0,127.0
2019,RT,95650,Placer,1.2,39.0,120.0,80.0,1.0,2.0,242.0
2020,CO,95650,Placer,0.81,5.0,17.0,0.0,0.0,0.0,22.0
2020,DO,95650,Placer,2.49,6.0,8.0,7.0,54.0,1.0,76.0
2020,DT,95650,Placer,1.07,54.0,193.0,55.0,11.0,0.0,314.0
2020,HO,95650,Placer,1.42,411.0,1048.0,906.0,297.0,16.0,2678.0
2020,MH,95650,Placer,1.52,3.0,63.0,70.0,3.0,0.0,139.0
2020,RT,95650,Placer,1.3,37.0,92.0,83.0,8.0,1.0,222.0
2021,CO,95650,Placer,0.99,5.0,14.0,4.0,0.0,0.0,23.0
2021,DO,95650,Placer,2.47,9.0,10.0,15.0,80.0,1.0,115.0
2021,DT,95650,Placer,1.19,43.0,178.0,75.0,13.0,0.0,309.0
2021,HO,95650,Placer,1.49,373.0,979.0,1051.0,290.0,20.0,2714.0
2021,MH,95650,Placer,1.48,3.0,73.0,71.0,1.0,0.0,148.0
2021,RT,95650,Placer,1.39,28.0,88.0,93.0,9.0,0.0,218.0
2022,CO,95650,Placer,1.28,1.0,16.0,8.0,0.0,0.0,26.0
2022,DO,95650,Placer,2.49,5.0,20.0,21.0,99.0,1.0,146.0
2022,DT,95650,Placer,1.22,42.0,177.0,94.0,9.0,1.0,324.0
2022,HO,95650,Placer,1.52,331.0,1020.0,1230.0,266.0,17.0,2864.0
2022,MH,95650,Placer,1.46,5.0,71.0,72.0,1.0,0.0,150.0
2022,RT,95650,Placer,1.34,32.0,95.0,86.0,10.0,1.0,224.0
2023,CO,95650,Placer,1.52,1.0,12.0,17.0,0.0,0.0,30.0
2023,DO,95650,Placer,2.51,3.0,25.0,39.0,132.0,1.0,201.0
2023,DT,95650,Placer,1.34,33.0,181.0,108.0,20.0,0.0,341.0
2023,HO,95650,Placer,1.59,245.0,989.0,1363.0,274.0,17.0,2888.0
2023,MH,95650,Placer,1.44,8.0,62.0,68.0,0.0,0.0,137.0
2023,RT,95650,Placer,1.4,31.0,104.0,77.0,20.0,2.0,233.0
2018,DO,95658,Placer,2.28,1.0,4.0,4.0,10.0,0.0,18.0
2018,DT,95658,Placer,1.65,15.0,32.0,70.0,16.0,0.0,134.0
2018,HO,95658,Placer,1.91,137.0,220.0,826.0,340.0,11.0,1533.0
2018,MH,95658,Placer,0.87,70.0,56.0,36.0,7.0,0.0,169.0
2018,RT,95658,Placer,1.51,16.0,18.0,46.0,2.0,3.0,85.0
2019,DO,95658,Placer,2.46,0.0,5.0,9.0,20.0,0.0,34.0
2019,DT,95658,Placer,1.73,18.0,33.0,77.0,25.0,1.0,154.0
2019,HO,95658,Placer,1.84,164.0,265.0,850.0,319.0,11.0,1608.0
2019,MH,95658,Placer,0.92,70.0,63.0,40.0,8.0,0.0,181.0
2019,RT,95658,Placer,1.41,18.0,24.0,55.0,2.0,0.0,99.0
2020,DO,95658,Placer,2.59,1.0,10.0,9.0,53.0,1.0,74.0
2020,DT,95658,Placer,1.68,18.0,22.0,61.0,17.0,1.0,119.0
2020,HO,95658,Placer,1.79,154.0,271.0,745.0,250.0,17.0,1437.0
2020,MH,95658,Placer,0.96,63.0,88.0,38.0,9.0,0.0,198.0
2020,RT,95658,Placer,1.48,23.0,12.0,45.0,6.0,3.0,89.0
2021,CO,95658,Placer,2.0,0.0,0.0,2.0,0.0,0.0,2.0
2021,DO,95658,Placer,2.49,6.0,13.0,14.0,76.0,1.0,109.0
2021,DT,95658,Placer,1.75,16.0,22.0,71.0,20.0,1.0,129.0
2021,HO,95658,Placer,1.88,107.0,277.0,825.0,276.0,16.0,1501.0
2021,MH,95658,Placer,0.91,76.0,100.0,37.0,9.0,0.0,222.0
2021,RT,95658,Placer,1.61,22.0,10.0,54.0,9.0,3.0,98.0
2022,CO,95658,Placer,2.0,0.0,0.0,2.0,0.0,0.0,2.0
2022,DO,95658,Placer,2.51,5.0,14.0,17.0,83.0,1.0,120.0
2022,DT,95658,Placer,1.79,15.0,21.0,76.0,22.0,0.0,134.0
2022,HO,95658,Placer,1.93,83.0,267.0,934.0,280.0,18.0,1582.0
2022,MH,95658,Placer,0.91,82.0,94.0,40.0,9.0,1.0,226.0
2022,RT,95658,Placer,1.63,17.0,15.0,45.0,11.0,3.0,90.0
2023,CO,95658,Placer,2.0,0.0,0.0,2.0,0.0,0.0,2.0
2023,DO,95658,Placer,2.61,5.0,11.0,24.0,113.0,1.0,154.0
2023,DT,95658,Placer,1.92,10.0,19.0,83.0,25.0,1.0,138.0
2023,HO,95658,Placer,1.98,48.0,243.0,987.0,289.0,12.0,1580.0
2023,MH,95658,Placer,0.95,75.0,84.0,43.0,9.0,1.0,213.0
2023,RT,95658,Placer,1.68,16.0,21.0,46.0,13.0,4.0,100.0
2018,CO,95661,Placer,0.6,33.0,46.0,1.0,0.0,0.0,81.0
2018,DO,95661,Placer,0.24,4.0,1.0,0.0,0.0,0.0,5.0
2018,DT,95661,Placer,0.48,470.0,408.0,11.0,0.0,0.0,890.0
2018,HO,95661,Placer,0.52,2801.0,2251.0,224.0,8.0,0.0,5285.0
2018,MH,95661,Placer,0.13,99.0,14.0,0.0,0.0,0.0,113.0
2018,RT,95661,Placer,0.74,386.0,883.0,44.0,1.0,0.0,1313.0
2019,CO,95661,Placer,0.6,35.0,51.0,1.0,0.0,0.0,87.0
2019,DO,95661,Placer,0.68,3.0,2.0,0.0,0.0,0.0,5.0
2019,DT,95661,Placer,0.47,508.0,413.0,11.0,0.0,0.0,932.0
2019,HO,95661,Placer,0.51,2944.0,2297.0,224.0,10.0,0.0,5474.0
2019,MH,95661,Placer,0.19,99.0,23.0,0.0,0.0,0.0,122.0
2019,RT,95661,Placer,0.75,420.0,1053.0,37.0,0.0,0.0,1510.0
2020,CO,95661,Placer,0.34,52.0,27.0,0.0,0.0,0.0,79.0
2020,DO,95661,Placer,0.34,3.0,2.0,0.0,0.0,0.0,5.0
2020,DT,95661,Placer,0.39,525.0,305.0,12.0,1.0,0.0,843.0
2020,HO,95661,Placer,0.42,3198.0,1658.0,205.0,25.0,0.0,5087.0
2020,MH,95661,Placer,0.36,87.0,48.0,0.0,0.0,0.0,135.0
2020,RT,95661,Placer,0.58,668.0,876.0,14.0,1.0,0.0,1558.0
2021,CO,95661,Placer,0.45,47.0,38.0,0.0,0.0,0.0,85.0
2021,DO,95661,Placer,0.22,11.0,3.0,0.0,0.0,0.0,14.0
2021,DT,95661,Placer,0.39,493.0,287.0,12.0,0.0,0.0,792.0
2021,HO,95661,Placer,0.43,3100.0,1731.0,199.0,8.0,0.0,5038.0
2021,MH,95661,Placer,0.39,88.0,53.0,2.0,0.0,0.0,143.0
2021,RT,95661,Placer,0.6,659.0,903.0,16.0,1.0,0.0,1580.0
2022,CO,95661,Placer,0.54,43.0,50.0,0.0,0.0,0.0,94.0
2022,DO,95661,Placer,0.78,5.0,18.0,0.0,0.0,0.0,23.0
2022,DT,95661,Placer,0.43,467.0,312.0,13.0,0.0,0.0,792.0
2022,HO,95661,Placer,0.46,2974.0,1911.0,194.0,15.0,1.0,5095.0
2022,MH,95661,Placer,0.39,91.0,55.0,2.0,0.0,0.0,148.0
2022,RT,95661,Placer,0.61,679.0,970.0,26.0,2.0,0.0,1677.0
2023,CO,95661,Placer,0.53,51.0,54.0,1.0,0.0,0.0,107.0
2023,DO,95661,Placer,0.75,6.0,17.0,0.0,0.0,0.0,22.0
2023,DT,95661,Placer,0.45,458.0,333.0,15.0,0.0,0.0,806.0
2023,HO,95661,Placer,0.46,2950.0,1937.0,182.0,9.0,1.0,5079.0
2023,MH,95661,Placer,0.46,82.0,56.0,5.0,0.0,0.0,143.0
2023,RT,95661,Placer,0.61,767.0,957.0,60.0,1.0,0.0,1785.0
2018,CO,95663,Placer,1.41,0.0,16.0,12.0,0.0,0.0,28.0
2018,DO,95663,Placer,3.0,0.0,0.0,0.0,1.0,0.0,1.0
2018,DT,95663,Placer,1.73,3.0,10.0,41.0,1.0,0.0,55.0
2018,HO,95663,Placer,1.68,58.0,128.0,386.0,46.0,0.0,619.0
2018,MH,95663,Placer,2.0,0.0,2.0,4.0,2.0,0.0,8.0
2018,RT,95663,Placer,1.23,11.0,10.0,18.0,1.0,0.0,39.0
2019,CO,95663,Placer,1.25,3.0,14.0,10.0,0.0,0.0,28.0
2019,DO,95663,Placer,2.61,0.0,0.0,1.0,3.0,0.0,4.0
2019,DT,95663,Placer,1.67,4.0,14.0,45.0,1.0,0.0,64.0
2019,HO,95663,Placer,1.62,75.0,144.0,391.0,46.0,0.0,656.0
2019,MH,95663,Placer,1.8,0.0,3.0,4.0,2.0,0.0,9.0
2019,RT,95663,Placer,1.3,9.0,13.0,20.0,1.0,0.0,44.0
2020,CO,95663,Placer,0.92,10.0,9.0,8.0,0.0,0.0,27.0
2020,DO,95663,Placer,1.98,0.0,4.0,4.0,4.0,0.0,12.0
2020,DT,95663,Placer,1.63,5.0,8.0,34.0,1.0,0.0,49.0
2020,HO,95663,Placer,1.62,75.0,131.0,336.0,55.0,0.0,596.0
2020,MH,95663,Placer,1.72,0.0,4.0,5.0,1.0,0.0,10.0
2020,RT,95663,Placer,1.53,8.0,6.0,23.0,4.0,0.0,41.0
2021,CO,95663,Placer,1.07,8.0,10.0,10.0,0.0,0.0,27.0
2021,DO,95663,Placer,2.08,0.0,4.0,5.0,6.0,0.0,15.0
2021,DT,95663,Placer,1.72,4.0,8.0,32.0,3.0,0.0,47.0
2021,HO,95663,Placer,1.71,61.0,110.0,362.0,60.0,0.0,594.0
2021,MH,95663,Placer,1.62,0.0,5.0,5.0,1.0,0.0,11.0
2021,RT,95663,Placer,1.63,8.0,6.0,24.0,5.0,0.0,43.0
2022,CO,95663,Placer,1.23,5.0,14.0,12.0,0.0,0.0,31.0
2022,DO,95663,Placer,1.99,1.0,5.0,4.0,7.0,0.0,17.0
2022,DT,95663,Placer,1.78,3.0,9.0,33.0,4.0,0.0,49.0
2022,HO,95663,Placer,1.76,51.0,105.0,411.0,52.0,1.0,620.0
2022,MH,95663,Placer,1.67,0.0,5.0,6.0,1.0,0.0,12.0
2022,RT,95663,Placer,1.65,5.0,9.0,22.0,6.0,0.0,42.0
2023,CO,95663,Placer,1.26,6.0,19.0,17.0,0.0,0.0,42.0
2023,DO,95663,Placer,2.3,2.0,3.0,8.0,14.0,0.0,27.0
2023,DT,95663,Placer,1.83,2.0,9.0,38.0,3.0,0.0,52.0
2023,HO,95663,Placer,1.87,27.0,85.0,466.0,56.0,1.0,635.0
2023,MH,95663,Placer,1.48,0.0,6.0,5.0,0.0,0.0,11.0
2023,RT,95663,Placer,1.85,4.0,8.0,24.0,6.0,2.0,44.0
2018,DO,95668,Sutter,0.0,0.0,0.0,0.0,0.0,0.0,0.0
2018,DT,95668,Sutter,0.26,11.0,4.0,0.0,0.0,0.0,15.0
2018,HO,95668,Sutter,0.37,48.0,28.0,0.0,0.0,0.0,76.0
2018,MH,95668,Sutter,0.26,13.0,5.0,0.0,0.0,0.0,18.0
2018,RT,95668,Sutter,0.69,3.0,7.0,0.0,0.0,0.0,10.0
2019,DO,95668,Sutter,0.0,1.0,0.0,0.0,0.0,0.0,1.0
2019,DT,95668,Sutter,0.26,11.0,4.0,0.0,0.0,0.0,15.0
2019,HO,95668,Sutter,0.39,48.0,30.0,0.0,0.0,0.0,78.0
2019,MH,95668,Sutter,0.25,13.0,4.0,0.0,0.0,0.0,17.0
2019,RT,95668,Sutter,0.65,3.0,6.0,0.0,0.0,0.0,9.0
2020,DO,95668,Sutter,0.49,1.0,1.0,0.0,0.0,0.0,2.0
2020,DT,95668,Sutter,0.25,12.0,4.0,0.0,0.0,0.0,16.0
2020,HO,95668,Sutter,0.38,46.0,28.0,0.0,0.0,0.0,73.0
2020,MH,95668,Sutter,0.47,9.0,8.0,0.0,0.0,0.0,18.0
2020,RT,95668,Sutter,0.68,4.0,4.0,1.0,0.0,0.0,9.0
2021,DO,95668,Sutter,0.5,1.0,1.0,0.0,0.0,0.0,2.0
2021,DT,95668,Sutter,0.16,13.0,3.0,0.0,0.0,0.0,16.0
2021,HO,95668,Sutter,0.39,43.0,28.0,0.0,0.0,0.0,71.0
2021,MH,95668,Sutter,0.54,8.0,10.0,0.0,0.0,0.0,18.0
2021,RT,95668,Sutter,0.53,7.0,5.0,1.0,0.0,0.0,13.0
2022,DO,95668,Sutter,0.5,1.0,1.0,0.0,0.0,0.0,2.0
2022,DT,95668,Sutter,0.21,11.0,3.0,0.0,0.0,0.0,14.0
2022,HO,95668,Sutter,0.4,45.0,30.0,0.0,0.0,0.0,75.0
2022,MH,95668,Sutter,0.61,7.0,9.0,1.0,0.0,0.0,17.0
2022,RT,95668,Sutter,0.69,5.0,7.0,1.0,0.0,0.0,13.0
2023,DO,95668,Sutter,0.5,1.0,1.0,0.0,0.0,0.0,2.0
2023,DT,95668,Sutter,0.27,10.0,4.0,0.0,0.0,0.0,14.0
2023,HO,95668,Sutter,0.38,46.0,29.0,0.0,0.0,0.0,75.0
2023,MH,95668,Sutter,0.58,7.0,8.0,0.0,0.0,0.0,16.0
2023,RT,95668,Sutter,0.5,8.0,8.0,0.0,0.0,0.0,17.0
2018,CO,95677,Placer,0.76,46.0,145.0,0.0,0.0,0.0,191.0
2018,DO,95677,Placer,1.15,2.0,1.0,1.0,1.0,0.0,5.0
2018,DT,95677,Placer,0.67,262.0,385.0,27.0,6.0,0.0,679.0
2018,HO,95677,Placer,0.82,1338.0,2560.0,330.0,111.0,3.0,4342.0
2018,MH,95677,Placer,0.28,161.0,52.0,4.0,0.0,0.0,217.0
2018,RT,95677,Placer,0.76,235.0,653.0,15.0,0.0,0.0,903.0
2019,CO,95677,Placer,0.74,51.0,147.0,0.0,0.0,0.0,198.0
2019,DO,95677,Placer,0.65,4.0,1.0,0.0,1.0,0.0,6.0
2019,DT,95677,Placer,0.65,293.0,407.0,26.0,5.0,0.0,730.0
2019,HO,95677,Placer,0.79,1572.0,2600.0,348.0,112.0,2.0,4634.0
2019,MH,95677,Placer,0.28,166.0,57.0,4.0,0.0,0.0,227.0
2019,RT,95677,Placer,0.79,238.0,747.0,24.0,0.0,0.0,1010.0
2020,CO,95677,Placer,0.59,79.0,113.0,0.0,0.0,0.0,192.0
2020,DO,95677,Placer,0.29,5.0,2.0,0.0,0.0,0.0,7.0
2020,DT,95677,Placer,0.57,311.0,341.0,18.0,3.0,0.0,673.0
2020,HO,95677,Placer,0.7,1833.0,2033.0,293.0,116.0,3.0,4278.0
2020,MH,95677,Placer,0.42,141.0,99.0,1.0,0.0,0.0,241.0
2020,RT,95677,Placer,0.66,384.0,589.0,43.0,0.0,0.0,1017.0
2021,CO,95677,Placer,0.61,83.0,128.0,1.0,0.0,0.0,212.0
2021,DO,95677,Placer,0.15,18.0,3.0,0.0,0.0,0.0,21.0
2021,DT,95677,Placer,0.58,280.0,311.0,17.0,3.0,0.0,611.0
2021,HO,95677,Placer,0.7,1774.0,2088.0,300.0,99.0,2.0,4263.0
2021,MH,95677,Placer,0.45,147.0,112.0,2.0,0.0,0.0,260.0
2021,RT,95677,Placer,0.67,391.0,626.0,41.0,2.0,0.0,1059.0
2022,CO,95677,Placer,0.6,98.0,139.0,2.0,0.0,0.0,239.0
2022,DO,95677,Placer,0.81,7.0,24.0,0.0,1.0,0.0,32.0
2022,DT,95677,Placer,0.6,277.0,331.0,17.0,3.0,0.0,629.0
2022,HO,95677,Placer,0.72,1738.0,2252.0,315.0,91.0,5.0,4400.0
2022,MH,95677,Placer,0.39,171.0,106.0,1.0,0.0,0.0,279.0
2022,RT,95677,Placer,0.68,408.0,655.0,43.0,3.0,0.0,1109.0
2023,CO,95677,Placer,0.59,114.0,152.0,3.0,0.0,0.0,269.0
2023,DO,95677,Placer,0.84,8.0,23.0,0.0,1.0,0.0,32.0
2023,DT,95677,Placer,0.64,270.0,356.0,23.0,5.0,1.0,655.0
2023,HO,95677,Placer,0.74,1689.0,2295.0,348.0,82.0,3.0,4418.0
2023,MH,95677,Placer,0.43,159.0,107.0,4.0,0.0,0.0,271.0
2023,RT,95677,Placer,0.72,453.0,724.0,61.0,9.0,6.0,1254.0
2018,CO,95678,Placer,0.59,177.0,258.0,0.0,0.0,0.0,435.0
2018,DO,95678,Placer,0.0,13.0,0.0,0.0,0.0,0.0,13.0
2018,DT,95678,Placer,0.44,1059.0,819.0,0.0,0.0,0.0,1878.0
2018,HO,95678,Placer,0.42,3460.0,2541.0,0.0,2.0,0.0,6004.0
2018,MH,95678,Placer,0.17,190.0,35.0,0.0,1.0,0.0,226.0
2018,RT,95678,Placer,0.71,575.0,1374.0,7.0,0.0,0.0,1957.0
2019,CO,95678,Placer,0.59,188.0,266.0,0.0,0.0,0.0,453.0
2019,DO,95678,Placer,0.03,14.0,0.0,0.0,0.0,0.0,14.0
2019,DT,95678,Placer,0.42,1173.0,838.0,0.0,0.0,0.0,2011.0
2019,HO,95678,Placer,0.4,3713.0,2512.0,1.0,1.0,0.0,6227.0
2019,MH,95678,Placer,0.2,186.0,43.0,0.0,1.0,0.0,231.0
2019,RT,95678,Placer,0.71,639.0,1502.0,6.0,1.0,0.0,2147.0
2020,CO,95678,Placer,0.4,276.0,187.0,0.0,0.0,0.0,464.0
2020,DO,95678,Placer,0.26,14.0,3.0,0.0,1.0,0.0,17.0
2020,DT,95678,Placer,0.34,1172.0,598.0,0.0,0.0,0.0,1770.0
2020,HO,95678,Placer,0.3,3905.0,1645.0,5.0,2.0,0.0,5556.0
2020,MH,95678,Placer,0.39,147.0,91.0,0.0,1.0,0.0,239.0
2020,RT,95678,Placer,0.49,1127.0,1031.0,11.0,1.0,0.0,2169.0
2021,CO,95678,Placer,0.49,261.0,238.0,5.0,0.0,0.0,505.0
2021,DO,95678,Placer,0.19,28.0,3.0,0.0,1.0,0.0,32.0
2021,DT,95678,Placer,0.35,1066.0,561.0,2.0,0.0,0.0,1628.0
2021,HO,95678,Placer,0.32,3724.0,1705.0,14.0,2.0,0.0,5446.0
2021,MH,95678,Placer,0.46,146.0,112.0,2.0,1.0,0.0,261.0
2021,RT,95678,Placer,0.51,1142.0,1094.0,29.0,2.0,0.0,2267.0
2022,CO,95678,Placer,0.55,263.0,289.0,9.0,1.0,0.0,563.0
2022,DO,95678,Placer,0.77,14.0,35.0,0.0,1.0,0.0,49.0
2022,DT,95678,Placer,0.39,1014.0,623.0,7.0,0.0,0.0,1643.0
2022,HO,95678,Placer,0.37,3505.0,1912.0,43.0,3.0,2.0,5465.0
2022,MH,95678,Placer,0.48,146.0,123.0,2.0,1.0,0.0,272.0
2022,RT,95678,Placer,0.54,1193.0,1166.0,54.0,9.0,0.0,2423.0
2023,CO,95678,Placer,0.5,331.0,300.0,7.0,1.0,0.0,639.0
2023,DO,95678,Placer,0.75,14.0,32.0,0.0,1.0,0.0,47.0
2023,DT,95678,Placer,0.41,1011.0,665.0,8.0,1.0,0.0,1685.0
2023,HO,95678,Placer,0.38,3407.0,1977.0,35.0,4.0,2.0,5424.0
2023,MH,95678,Placer,0.52,134.0,130.0,5.0,0.0,0.0,269.0
2023,RT,95678,Placer,0.53,1368.0,1290.0,81.0,4.0,0.0,2744.0
2018,DO,95681,Placer,1.0,0.0,3.0,0.0,0.0,0.0,3.0
2018,DT,95681,Placer,1.15,1.0,16.0,3.0,0.0,0.0,20.0
2018,HO,95681,Placer,1.17,9.0,150.0,42.0,0.0,0.0,201.0
2018,MH,95681,Placer,1.32,0.0,33.0,15.0,0.0,0.0,49.0
2018,RT,95681,Placer,0.89,2.0,17.0,0.0,0.0,0.0,19.0
2019,DO,95681,Placer,1.0,0.0,4.0,0.0,0.0,0.0,4.0
2019,DT,95681,Placer,1.12,1.0,17.0,4.0,0.0,0.0,21.0
2019,HO,95681,Placer,1.16,11.0,156.0,44.0,0.0,0.0,211.0
2019,MH,95681,Placer,1.3,0.0,34.0,15.0,0.0,0.0,49.0
2019,RT,95681,Placer,0.95,1.0,21.0,0.0,0.0,0.0,22.0
2020,DO,95681,Placer,1.0,0.0,2.0,0.0,0.0,0.0,2.0
2020,DT,95681,Placer,1.09,1.0,19.0,3.0,0.0,0.0,23.0
2020,HO,95681,Placer,1.17,12.0,133.0,44.0,0.0,0.0,189.0
2020,MH,95681,Placer,1.37,0.0,26.0,15.0,0.0,0.0,40.0
2020,RT,95681,Placer,1.0,1.0,17.0,1.0,0.0,0.0,19.0
2021,DO,95681,Placer,1.49,0.0,1.0,1.0,0.0,0.0,2.0
2021,DT,95681,Placer,1.08,1.0,22.0,3.0,0.0,0.0,26.0
2021,HO,95681,Placer,1.13,13.0,133.0,36.0,0.0,0.0,182.0
2021,MH,95681,Placer,1.29,0.0,35.0,15.0,0.0,0.0,50.0
2021,RT,95681,Placer,1.07,0.0,17.0,1.0,0.0,0.0,18.0
2022,DO,95681,Placer,1.34,0.0,2.0,1.0,0.0,0.0,3.0
2022,DT,95681,Placer,1.12,1.0,24.0,4.0,0.0,0.0,28.0
2022,HO,95681,Placer,1.14,14.0,136.0,33.0,0.0,2.0,185.0
2022,MH,95681,Placer,1.22,1.0,44.0,14.0,0.0,0.0,59.0
2022,RT,95681,Placer,1.04,0.0,17.0,0.0,0.0,0.0,18.0
2023,DO,95681,Placer,1.57,0.0,1.0,1.0,0.0,0.0,2.0
2023,DT,95681,Placer,1.15,0.0,23.0,4.0,0.0,0.0,27.0
2023,HO,95681,Placer,1.15,13.0,138.0,36.0,0.0,2.0,189.0
2023,MH,95681,Placer,1.19,2.0,44.0,14.0,0.0,0.0,60.0
2023,RT,95681,Placer,1.26,1.0,14.0,1.0,1.0,1.0,17.0
2018,DO,95692,Yuba,0.45,3.0,0.0,1.0,0.0,0.0,4.0
2018,DT,95692,Yuba,0.59,63.0,78.0,3.0,0.0,0.0,145.0
2018,HO,95692,Yuba,0.54,304.0,276.0,21.0,2.0,0.0,603.0
2018,MH,95692,Yuba,0.65,40.0,39.0,9.0,0.0,0.0,87.0
2018,RT,95692,Yuba,0.76,15.0,47.0,0.0,0.0,0.0,63.0
2019,DO,95692,Yuba,0.69,3.0,0.0,1.0,0.0,0.0,4.0
2019,DT,95692,Yuba,0.57,67.0,75.0,4.0,0.0,0.0,146.0
2019,HO,95692,Yuba,0.54,321.0,290.0,23.0,4.0,0.0,638.0
2019,MH,95692,Yuba,0.68,39.0,43.0,8.0,0.0,0.0,90.0
2019,RT,95692,Yuba,0.76,18.0,57.0,0.0,0.0,0.0,75.0
2020,DO,95692,Yuba,0.94,3.0,3.0,2.0,0.0,0.0,7.0
2020,DT,95692,Yuba,0.45,71.0,50.0,3.0,0.0,0.0,125.0
2020,HO,95692,Yuba,0.51,335.0,227.0,28.0,5.0,1.0,596.0
2020,MH,95692,Yuba,0.78,35.0,55.0,10.0,0.0,1.0,101.0
2020,RT,95692,Yuba,0.67,22.0,41.0,0.0,0.0,0.0,63.0
2021,DO,95692,Yuba,0.72,6.0,5.0,2.0,0.0,0.0,12.0
2021,DT,95692,Yuba,0.51,60.0,55.0,3.0,0.0,0.0,118.0
2021,HO,95692,Yuba,0.52,324.0,237.0,28.0,4.0,1.0,594.0
2021,MH,95692,Yuba,0.79,35.0,60.0,8.0,1.0,1.0,105.0
2021,RT,95692,Yuba,0.73,20.0,47.0,0.0,1.0,0.0,68.0
2022,DO,95692,Yuba,0.82,3.0,7.0,1.0,0.0,0.0,12.0
2022,DT,95692,Yuba,0.57,56.0,64.0,3.0,0.0,0.0,123.0
2022,HO,95692,Yuba,0.57,315.0,280.0,34.0,4.0,0.0,633.0
2022,MH,95692,Yuba,0.79,34.0,60.0,8.0,0.0,1.0,104.0
2022,RT,95692,Yuba,0.68,24.0,47.0,1.0,0.0,0.0,73.0
2023,DO,95692,Yuba,0.81,3.0,7.0,1.0,0.0,0.0,11.0
2023,DT,95692,Yuba,0.57,54.0,64.0,3.0,0.0,0.0,121.0
2023,HO,95692,Yuba,0.58,313.0,291.0,34.0,4.0,0.0,642.0
2023,MH,95692,Yuba,0.78,34.0,63.0,8.0,0.0,1.0,106.0
2023,RT,95692,Yuba,0.64,32.0,48.0,2.0,0.0,0.0,82.0
2018,DO,95701,Placer,2.58,3.0,1.0,5.0,28.0,0.0,37.0
2018,DT,95701,Placer,2.75,1.0,0.0,5.0,17.0,2.0,26.0
2018,HO,95701,Placer,3.1,0.0,1.0,21.0,150.0,43.0,215.0
2018,MH,95701,Placer,3.26,0.0,0.0,0.0,9.0,3.0,12.0
2018,RT,95701,Placer,1.62,5.0,0.0,3.0,3.0,1.0,12.0
2019,DO,95701,Placer,2.69,5.0,3.0,4.0,71.0,0.0,84.0
2019,DT,95701,Placer,2.71,0.0,3.0,4.0,18.0,2.0,27.0
2019,HO,95701,Placer,3.08,0.0,0.0,25.0,151.0,42.0,218.0
2019,MH,95701,Placer,3.21,0.0,0.0,0.0,11.0,3.0,14.0
2019,RT,95701,Placer,1.56,6.0,0.0,2.0,3.0,1.0,13.0
2020,DO,95701,Placer,2.94,0.0,2.0,8.0,161.0,2.0,173.0
2020,DT,95701,Placer,2.83,1.0,0.0,3.0,26.0,1.0,30.0
2020,HO,95701,Placer,3.01,4.0,0.0,26.0,161.0,40.0,230.0
2020,MH,95701,Placer,3.21,0.0,0.0,0.0,12.0,3.0,16.0
2020,RT,95701,Placer,1.72,5.0,0.0,1.0,3.0,2.0,11.0
2021,DO,95701,Placer,2.95,0.0,2.0,8.0,181.0,2.0,193.0
2021,DT,95701,Placer,2.87,1.0,0.0,2.0,31.0,0.0,34.0
2021,HO,95701,Placer,3.02,3.0,0.0,25.0,178.0,39.0,245.0
2021,MH,95701,Placer,3.02,1.0,0.0,0.0,11.0,3.0,15.0
2021,RT,95701,Placer,1.71,4.0,0.0,1.0,3.0,1.0,9.0
2022,DO,95701,Placer,2.91,2.0,2.0,9.0,193.0,1.0,207.0
2022,DT,95701,Placer,2.78,2.0,0.0,2.0,27.0,1.0,32.0
2022,HO,95701,Placer,2.97,7.0,0.0,27.0,180.0,39.0,253.0
2022,MH,95701,Placer,2.87,1.0,0.0,1.0,9.0,2.0,13.0
2022,RT,95701,Placer,2.11,3.0,0.0,1.0,3.0,2.0,9.0
2023,DO,95701,Placer,2.94,0.0,0.0,14.0,207.0,0.0,221.0
2023,DT,95701,Placer,3.02,0.0,0.0,2.0,29.0,3.0,33.0
2023,HO,95701,Placer,3.0,2.0,0.0,30.0,189.0,36.0,257.0
2023,MH,95701,Placer,2.93,1.0,0.0,1.0,9.0,3.0,14.0
2023,RT,95701,Placer,2.67,2.0,0.0,1.0,10.0,2.0,15.0
2018,DO,95703,Placer,3.11,0.0,0.0,0.0,8.0,1.0,9.0
2018,DT,95703,Placer,2.73,0.0,0.0,16.0,39.0,1.0,55.0
2018,HO,95703,Placer,2.73,1.0,2.0,96.0,233.0,9.0,341.0
2018,MH,95703,Placer,2.77,0.0,0.0,17.0,46.0,2.0,65.0
2018,RT,95703,Placer,1.81,4.0,1.0,6.0,4.0,1.0,16.0
2019,CO,95703,Placer,0.0,1.0,0.0,0.0,0.0,0.0,1.0
2019,DO,95703,Placer,3.08,0.0,0.0,1.0,44.0,6.0,51.0
2019,DT,95703,Placer,2.75,0.0,0.0,16.0,43.0,2.0,62.0
2019,HO,95703,Placer,2.58,1.0,19.0,117.0,200.0,12.0,350.0
2019,MH,95703,Placer,2.73,0.0,0.0,20.0,46.0,2.0,69.0
2019,RT,95703,Placer,1.75,5.0,0.0,9.0,4.0,1.0,21.0
2020,CO,95703,Placer,0.0,1.0,0.0,0.0,0.0,0.0,1.0
2020,DO,95703,Placer,3.06,0.0,1.0,8.0,108.0,17.0,133.0
2020,DT,95703,Placer,2.65,0.0,5.0,15.0,45.0,2.0,67.0
2020,HO,95703,Placer,2.55,4.0,29.0,108.0,196.0,18.0,355.0
2020,MH,95703,Placer,2.63,0.0,5.0,21.0,49.0,2.0,77.0
2020,RT,95703,Placer,1.69,6.0,1.0,7.0,7.0,0.0,21.0
2021,DO,95703,Placer,3.02,0.0,2.0,13.0,171.0,20.0,205.0
2021,DT,95703,Placer,2.67,0.0,4.0,14.0,42.0,2.0,63.0
2021,HO,95703,Placer,2.53,2.0,29.0,122.0,192.0,16.0,361.0
2021,MH,95703,Placer,2.6,0.0,6.0,23.0,49.0,3.0,81.0
2021,RT,95703,Placer,1.83,6.0,0.0,11.0,6.0,1.0,23.0
2022,DO,95703,Placer,2.99,1.0,1.0,16.0,187.0,20.0,225.0
2022,DT,95703,Placer,2.69,2.0,2.0,13.0,47.0,2.0,66.0
2022,HO,95703,Placer,2.46,10.0,23.0,142.0,182.0,17.0,375.0
2022,MH,95703,Placer,2.63,0.0,6.0,22.0,53.0,3.0,84.0
2022,RT,95703,Placer,2.13,3.0,0.0,9.0,8.0,0.0,21.0
2023,DO,95703,Placer,2.98,0.0,0.0,24.0,197.0,19.0,240.0
2023,DT,95703,Placer,2.82,0.0,0.0,13.0,49.0,2.0,64.0
2023,HO,95703,Placer,2.59,0.0,7.0,165.0,188.0,23.0,383.0
2023,MH,95703,Placer,2.75,0.0,2.0,23.0,50.0,6.0,80.0
2023,RT,95703,Placer,2.29,2.0,3.0,9.0,11.0,2.0,27.0
2018,HO,95712,Nevada,2.2,1.0,0.0,6.0,4.0,0.0,10.0
2018,MH,95712,Nevada,3.0,0.0,0.0,0.0,1.0,0.0,1.0
2018,RT,95712,Nevada,2.0,0.0,0.0,1.0,0.0,0.0,1.0
2019,DO,95712,Nevada,3.0,0.0,0.0,0.0,0.0,0.0,0.0
2019,HO,95712,Nevada,2.2,0.0,0.0,4.0,1.0,0.0,5.0
2019,MH,95712,Nevada,3.0,0.0,0.0,0.0,1.0,0.0,1.0
2019,RT,95712,Nevada,2.0,0.0,0.0,1.0,0.0,0.0,1.0
2020,DO,95712,Nevada,3.0,0.0,0.0,0.0,1.0,0.0,1.0
2020,HO,95712,Nevada,2.2,0.0,0.0,4.0,1.0,0.0,5.0
2020,MH,95712,Nevada,3.45,0.0,0.0,0.0,1.0,1.0,2.0
2020,RT,95712,Nevada,2.0,0.0,0.0,1.0,0.0,0.0,1.0
2021,DO,95712,Nevada,3.0,0.0,0.0,0.0,3.0,0.0,3.0
2021,HO,95712,Nevada,2.15,0.0,0.0,3.0,1.0,0.0,4.0
2021,MH,95712,Nevada,3.5,0.0,0.0,0.0,1.0,1.0,2.0
2022,DO,95712,Nevada,3.0,0.0,0.0,0.0,2.0,0.0,2.0
2022,HO,95712,Nevada,2.0,0.0,0.0,3.0,0.0,0.0,3.0
2022,MH,95712,Nevada,3.45,0.0,0.0,0.0,1.0,1.0,2.0
2022,RT,95712,Nevada,3.0,0.0,0.0,0.0,1.0,0.0,1.0
2023,DO,95712,Nevada,3.0,0.0,0.0,0.0,2.0,0.0,2.0
2023,HO,95712,Nevada,2.0,0.0,0.0,3.0,0.0,0.0,3.0
2023,MH,95712,Nevada,3.0,0.0,0.0,0.0,1.0,0.0,1.0
2018,CO,95713,Placer,2.2,0.0,2.0,0.0,3.0,0.0,5.0
2018,DO,95713,Placer,2.83,1.0,2.0,5.0,65.0,0.0,73.0
2018,DT,95713,Placer,2.53,1.0,49.0,64.0,181.0,18.0,312.0
2018,HO,95713,Placer,2.73,1.0,105.0,352.0,1053.0,118.0,1629.0
2018,MH,95713,Placer,2.68,10.0,11.0,23.0,135.0,13.0,192.0
2018,RT,95713,Placer,1.53,46.0,34.0,34.0,28.0,13.0,155.0
2019,CO,95713,Placer,2.07,0.0,3.0,0.0,4.0,0.0,7.0
2019,DO,95713,Placer,2.94,3.0,4.0,6.0,297.0,2.0,311.0
2019,DT,95713,Placer,2.5,3.0,56.0,68.0,203.0,16.0,345.0
2019,HO,95713,Placer,2.63,4.0,162.0,395.0,972.0,117.0,1649.0
2019,MH,95713,Placer,2.65,8.0,18.0,30.0,150.0,12.0,218.0
2019,RT,95713,Placer,1.61,39.0,37.0,39.0,32.0,10.0,158.0
2020,CO,95713,Placer,1.74,1.0,4.0,0.0,4.0,0.0,9.0
2020,DO,95713,Placer,2.96,0.0,7.0,21.0,732.0,2.0,763.0
2020,DT,95713,Placer,2.59,4.0,51.0,56.0,259.0,13.0,383.0
2020,HO,95713,Placer,2.68,10.0,146.0,371.0,1052.0,140.0,1718.0
2020,MH,95713,Placer,2.63,6.0,30.0,33.0,174.0,16.0,259.0
2020,RT,95713,Placer,1.56,37.0,31.0,41.0,19.0,12.0,141.0
2021,CO,95713,Placer,1.82,1.0,3.0,0.0,3.0,0.0,7.0
2021,DO,95713,Placer,2.93,0.0,9.0,60.0,1006.0,3.0,1078.0
2021,DT,95713,Placer,2.63,3.0,48.0,54.0,270.0,15.0,389.0
2021,HO,95713,Placer,2.67,5.0,153.0,410.0,1037.0,157.0,1762.0
2021,MH,95713,Placer,2.61,6.0,34.0,34.0,181.0,15.0,270.0
2021,RT,95713,Placer,1.63,31.0,33.0,42.0,26.0,8.0,141.0
2022,CO,95713,Placer,2.02,0.0,3.0,0.0,3.0,0.0,6.0
2022,DO,95713,Placer,2.93,2.0,6.0,69.0,1094.0,4.0,1175.0
2022,DT,95713,Placer,2.56,12.0,46.0,58.0,272.0,11.0,399.0
2022,HO,95713,Placer,2.53,66.0,173.0,447.0,994.0,138.0,1819.0
2022,MH,95713,Placer,2.57,5.0,42.0,36.0,184.0,15.0,282.0
2022,RT,95713,Placer,1.73,25.0,41.0,40.0,34.0,9.0,149.0
2023,CO,95713,Placer,2.38,0.0,3.0,0.0,4.0,1.0,8.0
2023,DO,95713,Placer,2.93,2.0,4.0,78.0,1120.0,7.0,1212.0
2023,DT,95713,Placer,2.65,2.0,40.0,63.0,263.0,15.0,383.0
2023,HO,95713,Placer,2.62,3.0,160.0,504.0,1019.0,135.0,1821.0
2023,MH,95713,Placer,2.59,5.0,35.0,49.0,176.0,18.0,284.0
2023,RT,95713,Placer,1.86,23.0,49.0,38.0,56.0,7.0,174.0
2018,DO,95714,Placer,3.0,0.0,0.0,0.0,11.0,0.0,11.0
2018,DT,95714,Placer,2.7,0.0,0.0,6.0,14.0,0.0,20.0
2018,HO,95714,Placer,2.74,0.0,0.0,23.0,56.0,2.0,81.0
2018,MH,95714,Placer,2.0,0.0,0.0,1.0,0.0,0.0,1.0
2018,RT,95714,Placer,1.56,1.0,0.0,4.0,0.0,0.0,5.0
2019,DO,95714,Placer,2.94,0.0,0.0,0.0,26.0,0.0,27.0
2019,DT,95714,Placer,2.77,0.0,0.0,6.0,15.0,1.0,22.0
2019,HO,95714,Placer,2.66,0.0,0.0,32.0,54.0,2.0,88.0
2019,MH,95714,Placer,2.0,0.0,0.0,1.0,0.0,0.0,1.0
2019,RT,95714,Placer,1.54,1.0,0.0,3.0,0.0,0.0,4.0
2020,DO,95714,Placer,3.03,0.0,0.0,0.0,62.0,2.0,65.0
2020,DT,95714,Placer,2.89,0.0,1.0,3.0,19.0,2.0,25.0
2020,HO,95714,Placer,2.67,1.0,0.0,35.0,69.0,3.0,108.0
2020,MH,95714,Placer,2.48,0.0,0.0,1.0,1.0,0.0,2.0
2020,RT,95714,Placer,1.14,3.0,0.0,4.0,0.0,0.0,7.0
2021,DO,95714,Placer,3.02,0.0,0.0,1.0,69.0,2.0,72.0
2021,DT,95714,Placer,2.91,0.0,1.0,2.0,19.0,1.0,22.0
2021,HO,95714,Placer,2.69,0.0,0.0,38.0,75.0,2.0,114.0
2021,MH,95714,Placer,2.5,0.0,0.0,1.0,1.0,0.0,2.0
2021,RT,95714,Placer,1.36,2.0,0.0,3.0,1.0,0.0,6.0
2022,DO,95714,Placer,3.0,0.0,0.0,1.0,74.0,0.0,75.0
2022,DT,95714,Placer,2.91,0.0,0.0,2.0,20.0,0.0,22.0
2022,HO,95714,Placer,2.56,7.0,0.0,33.0,76.0,2.0,118.0
2022,MH,95714,Placer,2.5,0.0,0.0,1.0,1.0,0.0,2.0
2022,RT,95714,Placer,1.72,1.0,0.0,3.0,1.0,0.0,5.0
2023,DO,95714,Placer,3.0,0.0,0.0,0.0,79.0,0.0,79.0
2023,DT,95714,Placer,2.92,0.0,0.0,2.0,24.0,0.0,26.0
2023,HO,95714,Placer,2.74,0.0,0.0,32.0,78.0,3.0,113.0
2023,MH,95714,Placer,2.43,0.0,0.0,1.0,1.0,0.0,2.0
2023,RT,95714,Placer,2.25,1.0,1.0,3.0,3.0,1.0,9.0
2018,DO,95715,Placer,2.53,3.0,0.0,0.0,14.0,0.0,17.0
2018,DT,95715,Placer,3.0,0.0,0.0,0.0,4.0,0.0,4.0
2018,HO,95715,Placer,2.85,0.0,0.0,8.0,38.0,1.0,47.0
2018,RT,95715,Placer,0.0,1.0,0.0,0.0,0.0,0.0,1.0
2019,DO,95715,Placer,2.65,3.0,0.0,1.0,25.0,0.0,29.0
2019,DT,95715,Placer,2.88,0.0,0.0,0.0,3.0,0.0,3.0
2019,HO,95715,Placer,2.85,1.0,0.0,5.0,39.0,1.0,46.0
2019,RT,95715,Placer,0.0,1.0,0.0,0.0,0.0,0.0,1.0
2020,DO,95715,Placer,2.87,2.0,0.0,0.0,46.0,0.0,48.0
2020,DT,95715,Placer,2.56,1.0,0.0,1.0,7.0,0.0,9.0
2020,HO,95715,Placer,2.83,2.0,0.0,4.0,37.0,2.0,45.0
2020,RT,95715,Placer,0.0,1.0,0.0,0.0,0.0,0.0,1.0
2021,DO,95715,Placer,2.9,2.0,0.0,1.0,60.0,0.0,63.0
2021,DT,95715,Placer,2.5,1.0,0.0,1.0,6.0,0.0,8.0
2021,HO,95715,Placer,2.88,1.0,0.0,5.0,40.0,2.0,48.0
2021,RT,95715,Placer,0.0,1.0,0.0,0.0,0.0,0.0,1.0
2022,DO,95715,Placer,2.93,2.0,0.0,0.0,64.0,1.0,68.0
2022,DT,95715,Placer,3.0,0.0,0.0,0.0,8.0,0.0,8.0
2022,HO,95715,Placer,3.0,0.0,0.0,2.0,46.0,2.0,49.0
2022,RT,95715,Placer,0.0,1.0,0.0,0.0,0.0,0.0,1.0
2023,DO,95715,Placer,2.92,1.0,1.0,1.0,69.0,0.0,72.0
2023,DT,95715,Placer,3.0,0.0,0.0,0.0,9.0,0.0,9.0
2023,HO,95715,Placer,3.0,0.0,0.0,2.0,46.0,2.0,50.0
2023,RT,95715,Placer,1.5,1.0,0.0,0.0,1.0,0.0,2.0
2018,DO,95717,Placer,2.83,0.0,0.0,1.0,5.0,0.0,6.0
2018,DT,95717,Placer,3.0,0.0,0.0,0.0,7.0,0.0,7.0
2018,HO,95717,Placer,3.06,0.0,0.0,5.0,27.0,8.0,40.0
2018,MH,95717,Placer,2.9,0.0,0.0,2.0,3.0,1.0,6.0
2018,RT,95717,Placer,2.0,1.0,0.0,1.0,0.0,1.0,3.0
2019,DO,95717,Placer,2.42,2.0,0.0,1.0,9.0,0.0,12.0
2019,DT,95717,Placer,3.13,0.0,0.0,0.0,6.0,1.0,7.0
2019,HO,95717,Placer,3.05,0.0,0.0,6.0,24.0,8.0,38.0
2019,MH,95717,Placer,2.88,0.0,0.0,2.0,3.0,1.0,6.0
2019,RT,95717,Placer,2.0,1.0,0.0,1.0,0.0,1.0,3.0
2020,DO,95717,Placer,2.86,0.0,0.0,3.0,21.0,0.0,24.0
2020,DT,95717,Placer,2.87,0.0,0.0,1.0,9.0,0.0,10.0
2020,HO,95717,Placer,2.92,1.0,0.0,5.0,31.0,5.0,43.0
2020,MH,95717,Placer,2.86,0.0,0.0,2.0,4.0,1.0,7.0
2020,RT,95717,Placer,1.29,2.0,0.0,0.0,0.0,1.0,3.0
2021,DO,95717,Placer,2.78,0.0,1.0,5.0,26.0,0.0,32.0
2021,DT,95717,Placer,2.92,0.0,0.0,2.0,11.0,1.0,14.0
2021,HO,95717,Placer,2.89,1.0,0.0,6.0,37.0,4.0,48.0
2021,MH,95717,Placer,2.85,0.0,0.0,2.0,3.0,1.0,6.0
2021,RT,95717,Placer,1.26,1.0,0.0,0.0,0.0,0.0,1.0
2022,DO,95717,Placer,2.83,0.0,0.0,6.0,29.0,0.0,35.0
2022,DT,95717,Placer,2.87,1.0,0.0,0.0,12.0,1.0,14.0
2022,HO,95717,Placer,2.84,1.0,0.0,8.0,38.0,3.0,49.0
2022,MH,95717,Placer,2.85,0.0,0.0,2.0,2.0,1.0,5.0
2022,RT,95717,Placer,0.0,2.0,0.0,0.0,0.0,0.0,2.0
2023,DO,95717,Placer,2.84,0.0,0.0,7.0,29.0,1.0,37.0
2023,DT,95717,Placer,2.96,0.0,0.0,2.0,10.0,1.0,13.0
2023,HO,95717,Placer,2.88,0.0,0.0,9.0,37.0,3.0,49.0
2023,MH,95717,Placer,3.0,0.0,0.0,1.0,1.0,1.0,3.0
2023,RT,95717,Placer,1.91,1.0,0.0,1.0,2.0,0.0,4.0
2018,CO,95722,Placer,3.0,0.0,0.0,0.0,1.0,0.0,1.0
2018,DO,95722,Placer,2.99,1.0,0.0,0.0,20.0,1.0,22.0
2018,DT,95722,Placer,2.9,1.0,0.0,13.0,102.0,3.0,118.0
2018,HO,95722,Placer,2.77,13.0,22.0,203.0,901.0,25.0,1163.0
2018,MH,95722,Placer,2.91,0.0,0.0,3.0,18.0,1.0,22.0
2018,RT,95722,Placer,1.6,22.0,3.0,13.0,16.0,4.0,59.0
2019,DO,95722,Placer,3.09,0.0,0.0,3.0,177.0,20.0,200.0
2019,DT,95722,Placer,2.87,2.0,1.0,14.0,107.0,5.0,129.0
2019,HO,95722,Placer,2.72,14.0,40.0,241.0,837.0,35.0,1167.0
2019,MH,95722,Placer,2.84,0.0,1.0,3.0,19.0,1.0,24.0
2019,RT,95722,Placer,1.58,20.0,4.0,15.0,17.0,2.0,58.0
2020,DO,95722,Placer,3.07,0.0,1.0,14.0,450.0,49.0,514.0
2020,DT,95722,Placer,2.86,2.0,2.0,14.0,133.0,4.0,155.0
2020,HO,95722,Placer,2.78,23.0,37.0,246.0,810.0,111.0,1226.0
2020,MH,95722,Placer,2.8,0.0,1.0,5.0,23.0,1.0,30.0
2020,RT,95722,Placer,1.65,23.0,1.0,12.0,8.0,10.0,54.0
2021,DO,95722,Placer,3.05,0.0,1.0,23.0,669.0,63.0,756.0
2021,DT,95722,Placer,2.88,1.0,2.0,18.0,145.0,4.0,170.0
2021,HO,95722,Placer,2.76,16.0,36.0,289.0,832.0,102.0,1276.0
2021,MH,95722,Placer,2.78,0.0,1.0,6.0,25.0,1.0,33.0
2021,RT,95722,Placer,1.65,18.0,1.0,12.0,7.0,7.0,45.0
2022,DO,95722,Placer,3.04,2.0,2.0,27.0,770.0,72.0,873.0
2022,DT,95722,Placer,2.85,4.0,1.0,20.0,142.0,8.0,175.0
2022,HO,95722,Placer,2.65,48.0,36.0,343.0,804.0,91.0,1322.0
2022,MH,95722,Placer,2.75,0.0,1.0,8.0,25.0,1.0,35.0
2022,RT,95722,Placer,1.79,14.0,2.0,11.0,9.0,6.0,43.0
2023,DO,95722,Placer,3.03,1.0,1.0,39.0,860.0,75.0,977.0
2023,DT,95722,Placer,2.93,1.0,0.0,22.0,140.0,13.0,176.0
2023,HO,95722,Placer,2.74,2.0,24.0,364.0,881.0,75.0,1346.0
2023,MH,95722,Placer,2.93,0.0,0.0,8.0,23.0,6.0,37.0
2023,RT,95722,Placer,1.91,13.0,7.0,10.0,15.0,6.0,51.0
2018,CO,95724,Nevada,2.3,0.0,0.0,20.0,4.0,2.0,27.0
2018,DO,95724,Nevada,2.16,2.0,0.0,3.0,5.0,0.0,9.0
2018,DT,95724,Nevada,2.53,0.0,0.0,7.0,8.0,0.0,16.0
2018,HO,95724,Nevada,2.54,1.0,2.0,50.0,43.0,8.0,104.0
2018,RT,95724,Nevada,1.1,1.0,0.0,1.0,0.0,0.0,2.0
2019,CO,95724,Nevada,2.55,0.0,0.0,15.0,11.0,3.0,28.0
2019,DO,95724,Nevada,2.33,2.0,0.0,4.0,7.0,1.0,14.0
2019,DT,95724,Nevada,2.41,1.0,0.0,6.0,9.0,0.0,16.0
2019,HO,95724,Nevada,2.58,1.0,2.0,43.0,53.0,5.0,104.0
2020,CO,95724,Nevada,2.42,0.0,1.0,16.0,10.0,2.0,30.0
2020,DO,95724,Nevada,2.57,1.0,1.0,7.0,12.0,2.0,23.0
2020,DT,95724,Nevada,2.53,1.0,0.0,4.0,10.0,0.0,15.0
2020,HO,95724,Nevada,2.6,2.0,2.0,30.0,52.0,4.0,91.0
2020,RT,95724,Nevada,2.79,0.0,0.0,1.0,2.0,0.0,3.0
2021,CO,95724,Nevada,2.16,1.0,2.0,21.0,6.0,2.0,32.0
2021,DO,95724,Nevada,2.58,1.0,1.0,9.0,14.0,2.0,26.0
2021,DT,95724,Nevada,2.53,1.0,0.0,6.0,13.0,0.0,20.0
2021,HO,95724,Nevada,2.42,5.0,3.0,38.0,47.0,2.0,95.0
2021,RT,95724,Nevada,3.0,0.0,0.0,0.0,1.0,0.0,1.0
2022,CO,95724,Nevada,2.21,1.0,0.0,22.0,7.0,1.0,31.0
2022,DO,95724,Nevada,2.55,1.0,0.0,14.0,15.0,3.0,33.0
2022,DT,95724,Nevada,2.7,0.0,0.0,5.0,11.0,0.0,16.0
2022,HO,95724,Nevada,2.38,5.0,1.0,35.0,42.0,0.0,82.0
2023,CO,95724,Nevada,2.41,1.0,0.0,19.0,9.0,3.0,33.0
2023,DO,95724,Nevada,2.71,0.0,0.0,17.0,19.0,5.0,41.0
2023,DT,95724,Nevada,2.72,0.0,0.0,6.0,16.0,0.0,22.0
2023,HO,95724,Nevada,2.57,3.0,1.0,22.0,47.0,1.0,74.0
2023,RT,95724,Nevada,1.0,0.0,0.0,0.0,0.0,0.0,0.0
2018,CO,95728,Nevada,2.03,1.0,0.0,3.0,1.0,0.0,5.0
2018,DO,95728,Nevada,2.39,6.0,0.0,23.0,30.0,3.0,61.0
2018,DT,95728,Nevada,2.46,2.0,0.0,25.0,30.0,0.0,57.0
2018,HO,95728,Nevada,2.45,3.0,6.0,314.0,250.0,14.0,587.0
2018,RT,95728,Nevada,1.45,2.0,1.0,4.0,1.0,0.0,8.0
2019,CO,95728,Nevada,1.99,1.0,0.0,4.0,2.0,0.0,8.0
2019,DO,95728,Nevada,2.54,2.0,9.0,26.0,48.0,8.0,93.0
2019,DT,95728,Nevada,2.5,1.0,2.0,22.0,31.0,1.0,56.0
2019,HO,95728,Nevada,2.47,4.0,13.0,298.0,275.0,15.0,605.0
2019,RT,95728,Nevada,1.58,2.0,1.0,5.0,1.0,0.0,9.0
2020,CO,95728,Nevada,1.67,1.0,2.0,4.0,1.0,0.0,8.0
2020,DO,95728,Nevada,2.55,0.0,30.0,44.0,97.0,19.0,191.0
2020,DT,95728,Nevada,2.52,2.0,5.0,22.0,40.0,3.0,72.0
2020,HO,95728,Nevada,2.61,8.0,14.0,217.0,382.0,20.0,640.0
2020,RT,95728,Nevada,1.65,2.0,0.0,9.0,0.0,0.0,11.0
2021,CO,95728,Nevada,1.66,2.0,1.0,4.0,2.0,0.0,9.0
2021,DO,95728,Nevada,2.64,0.0,33.0,53.0,146.0,26.0,257.0
2021,DT,95728,Nevada,2.51,1.0,4.0,22.0,37.0,1.0,64.0
2021,HO,95728,Nevada,2.59,7.0,18.0,240.0,376.0,25.0,666.0
2021,RT,95728,Nevada,1.84,1.0,0.0,10.0,0.0,0.0,11.0
2022,CO,95728,Nevada,1.68,2.0,1.0,4.0,2.0,0.0,9.0
2022,DO,95728,Nevada,2.7,9.0,16.0,63.0,178.0,32.0,298.0
2022,DT,95728,Nevada,2.5,2.0,2.0,26.0,34.0,2.0,65.0
2022,HO,95728,Nevada,2.54,11.0,16.0,262.0,352.0,21.0,663.0
2022,RT,95728,Nevada,1.85,1.0,0.0,8.0,1.0,0.0,11.0
2023,CO,95728,Nevada,2.13,2.0,0.0,6.0,4.0,1.0,13.0
2023,DO,95728,Nevada,2.84,3.0,1.0,82.0,218.0,37.0,341.0
2023,DT,95728,Nevada,2.66,0.0,0.0,25.0,35.0,3.0,63.0
2023,HO,95728,Nevada,2.59,3.0,8.0,263.0,338.0,28.0,641.0
2023,RT,95728,Nevada,1.77,2.0,2.0,7.0,1.0,1.0,13.0
2018,DO,95736,Placer,2.25,0.0,0.0,3.0,1.0,0.0,4.0
2018,DT,95736,Placer,2.67,0.0,1.0,8.0,21.0,0.0,30.0
2018,HO,95736,Placer,2.45,0.0,4.0,58.0,59.0,0.0,121.0
2018,MH,95736,Placer,1.56,0.0,11.0,4.0,3.0,0.0,17.0
2018,RT,95736,Placer,0.92,7.0,0.0,4.0,1.0,0.0,12.0
2019,DO,95736,Placer,2.62,1.0,0.0,0.0,6.0,0.0,7.0
2019,DT,95736,Placer,2.74,0.0,0.0,7.0,21.0,0.0,28.0
2019,HO,95736,Placer,2.41,1.0,4.0,58.0,53.0,0.0,116.0
2019,MH,95736,Placer,1.61,0.0,10.0,3.0,3.0,0.0,16.0
2019,RT,95736,Placer,0.98,6.0,0.0,4.0,1.0,0.0,11.0
2020,DO,95736,Placer,3.0,0.0,0.0,0.0,7.0,0.0,7.0
2020,DT,95736,Placer,2.73,0.0,1.0,6.0,22.0,0.0,29.0
2020,HO,95736,Placer,2.55,0.0,1.0,50.0,55.0,3.0,109.0
2020,MH,95736,Placer,1.86,0.0,9.0,2.0,7.0,0.0,17.0
2020,RT,95736,Placer,1.06,5.0,0.0,4.0,1.0,0.0,10.0
2021,DO,95736,Placer,3.0,0.0,0.0,0.0,10.0,0.0,10.0
2021,DT,95736,Placer,2.84,0.0,0.0,4.0,23.0,0.0,27.0
2021,HO,95736,Placer,2.69,0.0,1.0,33.0,53.0,6.0,92.0
2021,MH,95736,Placer,1.93,0.0,9.0,3.0,7.0,0.0,19.0
2021,RT,95736,Placer,1.44,4.0,0.0,4.0,2.0,0.0,11.0
2022,DO,95736,Placer,3.0,0.0,0.0,0.0,7.0,0.0,7.0
2022,DT,95736,Placer,2.84,0.0,0.0,4.0,21.0,0.0,25.0
2022,HO,95736,Placer,2.64,1.0,0.0,29.0,36.0,6.0,72.0
2022,MH,95736,Placer,1.96,0.0,8.0,3.0,7.0,0.0,17.0
2022,RT,95736,Placer,2.11,2.0,0.0,3.0,5.0,0.0,10.0
2023,DO,95736,Placer,2.97,0.0,0.0,0.0,9.0,0.0,9.0
2023,DT,95736,Placer,2.83,0.0,0.0,4.0,20.0,0.0,24.0
2023,HO,95736,Placer,2.64,0.0,1.0,24.0,28.0,5.0,57.0
2023,MH,95736,Placer,1.83,0.0,7.0,3.0,5.0,0.0,14.0
2023,RT,95736,Placer,2.27,1.0,0.0,3.0,2.0,1.0,7.0
2018,CO,95746,Placer,0.54,10.0,12.0,0.0,0.0,0.0,22.0
2018,DO,95746,Placer,2.35,0.0,3.0,1.0,7.0,0.0,11.0
2018,DT,95746,Placer,1.12,75.0,207.0,79.0,21.0,0.0,382.0
2018,HO,95746,Placer,1.27,865.0,2376.0,1145.0,499.0,14.0,4899.0
2018,MH,95746,Placer,0.52,62.0,15.0,17.0,0.0,0.0,93.0
2018,RT,95746,Placer,0.91,60.0,159.0,26.0,5.0,0.0,251.0
2019,CO,95746,Placer,0.56,12.0,12.0,1.0,0.0,0.0,24.0
2019,DO,95746,Placer,2.44,1.0,2.0,6.0,13.0,0.0,22.0
2019,DT,95746,Placer,1.13,79.0,213.0,92.0,20.0,0.0,404.0
2019,HO,95746,Placer,1.32,923.0,2104.0,1512.0,484.0,17.0,5040.0
2019,MH,95746,Placer,0.58,62.0,18.0,20.0,0.0,0.0,100.0
2019,RT,95746,Placer,1.05,49.0,150.0,54.0,4.0,0.0,257.0
2020,CO,95746,Placer,0.53,13.0,12.0,1.0,0.0,0.0,25.0
2020,DO,95746,Placer,2.64,0.0,3.0,11.0,36.0,0.0,51.0
2020,DT,95746,Placer,1.16,82.0,165.0,86.0,27.0,0.0,361.0
2020,HO,95746,Placer,1.3,1028.0,1726.0,1501.0,422.0,25.0,4703.0
2020,MH,95746,Placer,0.69,52.0,24.0,21.0,0.0,0.0,98.0
2020,RT,95746,Placer,0.97,66.0,113.0,53.0,3.0,0.0,235.0
2021,CO,95746,Placer,0.56,11.0,14.0,0.0,0.0,0.0,25.0
2021,DO,95746,Placer,2.44,4.0,6.0,23.0,50.0,0.0,83.0
2021,DT,95746,Placer,1.22,72.0,162.0,93.0,27.0,1.0,356.0
2021,HO,95746,Placer,1.31,911.0,1908.0,1505.0,408.0,24.0,4756.0
2021,MH,95746,Placer,0.74,55.0,25.0,28.0,0.0,0.0,108.0
2021,RT,95746,Placer,0.97,68.0,122.0,52.0,4.0,0.0,247.0
2022,CO,95746,Placer,0.64,10.0,16.0,1.0,0.0,0.0,27.0
2022,DO,95746,Placer,2.51,1.0,10.0,31.0,70.0,0.0,113.0
2022,DT,95746,Placer,1.17,82.0,185.0,99.0,23.0,2.0,391.0
2022,HO,95746,Placer,1.29,833.0,2222.0,1503.0,370.0,16.0,4944.0
2022,MH,95746,Placer,0.85,60.0,25.0,42.0,0.0,0.0,127.0
2022,RT,95746,Placer,1.02,61.0,134.0,55.0,6.0,0.0,256.0
2023,CO,95746,Placer,0.63,14.0,15.0,1.0,1.0,0.0,31.0
2023,DO,95746,Placer,2.55,1.0,11.0,57.0,112.0,0.0,181.0
2023,DT,95746,Placer,1.24,72.0,210.0,115.0,27.0,1.0,426.0
2023,HO,95746,Placer,1.33,762.0,2249.0,1569.0,390.0,12.0,4982.0
2023,MH,95746,Placer,0.9,58.0,21.0,43.0,1.0,0.0,123.0
2023,RT,95746,Placer,1.1,72.0,138.0,70.0,13.0,2.0,295.0
2018,CO,95747,Placer,0.54,49.0,59.0,0.0,0.0,0.0,108.0
2018,DO,95747,Placer,0.0,4.0,0.0,0.0,0.0,0.0,4.0
2018,DT,95747,Placer,0.44,1004.0,794.0,2.0,0.0,0.0,1800.0
2018,HO,95747,Placer,0.39,8271.0,5148.0,7.0,3.0,0.0,13428.0
2018,MH,95747,Placer,0.24,79.0,16.0,4.0,0.0,0.0,99.0
2018,RT,95747,Placer,0.69,465.0,1035.0,0.0,0.0,0.0,1501.0
2019,CO,95747,Placer,0.57,47.0,62.0,0.0,0.0,0.0,109.0
2019,DO,95747,Placer,0.0,4.0,0.0,0.0,0.0,0.0,4.0
2019,DT,95747,Placer,0.43,1127.0,844.0,1.0,0.0,0.0,1972.0
2019,HO,95747,Placer,0.38,8953.0,5371.0,5.0,2.0,0.0,14332.0
2019,MH,95747,Placer,0.24,83.0,18.0,3.0,0.0,0.0,104.0
2019,RT,95747,Placer,0.69,515.0,1170.0,1.0,0.0,0.0,1685.0
2020,CO,95747,Placer,0.42,66.0,48.0,0.0,0.0,0.0,114.0
2020,DO,95747,Placer,0.27,4.0,2.0,0.0,0.0,0.0,6.0
2020,DT,95747,Placer,0.36,1158.0,636.0,2.0,0.0,0.0,1797.0
2020,HO,95747,Placer,0.32,9762.0,4097.0,168.0,12.0,5.0,14045.0
2020,MH,95747,Placer,0.3,77.0,29.0,2.0,0.0,0.0,108.0
2020,RT,95747,Placer,0.57,811.0,896.0,47.0,3.0,1.0,1758.0
2021,CO,95747,Placer,0.48,61.0,53.0,1.0,0.0,0.0,115.0
2021,DO,95747,Placer,0.14,33.0,5.0,0.0,0.0,0.0,38.0
2021,DT,95747,Placer,0.37,1075.0,614.0,5.0,0.0,0.0,1694.0
2021,HO,95747,Placer,0.33,9939.0,4410.0,116.0,24.0,8.0,14498.0
2021,MH,95747,Placer,0.32,79.0,34.0,1.0,0.0,0.0,114.0
2021,RT,95747,Placer,0.59,859.0,953.0,64.0,5.0,3.0,1883.0
2022,CO,95747,Placer,0.52,62.0,64.0,1.0,0.0,0.0,127.0
2022,DO,95747,Placer,0.87,9.0,61.0,0.0,0.0,0.0,70.0
2022,DT,95747,Placer,0.42,1123.0,763.0,7.0,3.0,0.0,1897.0
2022,HO,95747,Placer,0.38,9853.0,5419.0,170.0,45.0,14.0,15501.0
2022,MH,95747,Placer,0.32,83.0,36.0,1.0,0.0,0.0,119.0
2022,RT,95747,Placer,0.63,903.0,1051.0,100.0,16.0,4.0,2074.0
2023,CO,95747,Placer,0.44,91.0,70.0,1.0,0.0,0.0,162.0
2023,DO,95747,Placer,0.86,12.0,76.0,0.0,0.0,0.0,89.0
2023,DT,95747,Placer,0.44,1190.0,879.0,10.0,2.0,1.0,2082.0
2023,HO,95747,Placer,0.38,10258.0,5730.0,167.0,27.0,10.0,16191.0
2023,MH,95747,Placer,0.33,80.0,38.0,1.0,0.0,0.0,118.0
2023,RT,95747,Placer,0.6,1154.0,1200.0,116.0,18.0,1.0,2487.0
2018,CO,95765,Placer,0.96,17.0,175.0,9.0,0.0,0.0,200.0
2018,DO,95765,Placer,0.0,2.0,0.0,0.0,0.0,0.0,2.0
2018,DT,95765,Placer,0.53,443.0,428.0,24.0,0.0,0.0,895.0
2018,HO,95765,Placer,0.59,2757.0,2839.0,295.0,12.0,1.0,5904.0
2018,RT,95765,Placer,0.7,375.0,853.0,7.0,1.0,0.0,1235.0
2019,CO,95765,Placer,0.86,42.0,177.0,11.0,0.0,0.0,230.0
2019,DO,95765,Placer,0.0,2.0,0.0,0.0,0.0,0.0,2.0
2019,DT,95765,Placer,0.5,498.0,429.0,21.0,0.0,0.0,948.0
2019,HO,95765,Placer,0.56,3108.0,2935.0,298.0,12.0,1.0,6355.0
2019,RT,95765,Placer,0.71,397.0,949.0,7.0,0.0,0.0,1354.0
2020,CO,95765,Placer,0.5,131.0,103.0,9.0,0.0,0.0,243.0
2020,DO,95765,Placer,0.42,1.0,1.0,0.0,0.0,0.0,2.0
2020,DT,95765,Placer,0.4,527.0,315.0,16.0,0.0,0.0,858.0
2020,HO,95765,Placer,0.45,3787.0,2109.0,246.0,69.0,3.0,6213.0
2020,RT,95765,Placer,0.53,646.0,684.0,13.0,0.0,0.0,1342.0
2021,CO,95765,Placer,0.48,137.0,103.0,8.0,0.0,0.0,249.0
2021,DO,95765,Placer,0.31,12.0,2.0,0.0,1.0,0.0,15.0
2021,DT,95765,Placer,0.4,502.0,290.0,15.0,0.0,1.0,808.0
2021,HO,95765,Placer,0.46,3756.0,2276.0,266.0,24.0,3.0,6326.0
2021,RT,95765,Placer,0.57,625.0,739.0,20.0,3.0,0.0,1387.0
2022,CO,95765,Placer,0.45,155.0,96.0,10.0,1.0,0.0,261.0
2022,DO,95765,Placer,1.73,4.0,1.0,25.0,0.0,0.0,29.0
2022,DT,95765,Placer,0.45,501.0,359.0,15.0,1.0,0.0,876.0
2022,HO,95765,Placer,0.51,3582.0,2450.0,366.0,37.0,3.0,6437.0
2022,RT,95765,Placer,0.59,631.0,770.0,31.0,7.0,0.0,1439.0
2023,CO,95765,Placer,0.45,173.0,107.0,11.0,1.0,0.0,292.0
2023,DO,95765,Placer,1.68,3.0,2.0,22.0,0.0,0.0,27.0
2023,DT,95765,Placer,0.49,485.0,411.0,18.0,1.0,0.0,916.0
2023,HO,95765,Placer,0.52,3515.0,2505.0,368.0,35.0,3.0,6426.0
2023,RT,95765,Placer,0.59,736.0,846.0,45.0,6.0,1.0,1634.0
2018,CO,95901,Yuba,0.79,12.0,42.0,0.0,0.0,0.0,54.0
2018,DO,95901,Yuba,0.38,36.0,2.0,5.0,2.0,0.0,45.0
2018,DT,95901,Yuba,0.48,602.0,465.0,25.0,3.0,0.0,1094.0
2018,HO,95901,Yuba,0.56,2079.0,1420.0,282.0,47.0,1.0,3829.0
2018,MH,95901,Yuba,0.84,185.0,74.0,63.0,29.0,2.0,353.0
2018,RT,95901,Yuba,0.75,121.0,313.0,10.0,0.0,0.0,444.0
2019,CO,95901,Yuba,0.72,17.0,43.0,0.0,0.0,0.0,60.0
2019,DO,95901,Yuba,0.43,38.0,3.0,4.0,3.0,0.0,48.0
2019,DT,95901,Yuba,0.46,646.0,483.0,20.0,3.0,0.0,1151.0
2019,HO,95901,Yuba,0.53,2265.0,1466.0,267.0,45.0,0.0,4042.0
2019,MH,95901,Yuba,0.83,185.0,106.0,59.0,27.0,2.0,379.0
2019,RT,95901,Yuba,0.7,167.0,356.0,10.0,0.0,0.0,533.0
2020,CO,95901,Yuba,0.55,30.0,37.0,0.0,0.0,0.0,67.0
2020,DO,95901,Yuba,0.69,37.0,19.0,6.0,5.0,0.0,68.0
2020,DT,95901,Yuba,0.45,639.0,436.0,25.0,1.0,0.0,1101.0
2020,HO,95901,Yuba,0.5,2424.0,1236.0,287.0,39.0,15.0,4002.0
2020,MH,95901,Yuba,0.89,166.0,157.0,61.0,26.0,2.0,411.0
2020,RT,95901,Yuba,0.51,324.0,274.0,11.0,1.0,3.0,613.0
2021,CO,95901,Yuba,0.62,27.0,45.0,0.0,0.0,0.0,72.0
2021,DO,95901,Yuba,0.78,47.0,22.0,8.0,9.0,0.0,86.0
2021,DT,95901,Yuba,0.43,574.0,345.0,26.0,3.0,0.0,947.0
2021,HO,95901,Yuba,0.51,2351.0,1187.0,333.0,38.0,8.0,3916.0
2021,MH,95901,Yuba,0.93,163.0,161.0,74.0,26.0,2.0,425.0
2021,RT,95901,Yuba,0.57,293.0,281.0,22.0,1.0,4.0,601.0
2022,CO,95901,Yuba,0.65,26.0,48.0,0.0,0.0,0.0,74.0
2022,DO,95901,Yuba,0.9,42.0,36.0,11.0,9.0,1.0,98.0
2022,DT,95901,Yuba,0.47,549.0,388.0,32.0,1.0,0.0,970.0
2022,HO,95901,Yuba,0.55,2311.0,1375.0,378.0,33.0,9.0,4106.0
2022,MH,95901,Yuba,0.95,163.0,158.0,81.0,27.0,2.0,431.0
2022,RT,95901,Yuba,0.59,286.0,314.0,23.0,0.0,2.0,624.0
2023,CO,95901,Yuba,0.56,41.0,51.0,0.0,0.0,0.0,92.0
2023,DO,95901,Yuba,0.92,44.0,37.0,14.0,9.0,1.0,105.0
2023,DT,95901,Yuba,0.48,555.0,417.0,28.0,3.0,0.0,1003.0
2023,HO,95901,Yuba,0.57,2304.0,1402.0,408.0,34.0,8.0,4156.0
2023,MH,95901,Yuba,1.05,155.0,134.0,93.0,37.0,3.0,421.0
2023,RT,95901,Yuba,0.56,377.0,387.0,28.0,0.0,1.0,794.0
2018,RT,95903,Yuba,1.0,0.0,10.0,0.0,0.0,0.0,10.0
2019,RT,95903,Yuba,1.05,0.0,23.0,1.0,0.0,0.0,24.0
2020,RT,95903,Yuba,1.31,7.0,16.0,11.0,4.0,0.0,37.0
2021,RT,95903,Yuba,1.45,1.0,22.0,13.0,3.0,0.0,39.0
2022,RT,95903,Yuba,1.43,1.0,27.0,15.0,2.0,0.0,45.0
2023,RT,95903,Yuba,1.71,2.0,26.0,18.0,12.0,0.0,58.0
2018,CO,95910,Sierra,3.0,0.0,0.0,0.0,2.0,0.0,2.0
2018,DO,95910,Sierra,2.86,0.0,0.0,0.0,6.0,0.0,6.0
2018,DT,95910,Sierra,2.68,0.0,0.0,0.0,3.0,0.0,3.0
2018,HO,95910,Sierra,2.72,0.0,0.0,3.0,9.0,0.0,12.0
2018,RT,95910,Sierra,0.0,1.0,0.0,0.0,0.0,0.0,1.0
2019,CO,95910,Sierra,3.0,0.0,0.0,0.0,2.0,0.0,2.0
2019,DO,95910,Sierra,3.0,0.0,0.0,0.0,7.0,0.0,7.0
2019,DT,95910,Sierra,3.0,0.0,0.0,0.0,2.0,0.0,2.0
2019,HO,95910,Sierra,2.65,0.0,0.0,4.0,7.0,0.0,11.0
2019,MH,95910,Sierra,3.0,0.0,0.0,0.0,0.0,0.0,0.0
2019,RT,95910,Sierra,0.0,1.0,0.0,0.0,0.0,0.0,1.0
2020,CO,95910,Sierra,3.0,0.0,0.0,0.0,0.0,0.0,0.0
2020,DO,95910,Sierra,3.06,0.0,0.0,0.0,12.0,1.0,13.0
2020,DT,95910,Sierra,3.0,0.0,0.0,0.0,1.0,0.0,1.0
2020,HO,95910,Sierra,2.75,0.0,0.0,3.0,9.0,0.0,12.0
2020,MH,95910,Sierra,3.0,0.0,0.0,0.0,0.0,0.0,0.0
2020,RT,95910,Sierra,0.0,1.0,0.0,0.0,0.0,0.0,1.0
2021,DO,95910,Sierra,3.0,0.0,0.0,0.0,15.0,0.0,15.0
2021,DT,95910,Sierra,3.0,0.0,0.0,0.0,1.0,0.0,1.0
2021,HO,95910,Sierra,2.82,0.0,0.0,2.0,9.0,0.0,11.0
2021,MH,95910,Sierra,3.0,0.0,0.0,0.0,1.0,0.0,1.0
2021,RT,95910,Sierra,0.0,1.0,0.0,0.0,0.0,0.0,1.0
2022,DO,95910,Sierra,3.0,0.0,0.0,0.0,15.0,0.0,15.0
2022,DT,95910,Sierra,3.0,0.0,0.0,0.0,1.0,0.0,1.0
2022,HO,95910,Sierra,2.48,1.0,0.0,2.0,7.0,0.0,10.0
2022,RT,95910,Sierra,0.0,1.0,0.0,0.0,0.0,0.0,1.0
2023,DO,95910,Sierra,3.0,0.0,0.0,0.0,14.0,0.0,14.0
2023,DT,95910,Sierra,3.0,0.0,0.0,0.0,1.0,0.0,1.0
2023,HO,95910,Sierra,2.8,0.0,0.0,2.0,8.0,0.0,10.0
2023,RT,95910,Sierra,0.0,1.0,0.0,0.0,0.0,0.0,1.0
2018,DO,95914,Butte,2.87,0.0,0.0,1.0,7.0,0.0,8.0
2018,DT,95914,Butte,2.38,1.0,1.0,4.0,8.0,0.0,14.0
2018,HO,95914,Butte,2.38,0.0,13.0,28.0,47.0,0.0,88.0
2018,MH,95914,Butte,2.65,0.0,1.0,20.0,35.0,1.0,57.0
2018,RT,95914,Butte,1.28,1.0,1.0,2.0,0.0,0.0,4.0
2019,DO,95914,Butte,2.74,0.0,0.0,1.0,6.0,0.0,8.0
2019,DT,95914,Butte,2.29,1.0,2.0,4.0,9.0,0.0,16.0
2019,HO,95914,Butte,2.06,2.0,34.0,13.0,43.0,0.0,92.0
2019,MH,95914,Butte,2.27,1.0,17.0,15.0,35.0,1.0,68.0
2019,RT,95914,Butte,1.25,1.0,4.0,3.0,0.0,0.0,8.0
2020,DO,95914,Butte,2.72,0.0,1.0,2.0,10.0,0.0,13.0
2020,DT,95914,Butte,1.85,1.0,6.0,3.0,5.0,0.0,14.0
2020,HO,95914,Butte,1.92,3.0,41.0,15.0,29.0,6.0,93.0
2020,MH,95914,Butte,1.96,0.0,39.0,11.0,33.0,1.0,85.0
2020,RT,95914,Butte,1.24,1.0,2.0,2.0,0.0,0.0,6.0
2021,DO,95914,Butte,2.58,0.0,1.0,5.0,11.0,0.0,17.0
2021,DT,95914,Butte,2.1,0.0,4.0,6.0,6.0,0.0,16.0
2021,HO,95914,Butte,1.99,1.0,32.0,26.0,27.0,4.0,90.0
2021,MH,95914,Butte,1.96,0.0,40.0,14.0,34.0,1.0,89.0
2021,RT,95914,Butte,1.33,1.0,2.0,3.0,0.0,0.0,6.0
2022,DO,95914,Butte,2.46,1.0,2.0,5.0,15.0,0.0,23.0
2022,DT,95914,Butte,2.35,0.0,2.0,6.0,8.0,0.0,16.0
2022,HO,95914,Butte,2.14,0.0,26.0,30.0,27.0,5.0,88.0
2022,MH,95914,Butte,2.09,0.0,29.0,21.0,37.0,0.0,87.0
2022,RT,95914,Butte,1.05,1.0,2.0,1.0,0.0,0.0,4.0
2023,DO,95914,Butte,2.4,1.0,4.0,8.0,18.0,0.0,31.0
2023,DT,95914,Butte,2.39,0.0,3.0,5.0,10.0,0.0,18.0
2023,HO,95914,Butte,2.29,0.0,12.0,39.0,28.0,4.0,82.0
2023,MH,95914,Butte,2.41,0.0,9.0,28.0,41.0,0.0,78.0
2023,RT,95914,Butte,1.9,1.0,2.0,3.0,1.0,1.0,7.0
2018,DO,95918,Yuba,2.57,0.0,0.0,2.0,3.0,0.0,5.0
2018,DT,95918,Yuba,2.08,1.0,5.0,19.0,10.0,0.0,34.0
2018,HO,95918,Yuba,2.1,2.0,65.0,255.0,105.0,3.0,431.0
2018,MH,95918,Yuba,2.39,0.0,5.0,40.0,29.0,3.0,77.0
2018,RT,95918,Yuba,1.43,6.0,2.0,13.0,1.0,0.0,22.0
2019,DO,95918,Yuba,2.75,0.0,0.0,2.0,6.0,0.0,8.0
2019,DT,95918,Yuba,2.02,1.0,7.0,23.0,10.0,0.0,41.0
2019,HO,95918,Yuba,1.99,6.0,97.0,267.0,99.0,3.0,471.0
2019,MH,95918,Yuba,2.17,0.0,18.0,38.0,30.0,2.0,88.0
2019,RT,95918,Yuba,1.46,3.0,4.0,11.0,0.0,0.0,18.0
2020,DO,95918,Yuba,2.71,0.0,2.0,2.0,14.0,1.0,20.0
2020,DT,95918,Yuba,1.95,0.0,12.0,17.0,8.0,1.0,38.0
2020,HO,95918,Yuba,2.11,13.0,71.0,266.0,92.0,28.0,470.0
2020,MH,95918,Yuba,1.89,0.0,47.0,33.0,31.0,2.0,114.0
2020,RT,95918,Yuba,1.64,4.0,0.0,13.0,1.0,0.0,19.0
2021,DO,95918,Yuba,2.78,1.0,2.0,2.0,24.0,2.0,30.0
2021,DT,95918,Yuba,2.06,1.0,9.0,19.0,9.0,2.0,40.0
2021,HO,95918,Yuba,2.1,10.0,63.0,304.0,90.0,22.0,489.0
2021,MH,95918,Yuba,1.94,0.0,45.0,40.0,34.0,2.0,121.0
2021,RT,95918,Yuba,1.73,3.0,1.0,13.0,2.0,0.0,19.0
2022,DO,95918,Yuba,2.85,1.0,2.0,2.0,39.0,3.0,47.0
2022,DT,95918,Yuba,2.09,1.0,11.0,14.0,10.0,3.0,39.0
2022,HO,95918,Yuba,2.15,10.0,45.0,352.0,93.0,26.0,526.0
2022,MH,95918,Yuba,1.97,0.0,42.0,50.0,31.0,4.0,126.0
2022,RT,95918,Yuba,1.85,2.0,1.0,14.0,0.0,1.0,18.0
2023,DO,95918,Yuba,2.83,1.0,3.0,5.0,52.0,3.0,63.0
2023,DT,95918,Yuba,2.33,0.0,6.0,14.0,14.0,2.0,36.0
2023,HO,95918,Yuba,2.17,5.0,36.0,366.0,96.0,19.0,522.0
2023,MH,95918,Yuba,2.26,0.0,19.0,59.0,39.0,6.0,123.0
2023,RT,95918,Yuba,1.59,3.0,4.0,13.0,0.0,0.0,21.0
2018,DO,95919,Yuba,2.78,0.0,0.0,5.0,13.0,1.0,18.0
2018,DT,95919,Yuba,2.57,0.0,0.0,8.0,11.0,0.0,18.0
2018,HO,95919,Yuba,2.81,0.0,0.0,36.0,115.0,6.0,156.0
2018,MH,95919,Yuba,2.75,0.0,3.0,25.0,76.0,4.0,107.0
2018,RT,95919,Yuba,1.69,3.0,0.0,2.0,0.0,2.0,7.0
2019,CO,95919,Yuba,2.0,0.0,0.0,0.0,0.0,0.0,0.0
2019,DO,95919,Yuba,2.87,0.0,0.0,6.0,32.0,1.0,39.0
2019,DT,95919,Yuba,2.44,0.0,0.0,12.0,9.0,0.0,21.0
2019,HO,95919,Yuba,2.76,0.0,0.0,38.0,98.0,4.0,139.0
2019,MH,95919,Yuba,2.74,0.0,2.0,29.0,69.0,6.0,106.0
2019,RT,95919,Yuba,2.63,2.0,0.0,2.0,0.0,4.0,9.0
2020,DO,95919,Yuba,2.94,0.0,0.0,10.0,73.0,5.0,88.0
2020,DT,95919,Yuba,2.53,0.0,1.0,10.0,13.0,1.0,25.0
2020,HO,95919,Yuba,2.74,1.0,0.0,42.0,96.0,6.0,145.0
2020,MH,95919,Yuba,2.79,0.0,3.0,30.0,61.0,14.0,108.0
2020,RT,95919,Yuba,2.93,1.0,0.0,1.0,4.0,3.0,10.0
2021,DO,95919,Yuba,2.91,0.0,0.0,17.0,97.0,6.0,120.0
2021,DT,95919,Yuba,2.66,0.0,1.0,7.0,14.0,1.0,24.0
2021,HO,95919,Yuba,2.75,0.0,0.0,43.0,98.0,7.0,148.0
2021,MH,95919,Yuba,2.77,0.0,3.0,34.0,65.0,14.0,116.0
2021,RT,95919,Yuba,2.57,1.0,0.0,1.0,3.0,1.0,7.0
2022,DO,95919,Yuba,2.86,1.0,0.0,19.0,107.0,4.0,131.0
2022,DT,95919,Yuba,2.75,0.0,1.0,4.0,19.0,0.0,24.0
2022,HO,95919,Yuba,2.55,9.0,0.0,45.0,89.0,5.0,147.0
2022,MH,95919,Yuba,2.77,0.0,4.0,33.0,69.0,13.0,118.0
2022,RT,95919,Yuba,2.93,0.0,0.0,1.0,3.0,1.0,5.0
2023,DO,95919,Yuba,2.86,0.0,0.0,22.0,115.0,3.0,141.0
2023,DT,95919,Yuba,2.79,0.0,0.0,4.0,17.0,0.0,21.0
2023,HO,95919,Yuba,2.73,0.0,0.0,44.0,95.0,5.0,144.0
2023,MH,95919,Yuba,2.76,0.0,3.0,30.0,71.0,9.0,112.0
2023,RT,95919,Yuba,2.89,0.0,0.0,3.0,5.0,2.0,10.0
2018,DO,95922,Yuba,2.58,1.0,0.0,5.0,13.0,0.0,19.0
2018,DT,95922,Yuba,2.85,0.0,0.0,2.0,11.0,0.0,12.0
2018,HO,95922,Yuba,2.94,0.0,0.0,9.0,56.0,5.0,69.0
2018,MH,95922,Yuba,2.93,0.0,0.0,3.0,35.0,0.0,37.0
2018,RT,95922,Yuba,2.44,0.0,0.0,2.0,1.0,0.0,3.0
2019,DO,95922,Yuba,2.89,0.0,0.0,2.0,27.0,0.0,29.0
2019,DT,95922,Yuba,2.72,0.0,0.0,4.0,10.0,0.0,15.0
2019,HO,95922,Yuba,2.97,0.0,0.0,9.0,46.0,8.0,63.0
2019,MH,95922,Yuba,2.95,0.0,0.0,2.0,38.0,0.0,41.0
2019,RT,95922,Yuba,2.88,0.0,0.0,1.0,1.0,1.0,3.0
2020,DO,95922,Yuba,2.96,1.0,0.0,2.0,48.0,3.0,53.0
2020,DT,95922,Yuba,2.78,0.0,0.0,6.0,18.0,0.0,23.0
2020,HO,95922,Yuba,2.95,0.0,0.0,9.0,48.0,6.0,63.0
2020,MH,95922,Yuba,3.13,0.0,0.0,2.0,39.0,9.0,50.0
2020,RT,95922,Yuba,1.94,1.0,0.0,0.0,2.0,0.0,3.0
2021,DO,95922,Yuba,2.95,1.0,0.0,2.0,51.0,2.0,56.0
2021,DT,95922,Yuba,2.79,0.0,0.0,6.0,24.0,0.0,30.0
2021,HO,95922,Yuba,2.94,0.0,0.0,11.0,47.0,7.0,64.0
2021,MH,95922,Yuba,3.1,0.0,0.0,4.0,38.0,9.0,51.0
2021,RT,95922,Yuba,1.73,1.0,0.0,1.0,1.0,0.0,3.0
2022,DO,95922,Yuba,2.86,2.0,0.0,3.0,52.0,2.0,59.0
2022,DT,95922,Yuba,2.85,0.0,0.0,4.0,23.0,0.0,27.0
2022,HO,95922,Yuba,2.79,4.0,0.0,10.0,46.0,7.0,67.0
2022,MH,95922,Yuba,3.04,0.0,0.0,6.0,36.0,8.0,50.0
2022,RT,95922,Yuba,2.5,0.0,0.0,1.0,1.0,0.0,2.0
2023,DO,95922,Yuba,2.98,0.0,0.0,2.0,55.0,1.0,59.0
2023,DT,95922,Yuba,2.85,0.0,0.0,3.0,18.0,0.0,21.0
2023,HO,95922,Yuba,2.95,0.0,0.0,10.0,50.0,7.0,67.0
2023,MH,95922,Yuba,2.91,0.0,0.0,6.0,35.0,3.0,44.0
2023,RT,95922,Yuba,2.8,0.0,0.0,1.0,4.0,0.0,5.0
2018,DO,95924,Nevada,2.0,0.0,0.0,1.0,0.0,0.0,1.0
2018,DT,95924,Nevada,1.91,0.0,1.0,2.0,1.0,0.0,4.0
2018,HO,95924,Nevada,1.93,0.0,1.0,13.0,0.0,0.0,14.0
2018,MH,95924,Nevada,2.0,0.0,0.0,1.0,0.0,0.0,1.0
2018,RT,95924,Nevada,0.79,2.0,1.0,1.0,0.0,0.0,3.0
2019,DO,95924,Nevada,2.0,0.0,0.0,1.0,0.0,0.0,1.0
2019,DT,95924,Nevada,2.25,0.0,0.0,3.0,1.0,0.0,4.0
2019,HO,95924,Nevada,2.0,0.0,0.0,15.0,0.0,0.0,15.0
2019,MH,95924,Nevada,2.0,0.0,0.0,1.0,0.0,0.0,1.0
2019,RT,95924,Nevada,1.33,1.0,0.0,2.0,0.0,0.0,3.0
2020,DO,95924,Nevada,2.34,0.0,0.0,2.0,1.0,0.0,2.0
2020,DT,95924,Nevada,2.17,0.0,0.0,5.0,1.0,0.0,6.0
2020,HO,95924,Nevada,2.0,0.0,0.0,16.0,0.0,0.0,16.0
2020,RT,95924,Nevada,1.54,1.0,0.0,2.0,0.0,0.0,3.0
2021,DO,95924,Nevada,2.21,0.0,0.0,1.0,0.0,0.0,1.0
2021,DT,95924,Nevada,2.18,0.0,0.0,4.0,1.0,0.0,5.0
2021,HO,95924,Nevada,2.01,0.0,0.0,14.0,0.0,0.0,15.0
2021,RT,95924,Nevada,2.24,0.0,0.0,2.0,1.0,0.0,3.0
2022,DO,95924,Nevada,2.0,0.0,0.0,1.0,0.0,0.0,1.0
2022,DT,95924,Nevada,2.0,0.0,0.0,3.0,0.0,0.0,3.0
2022,HO,95924,Nevada,2.1,0.0,0.0,9.0,1.0,0.0,10.0
2022,RT,95924,Nevada,2.33,0.0,0.0,2.0,1.0,0.0,3.0
2023,DO,95924,Nevada,2.0,0.0,0.0,0.0,0.0,0.0,0.0
2023,DT,95924,Nevada,2.32,0.0,0.0,2.0,1.0,0.0,3.0
2023,HO,95924,Nevada,2.33,0.0,0.0,6.0,3.0,0.0,9.0
2023,RT,95924,Nevada,2.43,0.0,0.0,1.0,1.0,0.0,2.0
2018,CO,95925,Yuba,0.0,1.0,0.0,0.0,0.0,0.0,1.0
2018,DO,95925,Yuba,2.07,2.0,0.0,0.0,4.0,0.0,6.0
2018,DT,95925,Yuba,2.81,0.0,0.0,1.0,4.0,0.0,5.0
2018,HO,95925,Yuba,2.85,2.0,0.0,6.0,35.0,3.0,45.0
2018,MH,95925,Yuba,2.87,0.0,0.0,2.0,14.0,0.0,16.0
2018,RT,95925,Yuba,2.0,0.0,0.0,1.0,0.0,0.0,1.0
2019,CO,95925,Yuba,0.0,0.0,0.0,0.0,0.0,0.0,0.0
2019,DO,95925,Yuba,2.75,1.0,0.0,1.0,9.0,0.0,11.0
2019,DT,95925,Yuba,2.65,0.0,0.0,2.0,3.0,0.0,5.0
2019,HO,95925,Yuba,2.91,0.0,0.0,6.0,34.0,2.0,42.0
2019,MH,95925,Yuba,2.86,0.0,0.0,2.0,13.0,0.0,15.0
2019,RT,95925,Yuba,1.53,0.0,0.0,1.0,0.0,0.0,1.0
2020,DO,95925,Yuba,2.91,0.0,0.0,2.0,21.0,0.0,23.0
2020,DT,95925,Yuba,2.82,0.0,0.0,1.0,5.0,0.0,6.0
2020,HO,95925,Yuba,2.94,0.0,0.0,5.0,27.0,3.0,35.0
2020,MH,95925,Yuba,2.94,0.0,0.0,2.0,14.0,1.0,17.0
2020,RT,95925,Yuba,0.0,1.0,0.0,0.0,0.0,0.0,1.0
2021,DO,95925,Yuba,2.91,0.0,0.0,3.0,26.0,0.0,29.0
2021,DT,95925,Yuba,2.78,0.0,0.0,1.0,4.0,0.0,5.0
2021,HO,95925,Yuba,2.94,0.0,0.0,5.0,28.0,3.0,36.0
2021,MH,95925,Yuba,2.95,0.0,0.0,2.0,18.0,1.0,21.0
2021,RT,95925,Yuba,0.0,1.0,0.0,0.0,0.0,0.0,1.0
2022,DO,95925,Yuba,2.96,0.0,0.0,1.0,32.0,0.0,33.0
2022,DT,95925,Yuba,2.89,0.0,0.0,1.0,5.0,0.0,6.0
2022,HO,95925,Yuba,2.85,1.0,0.0,5.0,29.0,2.0,37.0
2022,MH,95925,Yuba,2.95,0.0,0.0,2.0,18.0,1.0,21.0
2022,RT,95925,Yuba,0.75,1.0,0.0,0.0,0.0,0.0,1.0
2023,DO,95925,Yuba,2.94,0.0,0.0,2.0,29.0,0.0,31.0
2023,DT,95925,Yuba,3.0,0.0,0.0,0.0,4.0,0.0,4.0
2023,HO,95925,Yuba,2.91,0.0,0.0,5.0,27.0,2.0,34.0
2023,MH,95925,Yuba,2.94,0.0,0.0,2.0,19.0,0.0,21.0
2023,RT,95925,Yuba,2.49,0.0,0.0,0.0,2.0,0.0,2.0
2018,DO,95930,Butte,2.8,1.0,0.0,1.0,16.0,0.0,18.0
2018,DT,95930,Butte,2.37,0.0,0.0,3.0,2.0,0.0,5.0
2018,HO,95930,Butte,2.78,0.0,4.0,7.0,57.0,0.0,68.0
2018,MH,95930,Butte,2.15,0.0,0.0,6.0,1.0,0.0,7.0
2018,RT,95930,Butte,0.0,1.0,0.0,0.0,0.0,0.0,1.0
2019,DO,95930,Butte,2.93,0.0,0.0,2.0,26.0,0.0,28.0
2019,DT,95930,Butte,2.51,0.0,0.0,3.0,3.0,0.0,6.0
2019,HO,95930,Butte,2.83,0.0,2.0,9.0,55.0,2.0,69.0
2019,MH,95930,Butte,2.17,0.0,0.0,5.0,1.0,0.0,6.0
2019,RT,95930,Butte,0.0,1.0,0.0,0.0,0.0,0.0,1.0
2020,DO,95930,Butte,2.94,0.0,0.0,4.0,57.0,1.0,61.0
2020,DT,95930,Butte,2.72,0.0,0.0,3.0,5.0,1.0,9.0
2020,HO,95930,Butte,2.67,4.0,0.0,15.0,60.0,1.0,80.0
2020,MH,95930,Butte,2.25,0.0,0.0,6.0,2.0,0.0,8.0
2020,RT,95930,Butte,0.0,1.0,0.0,0.0,0.0,0.0,1.0
2021,DO,95930,Butte,2.91,0.0,0.0,7.0,59.0,1.0,67.0
2021,DT,95930,Butte,2.82,0.0,0.0,3.0,5.0,1.0,9.0
2021,HO,95930,Butte,2.73,2.0,1.0,15.0,62.0,1.0,81.0
2021,MH,95930,Butte,2.1,0.0,0.0,6.0,1.0,0.0,7.0
2021,RT,95930,Butte,0.0,1.0,0.0,0.0,0.0,0.0,1.0
2022,DO,95930,Butte,2.84,1.0,0.0,11.0,67.0,1.0,80.0
2022,DT,95930,Butte,2.87,0.0,0.0,2.0,5.0,1.0,8.0
2022,HO,95930,Butte,2.79,1.0,1.0,14.0,63.0,1.0,80.0
2022,MH,95930,Butte,2.05,0.0,0.0,6.0,0.0,0.0,6.0
2023,DO,95930,Butte,2.8,0.0,0.0,19.0,70.0,1.0,90.0
2023,DT,95930,Butte,2.65,0.0,0.0,3.0,5.0,0.0,9.0
2023,HO,95930,Butte,2.86,0.0,0.0,11.0,67.0,0.0,78.0
2023,MH,95930,Butte,2.2,0.0,0.0,4.0,1.0,0.0,5.0
2023,RT,95930,Butte,1.0,0.0,1.0,0.0,0.0,0.0,1.0
2018,DO,95935,Yuba,2.83,0.0,0.0,1.0,8.0,1.0,10.0
2018,DT,95935,Yuba,2.58,0.0,0.0,7.0,10.0,0.0,17.0
2018,HO,95935,Yuba,2.73,0.0,0.0,24.0,57.0,2.0,83.0
2018,MH,95935,Yuba,2.81,0.0,0.0,17.0,49.0,4.0,70.0
2018,RT,95935,Yuba,1.18,4.0,1.0,2.0,1.0,1.0,8.0
2019,DO,95935,Yuba,2.99,0.0,0.0,1.0,15.0,1.0,17.0
2019,DT,95935,Yuba,2.58,0.0,1.0,4.0,8.0,0.0,13.0
2019,HO,95935,Yuba,2.57,0.0,6.0,31.0,54.0,3.0,94.0
2019,MH,95935,Yuba,2.79,0.0,2.0,16.0,48.0,6.0,73.0
2019,RT,95935,Yuba,1.31,4.0,0.0,2.0,1.0,1.0,8.0
2020,DO,95935,Yuba,3.04,0.0,0.0,1.0,45.0,3.0,49.0
2020,DT,95935,Yuba,2.75,0.0,2.0,2.0,9.0,3.0,15.0
2020,HO,95935,Yuba,2.59,1.0,10.0,25.0,57.0,7.0,99.0
2020,MH,95935,Yuba,2.76,0.0,9.0,14.0,57.0,11.0,91.0
2020,RT,95935,Yuba,1.41,3.0,0.0,0.0,0.0,2.0,6.0
2021,DO,95935,Yuba,3.08,0.0,0.0,1.0,55.0,6.0,62.0
2021,DT,95935,Yuba,2.74,0.0,1.0,5.0,11.0,2.0,19.0
2021,HO,95935,Yuba,2.62,1.0,7.0,28.0,61.0,6.0,103.0
2021,MH,95935,Yuba,2.76,0.0,11.0,14.0,64.0,12.0,100.0
2021,RT,95935,Yuba,0.89,3.0,0.0,1.0,0.0,1.0,5.0
2022,DO,95935,Yuba,3.07,0.0,0.0,1.0,63.0,6.0,70.0
2022,DT,95935,Yuba,2.82,0.0,1.0,5.0,16.0,3.0,25.0
2022,HO,95935,Yuba,2.57,6.0,2.0,28.0,58.0,6.0,99.0
2022,MH,95935,Yuba,2.84,0.0,8.0,13.0,62.0,14.0,98.0
2022,RT,95935,Yuba,0.98,3.0,0.0,1.0,0.0,1.0,5.0
2023,DO,95935,Yuba,3.01,0.0,0.0,6.0,68.0,7.0,81.0
2023,DT,95935,Yuba,2.84,0.0,0.0,6.0,12.0,3.0,20.0
2023,HO,95935,Yuba,2.75,0.0,0.0,29.0,68.0,3.0,100.0
2023,MH,95935,Yuba,3.03,0.0,0.0,14.0,65.0,17.0,95.0
2023,RT,95935,Yuba,0.88,4.0,1.0,1.0,1.0,0.0,7.0
2018,DO,95936,Sierra,2.84,1.0,0.0,1.0,5.0,1.0,8.0
2018,DT,95936,Sierra,2.96,0.0,0.0,4.0,17.0,3.0,24.0
2018,HO,95936,Sierra,2.8,0.0,5.0,21.0,44.0,15.0,86.0
2018,MH,95936,Sierra,3.0,0.0,0.0,1.0,5.0,1.0,7.0
2018,RT,95936,Sierra,1.5,3.0,2.0,2.0,1.0,1.0,8.0
2019,DO,95936,Sierra,3.21,0.0,0.0,1.0,15.0,6.0,21.0
2019,DT,95936,Sierra,2.96,0.0,0.0,4.0,16.0,3.0,23.0
2019,HO,95936,Sierra,2.88,0.0,6.0,17.0,42.0,18.0,83.0
2019,MH,95936,Sierra,3.0,0.0,0.0,1.0,5.0,1.0,7.0
2019,RT,95936,Sierra,1.44,2.0,1.0,2.0,1.0,0.0,7.0
2020,DO,95936,Sierra,3.21,0.0,0.0,1.0,39.0,11.0,51.0
2020,DT,95936,Sierra,2.96,0.0,0.0,4.0,19.0,3.0,26.0
2020,HO,95936,Sierra,2.89,1.0,4.0,17.0,49.0,18.0,88.0
2020,MH,95936,Sierra,2.71,0.0,0.0,2.0,5.0,0.0,7.0
2020,RT,95936,Sierra,1.78,2.0,1.0,3.0,1.0,1.0,7.0
2021,DO,95936,Sierra,3.17,0.0,0.0,1.0,49.0,12.0,62.0
2021,DT,95936,Sierra,2.98,0.0,0.0,5.0,20.0,5.0,30.0
2021,HO,95936,Sierra,2.76,1.0,5.0,24.0,44.0,15.0,88.0
2021,MH,95936,Sierra,2.5,0.0,1.0,2.0,5.0,0.0,8.0
2021,RT,95936,Sierra,1.84,2.0,0.0,2.0,1.0,1.0,6.0
2022,DO,95936,Sierra,3.16,0.0,0.0,1.0,56.0,12.0,69.0
2022,DT,95936,Sierra,2.97,0.0,0.0,7.0,18.0,6.0,30.0
2022,HO,95936,Sierra,2.67,1.0,6.0,29.0,39.0,15.0,91.0
2022,MH,95936,Sierra,2.51,0.0,1.0,2.0,5.0,0.0,8.0
2022,RT,95936,Sierra,1.73,2.0,0.0,2.0,1.0,1.0,6.0
2023,DO,95936,Sierra,3.16,0.0,0.0,1.0,57.0,13.0,71.0
2023,DT,95936,Sierra,2.92,0.0,0.0,5.0,18.0,3.0,26.0
2023,HO,95936,Sierra,2.68,0.0,9.0,27.0,39.0,16.0,91.0
2023,MH,95936,Sierra,2.56,0.0,1.0,2.0,6.0,0.0,9.0
2023,RT,95936,Sierra,1.79,2.0,1.0,3.0,3.0,0.0,8.0
2018,DO,95941,Butte,2.69,0.0,0.0,3.0,6.0,0.0,9.0
2018,DT,95941,Butte,2.84,0.0,0.0,5.0,4.0,3.0,12.0
2018,HO,95941,Butte,2.77,0.0,0.0,14.0,34.0,3.0,50.0
2018,MH,95941,Butte,2.7,0.0,0.0,18.0,37.0,1.0,56.0
2019,DO,95941,Butte,2.63,0.0,0.0,5.0,9.0,0.0,14.0
2019,DT,95941,Butte,3.06,0.0,0.0,3.0,6.0,4.0,13.0
2019,HO,95941,Butte,2.75,0.0,0.0,15.0,27.0,4.0,46.0
2019,MH,95941,Butte,2.75,0.0,0.0,16.0,34.0,3.0,53.0
2020,DO,95941,Butte,2.66,0.0,0.0,11.0,20.0,0.0,31.0
2020,DT,95941,Butte,2.8,0.0,0.0,3.0,8.0,1.0,13.0
2020,HO,95941,Butte,2.54,0.0,0.0,22.0,19.0,2.0,43.0
2020,MH,95941,Butte,2.88,0.0,0.0,15.0,27.0,9.0,51.0
2020,RT,95941,Butte,4.0,0.0,0.0,0.0,0.0,0.0,0.0
2021,DO,95941,Butte,2.66,0.0,0.0,13.0,24.0,0.0,37.0
2021,DT,95941,Butte,2.59,0.0,0.0,5.0,7.0,0.0,12.0
2021,HO,95941,Butte,2.41,0.0,1.0,25.0,20.0,0.0,46.0
2021,MH,95941,Butte,2.92,0.0,0.0,12.0,29.0,9.0,50.0
2021,RT,95941,Butte,4.0,0.0,0.0,0.0,0.0,1.0,1.0
2022,DO,95941,Butte,2.7,0.0,0.0,12.0,28.0,0.0,40.0
2022,DT,95941,Butte,2.51,0.0,0.0,6.0,6.0,0.0,12.0
2022,HO,95941,Butte,2.28,3.0,2.0,21.0,21.0,0.0,47.0
2022,MH,95941,Butte,2.88,0.0,0.0,13.0,32.0,6.0,51.0
2022,RT,95941,Butte,2.42,0.0,0.0,0.0,0.0,0.0,1.0
2023,DO,95941,Butte,2.68,0.0,0.0,13.0,28.0,0.0,42.0
2023,DT,95941,Butte,2.55,0.0,0.0,7.0,8.0,0.0,15.0
2023,HO,95941,Butte,2.46,0.0,0.0,26.0,22.0,0.0,48.0
2023,MH,95941,Butte,2.77,0.0,0.0,13.0,32.0,2.0,47.0
2018,DO,95944,Sierra,3.0,0.0,0.0,0.0,2.0,0.0,2.0
2018,DT,95944,Sierra,3.67,0.0,0.0,0.0,1.0,2.0,3.0
2018,HO,95944,Sierra,2.88,0.0,0.0,2.0,6.0,1.0,9.0
2018,MH,95944,Sierra,3.5,0.0,0.0,0.0,1.0,1.0,2.0
2018,RT,95944,Sierra,0.0,1.0,0.0,0.0,0.0,0.0,1.0
2019,DO,95944,Sierra,3.0,0.0,0.0,0.0,3.0,0.0,3.0
2019,DT,95944,Sierra,3.67,0.0,0.0,0.0,1.0,2.0,3.0
2019,HO,95944,Sierra,2.88,0.0,0.0,2.0,5.0,1.0,8.0
2019,MH,95944,Sierra,2.0,0.0,1.0,0.0,1.0,0.0,2.0
2019,RT,95944,Sierra,0.0,1.0,0.0,0.0,0.0,0.0,1.0
2020,DO,95944,Sierra,3.0,0.0,0.0,0.0,4.0,0.0,4.0
2020,DT,95944,Sierra,3.0,0.0,0.0,1.0,1.0,1.0,3.0
2020,HO,95944,Sierra,2.53,1.0,0.0,1.0,6.0,0.0,8.0
2020,MH,95944,Sierra,3.5,0.0,0.0,0.0,1.0,1.0,2.0
2020,RT,95944,Sierra,0.0,1.0,0.0,0.0,0.0,0.0,1.0
2021,DO,95944,Sierra,3.0,0.0,0.0,0.0,5.0,0.0,5.0
2021,DT,95944,Sierra,3.67,0.0,0.0,0.0,1.0,2.0,3.0
2021,HO,95944,Sierra,2.75,1.0,0.0,0.0,6.0,1.0,8.0
2021,MH,95944,Sierra,3.5,0.0,0.0,0.0,1.0,1.0,2.0
2021,RT,95944,Sierra,0.0,1.0,0.0,0.0,0.0,0.0,1.0
2022,DO,95944,Sierra,3.0,0.0,0.0,0.0,6.0,0.0,6.0
2022,DT,95944,Sierra,3.67,0.0,0.0,0.0,1.0,2.0,3.0
2022,HO,95944,Sierra,3.14,0.0,0.0,1.0,4.0,2.0,7.0
2022,MH,95944,Sierra,3.5,0.0,0.0,0.0,1.0,1.0,2.0
2022,RT,95944,Sierra,0.0,1.0,0.0,0.0,0.0,0.0,1.0
2023,DO,95944,Sierra,3.0,0.0,0.0,0.0,8.0,0.0,8.0
2023,DT,95944,Sierra,3.67,0.0,0.0,0.0,1.0,2.0,3.0
2023,HO,95944,Sierra,3.28,0.0,0.0,1.0,3.0,3.0,7.0
2023,MH,95944,Sierra,3.6,0.0,0.0,0.0,1.0,1.0,2.0
2023,RT,95944,Sierra,0.42,1.0,1.0,0.0,0.0,0.0,2.0
2018,CO,95945,Nevada,1.35,1.0,44.0,14.0,5.0,0.0,64.0
2018,DO,95945,Nevada,2.7,0.0,5.0,19.0,73.0,0.0,97.0
2018,DT,95945,Nevada,1.97,3.0,530.0,299.0,398.0,49.0,1280.0
2018,HO,95945,Nevada,2.41,2.0,872.0,924.0,2170.0,205.0,4174.0
2018,MH,95945,Nevada,2.2,23.0,56.0,153.0,147.0,18.0,397.0
2018,RT,95945,Nevada,0.98,247.0,370.0,66.0,60.0,14.0,757.0
2019,CO,95945,Nevada,1.36,1.0,48.0,16.0,5.0,0.0,70.0
2019,DO,95945,Nevada,2.85,2.0,10.0,53.0,435.0,3.0,503.0
2019,DT,95945,Nevada,2.02,2.0,502.0,392.0,437.0,49.0,1382.0
2019,HO,95945,Nevada,2.36,1.0,854.0,1217.0,1904.0,224.0,4200.0
2019,MH,95945,Nevada,2.26,18.0,54.0,166.0,166.0,16.0,419.0
2019,RT,95945,Nevada,1.11,203.0,389.0,118.0,58.0,19.0,786.0
2020,CO,95945,Nevada,1.16,12.0,48.0,15.0,5.0,0.0,80.0
2020,DO,95945,Nevada,2.83,1.0,35.0,163.0,1172.0,6.0,1377.0
2020,DT,95945,Nevada,2.15,10.0,450.0,419.0,597.0,50.0,1526.0
2020,HO,95945,Nevada,2.33,26.0,874.0,1266.0,1780.0,275.0,4221.0
2020,MH,95945,Nevada,2.31,15.0,79.0,148.0,204.0,24.0,469.0
2020,RT,95945,Nevada,1.1,215.0,359.0,149.0,46.0,18.0,787.0
2021,CO,95945,Nevada,1.21,12.0,54.0,15.0,6.0,1.0,88.0
2021,DO,95945,Nevada,2.83,2.0,38.0,192.0,1314.0,7.0,1554.0
2021,DT,95945,Nevada,2.17,17.0,411.0,396.0,599.0,51.0,1474.0
2021,HO,95945,Nevada,2.31,19.0,954.0,1306.0,1807.0,276.0,4363.0
2021,MH,95945,Nevada,2.3,14.0,82.0,153.0,207.0,23.0,479.0
2021,RT,95945,Nevada,1.17,167.0,371.0,155.0,49.0,15.0,757.0
2022,CO,95945,Nevada,1.4,5.0,53.0,17.0,11.0,0.0,88.0
2022,DO,95945,Nevada,2.84,4.0,34.0,204.0,1447.0,9.0,1698.0
2022,DT,95945,Nevada,2.13,52.0,391.0,388.0,586.0,50.0,1467.0
2022,HO,95945,Nevada,2.17,187.0,1059.0,1322.0,1674.0,254.0,4495.0
2022,MH,95945,Nevada,2.29,11.0,83.0,169.0,205.0,20.0,488.0
2022,RT,95945,Nevada,1.27,129.0,394.0,165.0,59.0,17.0,764.0
2023,CO,95945,Nevada,1.56,3.0,55.0,27.0,16.0,0.0,101.0
2023,DO,95945,Nevada,2.84,1.0,28.0,260.0,1648.0,13.0,1950.0
2023,DT,95945,Nevada,2.27,11.0,354.0,395.0,679.0,52.0,1493.0
2023,HO,95945,Nevada,2.28,2.0,1101.0,1196.0,1965.0,205.0,4469.0
2023,MH,95945,Nevada,2.32,9.0,64.0,184.0,206.0,15.0,479.0
2023,RT,95945,Nevada,1.39,115.0,410.0,166.0,108.0,16.0,815.0
2018,DO,95946,Nevada,2.92,0.0,1.0,5.0,43.0,3.0,52.0
2018,DT,95946,Nevada,1.96,1.0,153.0,83.0,136.0,2.0,376.0
2018,HO,95946,Nevada,2.21,10.0,680.0,473.0,1085.0,52.0,2300.0
2018,MH,95946,Nevada,2.3,0.0,24.0,41.0,52.0,4.0,122.0
2018,RT,95946,Nevada,1.11,40.0,68.0,28.0,8.0,4.0,148.0
2019,DO,95946,Nevada,2.99,0.0,7.0,7.0,121.0,19.0,154.0
2019,DT,95946,Nevada,2.07,2.0,122.0,142.0,148.0,4.0,417.0
2019,HO,95946,Nevada,2.19,9.0,569.0,848.0,940.0,52.0,2417.0
2019,MH,95946,Nevada,2.26,1.0,30.0,45.0,56.0,5.0,136.0
2019,RT,95946,Nevada,1.36,34.0,48.0,63.0,7.0,4.0,156.0
2020,DO,95946,Nevada,2.96,0.0,28.0,24.0,312.0,62.0,427.0
2020,DT,95946,Nevada,2.13,3.0,119.0,143.0,163.0,10.0,438.0
2020,HO,95946,Nevada,2.14,27.0,618.0,944.0,829.0,103.0,2521.0
2020,MH,95946,Nevada,2.3,0.0,38.0,50.0,69.0,9.0,166.0
2020,RT,95946,Nevada,1.39,44.0,34.0,67.0,7.0,8.0,160.0
2021,DO,95946,Nevada,2.94,1.0,31.0,38.0,393.0,70.0,532.0
2021,DT,95946,Nevada,2.2,5.0,94.0,136.0,164.0,10.0,410.0
2021,HO,95946,Nevada,2.12,29.0,619.0,1104.0,767.0,108.0,2626.0
2021,MH,95946,Nevada,2.31,0.0,39.0,57.0,71.0,12.0,178.0
2021,RT,95946,Nevada,1.49,31.0,34.0,64.0,9.0,7.0,146.0
2022,DO,95946,Nevada,2.93,7.0,25.0,45.0,427.0,74.0,577.0
2022,DT,95946,Nevada,2.19,14.0,78.0,136.0,160.0,12.0,400.0
2022,HO,95946,Nevada,2.05,60.0,634.0,1243.0,702.0,99.0,2738.0
2022,MH,95946,Nevada,2.38,0.0,32.0,60.0,73.0,13.0,177.0
2022,RT,95946,Nevada,1.61,21.0,34.0,68.0,7.0,7.0,138.0
2023,DO,95946,Nevada,2.98,2.0,14.0,61.0,542.0,83.0,703.0
2023,DT,95946,Nevada,2.36,1.0,70.0,144.0,202.0,12.0,430.0
2023,HO,95946,Nevada,2.12,5.0,573.0,1406.0,723.0,94.0,2801.0
2023,MH,95946,Nevada,2.49,0.0,17.0,58.0,75.0,10.0,160.0
2023,RT,95946,Nevada,1.69,20.0,37.0,60.0,14.0,9.0,140.0
2018,CO,95949,Nevada,1.79,0.0,17.0,7.0,10.0,0.0,34.0
2018,DO,95949,Nevada,3.0,0.0,0.0,6.0,100.0,6.0,112.0
2018,DT,95949,Nevada,2.48,2.0,103.0,98.0,329.0,23.0,556.0
2018,HO,95949,Nevada,2.6,8.0,532.0,687.0,2784.0,124.0,4135.0
2018,MH,95949,Nevada,2.46,2.0,120.0,153.0,404.0,23.0,702.0
2018,RT,95949,Nevada,1.33,84.0,63.0,36.0,34.0,19.0,236.0
2019,CO,95949,Nevada,2.06,0.0,8.0,17.0,10.0,0.0,35.0
2019,DO,95949,Nevada,3.0,0.0,2.0,32.0,673.0,35.0,742.0
2019,DT,95949,Nevada,2.6,0.0,51.0,166.0,382.0,23.0,622.0
2019,HO,95949,Nevada,2.56,10.0,365.0,1111.0,2381.0,126.0,3992.0
2019,MH,95949,Nevada,2.5,2.0,125.0,146.0,450.0,27.0,751.0
2019,RT,95949,Nevada,1.75,62.0,27.0,88.0,39.0,25.0,241.0
2020,CO,95949,Nevada,1.91,4.0,8.0,15.0,13.0,0.0,40.0
2020,DO,95949,Nevada,2.96,0.0,16.0,146.0,1824.0,90.0,2076.0
2020,DT,95949,Nevada,2.68,2.0,39.0,188.0,508.0,28.0,765.0
2020,HO,95949,Nevada,2.58,34.0,381.0,1195.0,2392.0,262.0,4265.0
2020,MH,95949,Nevada,2.57,0.0,137.0,125.0,518.0,46.0,826.0
2020,RT,95949,Nevada,1.7,63.0,14.0,83.0,26.0,26.0,212.0
2021,CO,95949,Nevada,2.02,2.0,9.0,16.0,13.0,0.0,39.0
2021,DO,95949,Nevada,2.94,0.0,14.0,218.0,2115.0,107.0,2453.0
2021,DT,95949,Nevada,2.69,3.0,29.0,192.0,495.0,29.0,748.0
2021,HO,95949,Nevada,2.58,15.0,335.0,1384.0,2355.0,263.0,4352.0
2021,MH,95949,Nevada,2.52,0.0,173.0,124.0,531.0,52.0,880.0
2021,RT,95949,Nevada,1.8,51.0,13.0,96.0,28.0,23.0,211.0
2022,CO,95949,Nevada,1.98,1.0,11.0,17.0,12.0,0.0,41.0
2022,DO,95949,Nevada,2.93,10.0,10.0,238.0,2225.0,118.0,2600.0
2022,DT,95949,Nevada,2.56,39.0,25.0,191.0,455.0,30.0,739.0
2022,HO,95949,Nevada,2.39,258.0,311.0,1569.0,2112.0,242.0,4493.0
2022,MH,95949,Nevada,2.46,0.0,207.0,130.0,539.0,49.0,926.0
2022,RT,95949,Nevada,1.83,40.0,29.0,101.0,29.0,22.0,221.0
2023,CO,95949,Nevada,2.05,1.0,10.0,20.0,11.0,2.0,44.0
2023,DO,95949,Nevada,2.94,0.0,7.0,284.0,2434.0,132.0,2857.0
2023,DT,95949,Nevada,2.76,0.0,18.0,187.0,516.0,38.0,759.0
2023,HO,95949,Nevada,2.55,4.0,255.0,1736.0,2309.0,212.0,4516.0
2023,MH,95949,Nevada,2.39,0.0,236.0,134.0,488.0,52.0,911.0
2023,RT,95949,Nevada,1.89,35.0,50.0,93.0,55.0,19.0,251.0
2018,CO,95959,Nevada,1.69,0.0,26.0,19.0,9.0,0.0,54.0
2018,DO,95959,Nevada,2.91,0.0,0.0,19.0,137.0,5.0,162.0
2018,DT,95959,Nevada,2.66,0.0,82.0,154.0,395.0,79.0,709.0
2018,HO,95959,Nevada,2.82,3.0,226.0,714.0,2541.0,461.0,3945.0
2018,MH,95959,Nevada,2.92,0.0,3.0,24.0,144.0,15.0,186.0
2018,RT,95959,Nevada,1.36,126.0,58.0,41.0,50.0,32.0,306.0
2019,CO,95959,Nevada,2.06,0.0,5.0,47.0,8.0,1.0,61.0
2019,DO,95959,Nevada,2.96,0.0,1.0,41.0,611.0,15.0,668.0
2019,DT,95959,Nevada,2.7,0.0,44.0,219.0,465.0,70.0,798.0
2019,HO,95959,Nevada,2.82,3.0,97.0,929.0,2261.0,461.0,3751.0
2019,MH,95959,Nevada,2.92,0.0,3.0,27.0,164.0,16.0,211.0
2019,RT,95959,Nevada,1.6,102.0,32.0,81.0,53.0,32.0,299.0
2020,CO,95959,Nevada,1.95,5.0,4.0,47.0,8.0,2.0,66.0
2020,DO,95959,Nevada,2.92,2.0,4.0,177.0,1619.0,35.0,1836.0
2020,DT,95959,Nevada,2.76,3.0,37.0,241.0,642.0,78.0,1000.0
2020,HO,95959,Nevada,2.83,21.0,72.0,933.0,2386.0,482.0,3894.0
2020,MH,95959,Nevada,2.94,0.0,7.0,28.0,189.0,26.0,249.0
2020,RT,95959,Nevada,1.53,114.0,25.0,92.0,42.0,33.0,305.0
2021,CO,95959,Nevada,1.96,5.0,4.0,44.0,8.0,2.0,64.0
2021,DO,95959,Nevada,2.9,1.0,5.0,260.0,1911.0,42.0,2218.0
2021,DT,95959,Nevada,2.76,3.0,32.0,252.0,682.0,76.0,1045.0
2021,HO,95959,Nevada,2.82,10.0,78.0,972.0,2469.0,439.0,3969.0
2021,MH,95959,Nevada,2.92,0.0,6.0,30.0,187.0,24.0,247.0
2021,RT,95959,Nevada,1.63,95.0,27.0,107.0,39.0,33.0,302.0
2022,CO,95959,Nevada,2.13,2.0,3.0,46.0,11.0,2.0,64.0
2022,DO,95959,Nevada,2.87,29.0,3.0,277.0,2106.0,47.0,2463.0
2022,DT,95959,Nevada,2.59,60.0,28.0,243.0,637.0,61.0,1028.0
2022,HO,95959,Nevada,2.62,268.0,82.0,996.0,2314.0,407.0,4067.0
2022,MH,95959,Nevada,2.94,0.0,5.0,29.0,194.0,22.0,250.0
2022,RT,95959,Nevada,1.66,82.0,28.0,110.0,43.0,25.0,287.0
2023,CO,95959,Nevada,2.34,2.0,2.0,37.0,27.0,1.0,69.0
2023,DO,95959,Nevada,2.9,0.0,0.0,320.0,2400.0,46.0,2766.0
2023,DT,95959,Nevada,2.8,1.0,23.0,227.0,772.0,64.0,1088.0
2023,HO,95959,Nevada,2.81,1.0,68.0,971.0,2611.0,351.0,4002.0
2023,MH,95959,Nevada,2.96,0.0,1.0,28.0,183.0,20.0,232.0
2023,RT,95959,Nevada,1.89,70.0,49.0,88.0,89.0,32.0,329.0
2018,DO,95960,Nevada,2.98,0.0,0.0,1.0,9.0,1.0,11.0
2018,DT,95960,Nevada,2.87,0.0,0.0,3.0,12.0,1.0,16.0
2018,HO,95960,Nevada,2.87,0.0,2.0,22.0,90.0,9.0,123.0
2018,MH,95960,Nevada,2.99,0.0,0.0,4.0,18.0,4.0,26.0
2018,RT,95960,Nevada,0.5,3.0,0.0,1.0,0.0,0.0,4.0
2019,DO,95960,Nevada,2.76,0.0,0.0,4.0,18.0,0.0,22.0
2019,DT,95960,Nevada,2.6,2.0,0.0,5.0,19.0,1.0,27.0
2019,HO,95960,Nevada,2.83,0.0,1.0,27.0,62.0,11.0,101.0
2019,MH,95960,Nevada,3.04,0.0,0.0,3.0,17.0,4.0,24.0
2019,RT,95960,Nevada,1.28,3.0,0.0,1.0,0.0,1.0,5.0
2020,DO,95960,Nevada,2.89,0.0,1.0,6.0,47.0,2.0,56.0
2020,DT,95960,Nevada,2.78,0.0,1.0,6.0,24.0,1.0,32.0
2020,HO,95960,Nevada,2.79,0.0,2.0,20.0,56.0,8.0,88.0
2020,MH,95960,Nevada,3.01,0.0,0.0,3.0,19.0,4.0,26.0
2020,RT,95960,Nevada,0.69,3.0,0.0,0.0,1.0,0.0,4.0
2021,DO,95960,Nevada,2.94,0.0,1.0,7.0,57.0,5.0,70.0
2021,DT,95960,Nevada,2.8,0.0,1.0,6.0,28.0,1.0,36.0
2021,HO,95960,Nevada,2.88,0.0,4.0,15.0,58.0,12.0,89.0
2021,MH,95960,Nevada,3.01,0.0,0.0,4.0,19.0,4.0,27.0
2021,RT,95960,Nevada,0.49,3.0,0.0,0.0,1.0,0.0,4.0
2022,DO,95960,Nevada,2.99,0.0,1.0,5.0,62.0,6.0,74.0
2022,DT,95960,Nevada,2.46,5.0,0.0,7.0,24.0,1.0,38.0
2022,HO,95960,Nevada,2.8,5.0,2.0,10.0,56.0,12.0,84.0
2022,MH,95960,Nevada,3.04,0.0,0.0,4.0,19.0,5.0,28.0
2022,RT,95960,Nevada,1.21,3.0,0.0,0.0,2.0,0.0,5.0
2023,DO,95960,Nevada,2.99,0.0,0.0,5.0,68.0,5.0,78.0
2023,DT,95960,Nevada,2.84,0.0,0.0,9.0,26.0,3.0,38.0
2023,HO,95960,Nevada,2.98,0.0,1.0,10.0,58.0,10.0,79.0
2023,MH,95960,Nevada,2.98,0.0,0.0,4.0,17.0,3.0,25.0
2023,RT,95960,Nevada,2.61,1.0,0.0,0.0,5.0,1.0,7.0
2018,DO,95961,Yuba,0.05,35.0,2.0,0.0,0.0,0.0,37.0
2018,DT,95961,Yuba,0.41,543.0,374.0,0.0,0.0,0.0,917.0
2018,HO,95961,Yuba,0.32,2235.0,1043.0,0.0,0.0,0.0,3278.0
2018,MH,95961,Yuba,0.14,217.0,36.0,0.0,0.0,0.0,253.0
2018,RT,95961,Yuba,0.77,67.0,226.0,0.0,0.0,0.0,292.0
2019,CO,95961,Yuba,0.0,0.0,0.0,0.0,0.0,0.0,0.0
2019,DO,95961,Yuba,0.05,35.0,2.0,0.0,0.0,0.0,37.0
2019,DT,95961,Yuba,0.4,571.0,378.0,0.0,0.0,0.0,948.0
2019,HO,95961,Yuba,0.3,2484.0,1072.0,0.0,0.0,0.0,3557.0
2019,MH,95961,Yuba,0.18,217.0,48.0,0.0,0.0,0.0,265.0
2019,RT,95961,Yuba,0.81,59.0,253.0,0.0,0.0,0.0,313.0
2020,CO,95961,Yuba,0.0,1.0,0.0,0.0,0.0,0.0,1.0
2020,DO,95961,Yuba,0.15,30.0,5.0,0.0,0.0,0.0,36.0
2020,DT,95961,Yuba,0.35,564.0,307.0,0.0,0.0,0.0,871.0
2020,HO,95961,Yuba,0.26,2721.0,951.0,7.0,0.0,1.0,3679.0
2020,MH,95961,Yuba,0.29,209.0,84.0,0.0,0.0,0.0,293.0
2020,RT,95961,Yuba,0.62,117.0,174.0,5.0,0.0,0.0,296.0
2021,DO,95961,Yuba,0.16,37.0,7.0,0.0,0.0,0.0,44.0
2021,DT,95961,Yuba,0.33,534.0,254.0,2.0,0.0,0.0,789.0
2021,HO,95961,Yuba,0.28,2714.0,1022.0,11.0,0.0,0.0,3747.0
2021,MH,95961,Yuba,0.31,216.0,98.0,0.0,0.0,0.0,314.0
2021,RT,95961,Yuba,0.6,126.0,175.0,3.0,0.0,0.0,304.0
2022,DO,95961,Yuba,0.32,33.0,15.0,0.0,0.0,0.0,49.0
2022,DT,95961,Yuba,0.38,489.0,284.0,8.0,0.0,0.0,781.0
2022,HO,95961,Yuba,0.34,2715.0,1315.0,25.0,1.0,0.0,4055.0
2022,MH,95961,Yuba,0.31,220.0,98.0,0.0,0.0,0.0,317.0
2022,RT,95961,Yuba,0.63,123.0,201.0,3.0,0.0,0.0,326.0
2023,DO,95961,Yuba,0.3,31.0,13.0,0.0,0.0,0.0,45.0
2023,DT,95961,Yuba,0.4,466.0,304.0,1.0,0.0,0.0,770.0
2023,HO,95961,Yuba,0.34,2838.0,1388.0,26.0,1.0,0.0,4253.0
2023,MH,95961,Yuba,0.34,213.0,108.0,1.0,0.0,0.0,322.0
2023,RT,95961,Yuba,0.58,164.0,214.0,3.0,0.0,0.0,382.0
2018,DO,95962,Yuba,2.82,0.0,0.0,1.0,6.0,0.0,7.0
2018,DT,95962,Yuba,2.57,1.0,0.0,2.0,9.0,0.0,12.0
2018,HO,95962,Yuba,2.7,2.0,7.0,23.0,113.0,0.0,145.0
2018,MH,95962,Yuba,2.84,0.0,0.0,16.0,81.0,2.0,99.0
2018,RT,95962,Yuba,1.0,6.0,0.0,0.0,3.0,0.0,10.0
2019,DO,95962,Yuba,3.02,1.0,0.0,1.0,19.0,4.0,25.0
2019,DT,95962,Yuba,2.42,2.0,0.0,2.0,11.0,0.0,15.0
2019,HO,95962,Yuba,2.63,2.0,10.0,29.0,107.0,1.0,149.0
2019,MH,95962,Yuba,2.81,0.0,1.0,19.0,77.0,3.0,100.0
2019,RT,95962,Yuba,1.55,3.0,0.0,0.0,2.0,1.0,6.0
2020,DO,95962,Yuba,3.01,0.0,1.0,2.0,70.0,4.0,77.0
2020,DT,95962,Yuba,2.61,3.0,0.0,2.0,18.0,1.0,24.0
2020,HO,95962,Yuba,2.72,4.0,4.0,35.0,117.0,8.0,168.0
2020,MH,95962,Yuba,2.83,0.0,5.0,26.0,81.0,14.0,126.0
2020,RT,95962,Yuba,1.38,5.0,0.0,1.0,2.0,1.0,9.0
2021,DO,95962,Yuba,2.97,0.0,0.0,5.0,87.0,4.0,97.0
2021,DT,95962,Yuba,2.56,3.0,0.0,5.0,22.0,1.0,31.0
2021,HO,95962,Yuba,2.71,3.0,5.0,37.0,113.0,8.0,165.0
2021,MH,95962,Yuba,2.77,1.0,7.0,29.0,88.0,14.0,140.0
2021,RT,95962,Yuba,1.09,4.0,1.0,0.0,2.0,0.0,7.0
2022,DO,95962,Yuba,2.98,0.0,0.0,6.0,101.0,3.0,110.0
2022,DT,95962,Yuba,2.6,4.0,0.0,2.0,26.0,1.0,34.0
2022,HO,95962,Yuba,2.63,7.0,7.0,38.0,114.0,8.0,174.0
2022,MH,95962,Yuba,2.78,1.0,7.0,30.0,95.0,14.0,146.0
2022,RT,95962,Yuba,1.92,2.0,2.0,1.0,3.0,1.0,9.0
2023,DO,95962,Yuba,2.97,0.0,0.0,8.0,107.0,4.0,120.0
2023,DT,95962,Yuba,2.97,1.0,0.0,1.0,30.0,3.0,36.0
2023,HO,95962,Yuba,2.77,0.0,8.0,33.0,123.0,9.0,172.0
2023,MH,95962,Yuba,2.8,1.0,2.0,28.0,93.0,8.0,133.0
2023,RT,95962,Yuba,2.0,2.0,2.0,2.0,4.0,1.0,10.0
2018,DO,95966,Butte,2.11,18.0,12.0,24.0,56.0,3.0,113.0
2018,DT,95966,Butte,1.18,308.0,596.0,233.0,149.0,2.0,1288.0
2018,HO,95966,Butte,1.79,382.0,1588.0,1253.0,1330.0,29.0,4583.0
2018,MH,95966,Butte,1.62,271.0,349.0,542.0,303.0,11.0,1475.0
2018,RT,95966,Butte,0.89,109.0,145.0,31.0,20.0,1.0,306.0
2019,DO,95966,Butte,2.48,21.0,16.0,35.0,149.0,10.0,231.0
2019,DT,95966,Butte,1.22,311.0,580.0,258.0,164.0,3.0,1316.0
2019,HO,95966,Butte,1.76,412.0,1653.0,1363.0,1249.0,43.0,4721.0
2019,MH,95966,Butte,1.62,277.0,413.0,561.0,339.0,13.0,1603.0
2019,RT,95966,Butte,1.03,98.0,154.0,42.0,23.0,6.0,323.0
2020,DO,95966,Butte,2.7,22.0,30.0,81.0,445.0,28.0,606.0
2020,DT,95966,Butte,1.26,297.0,520.0,256.0,169.0,8.0,1250.0
2020,HO,95966,Butte,1.75,454.0,1459.0,1522.0,1080.0,62.0,4576.0
2020,MH,95966,Butte,1.68,208.0,629.0,502.0,389.0,45.0,1773.0
2020,RT,95966,Butte,1.13,104.0,139.0,63.0,25.0,11.0,342.0
2021,DO,95966,Butte,2.69,28.0,31.0,124.0,556.0,33.0,772.0
2021,DT,95966,Butte,1.31,299.0,445.0,288.0,181.0,11.0,1224.0
2021,HO,95966,Butte,1.73,453.0,1408.0,1520.0,1012.0,57.0,4450.0
2021,MH,95966,Butte,1.66,220.0,672.0,527.0,404.0,38.0,1860.0
2021,RT,95966,Butte,1.17,88.0,148.0,77.0,25.0,7.0,344.0
2022,CO,95966,Butte,1.0,0.0,1.0,0.0,0.0,0.0,1.0
2022,DO,95966,Butte,2.66,28.0,45.0,136.0,584.0,32.0,824.0
2022,DT,95966,Butte,1.3,322.0,402.0,306.0,170.0,12.0,1212.0
2022,HO,95966,Butte,1.69,488.0,1459.0,1621.0,940.0,47.0,4554.0
2022,MH,95966,Butte,1.65,240.0,673.0,578.0,402.0,35.0,1928.0
2022,RT,95966,Butte,1.2,72.0,150.0,78.0,24.0,4.0,327.0
2023,CO,95966,Butte,1.0,0.0,1.0,0.0,0.0,0.0,1.0
2023,DO,95966,Butte,2.6,30.0,72.0,201.0,663.0,31.0,997.0
2023,DT,95966,Butte,1.32,311.0,397.0,331.0,165.0,14.0,1217.0
2023,HO,95966,Butte,1.71,452.0,1454.0,1634.0,949.0,39.0,4528.0
2023,MH,95966,Butte,1.75,204.0,556.0,639.0,389.0,54.0,1841.0
2023,RT,95966,Butte,1.22,73.0,180.0,89.0,28.0,4.0,374.0
2018,DO,95972,Yuba,1.96,1.0,0.0,0.0,1.0,0.0,2.0
2018,DT,95972,Yuba,3.0,0.0,0.0,0.0,4.0,0.0,4.0
2018,HO,95972,Yuba,2.84,0.0,0.0,4.0,18.0,0.0,21.0
2018,MH,95972,Yuba,2.88,0.0,0.0,2.0,14.0,0.0,16.0
2018,RT,95972,Yuba,0.0,2.0,0.0,0.0,0.0,0.0,2.0
2019,DO,95972,Yuba,1.73,2.0,1.0,0.0,3.0,0.0,5.0
2019,DT,95972,Yuba,3.0,0.0,0.0,0.0,4.0,0.0,4.0
2019,HO,95972,Yuba,2.76,0.0,0.0,5.0,15.0,0.0,20.0
2019,MH,95972,Yuba,2.43,2.0,0.0,3.0,11.0,0.0,16.0
2019,RT,95972,Yuba,0.67,2.0,0.0,1.0,0.0,0.0,3.0
2020,DO,95972,Yuba,2.87,0.0,1.0,0.0,7.0,1.0,8.0
2020,DT,95972,Yuba,2.74,0.0,1.0,0.0,4.0,0.0,5.0
2020,HO,95972,Yuba,2.65,0.0,2.0,4.0,16.0,0.0,21.0
2020,MH,95972,Yuba,2.49,0.0,4.0,3.0,16.0,0.0,23.0
2020,RT,95972,Yuba,1.36,2.0,0.0,2.0,1.0,0.0,5.0
2021,DO,95972,Yuba,2.79,0.0,1.0,0.0,8.0,0.0,9.0
2021,DT,95972,Yuba,2.84,0.0,0.0,0.0,4.0,0.0,5.0
2021,HO,95972,Yuba,2.46,0.0,3.0,3.0,11.0,0.0,18.0
2021,MH,95972,Yuba,2.39,0.0,6.0,3.0,17.0,0.0,27.0
2021,RT,95972,Yuba,1.2,2.0,0.0,3.0,0.0,0.0,5.0
2022,DO,95972,Yuba,2.82,0.0,1.0,0.0,10.0,0.0,11.0
2022,DT,95972,Yuba,3.0,0.0,0.0,0.0,2.0,0.0,2.0
2022,HO,95972,Yuba,2.37,1.0,2.0,4.0,11.0,0.0,19.0
2022,MH,95972,Yuba,2.45,0.0,6.0,3.0,18.0,0.0,27.0
2022,RT,95972,Yuba,1.0,2.0,1.0,2.0,0.0,0.0,5.0
2023,DO,95972,Yuba,3.0,0.0,0.0,0.0,13.0,0.0,13.0
2023,DT,95972,Yuba,3.0,0.0,0.0,0.0,2.0,0.0,2.0
2023,HO,95972,Yuba,2.55,0.0,2.0,5.0,13.0,0.0,20.0
2023,MH,95972,Yuba,2.86,0.0,0.0,4.0,22.0,0.0,26.0
2023,RT,95972,Yuba,1.26,2.0,1.0,1.0,1.0,0.0,5.0
2018,DO,95975,Nevada,3.15,0.0,0.0,1.0,4.0,2.0,7.0
2018,DT,95975,Nevada,2.79,0.0,2.0,6.0,39.0,0.0,47.0
2018,HO,95975,Nevada,2.92,1.0,3.0,41.0,225.0,26.0,295.0
2018,MH,95975,Nevada,2.8,0.0,1.0,13.0,39.0,4.0,57.0
2018,RT,95975,Nevada,1.7,6.0,1.0,3.0,3.0,2.0,15.0
2019,DO,95975,Nevada,3.13,0.0,0.0,3.0,44.0,10.0,57.0
2019,DT,95975,Nevada,2.89,0.0,2.0,6.0,39.0,4.0,51.0
2019,HO,95975,Nevada,2.84,1.0,10.0,47.0,194.0,25.0,277.0
2019,MH,95975,Nevada,2.73,0.0,4.0,11.0,40.0,3.0,58.0
2019,RT,95975,Nevada,2.17,3.0,1.0,3.0,5.0,2.0,15.0
2020,DO,95975,Nevada,3.12,0.0,0.0,6.0,130.0,25.0,161.0
2020,DT,95975,Nevada,2.88,0.0,3.0,9.0,47.0,7.0,66.0
2020,HO,95975,Nevada,2.89,0.0,9.0,49.0,208.0,36.0,302.0
2020,MH,95975,Nevada,2.81,0.0,3.0,12.0,47.0,5.0,68.0
2020,RT,95975,Nevada,1.62,7.0,1.0,3.0,5.0,1.0,17.0
2021,DO,95975,Nevada,3.08,0.0,1.0,8.0,160.0,25.0,193.0
2021,DT,95975,Nevada,2.92,0.0,1.0,11.0,50.0,8.0,70.0
2021,HO,95975,Nevada,2.91,0.0,6.0,52.0,214.0,37.0,309.0
2021,MH,95975,Nevada,2.87,0.0,0.0,15.0,53.0,5.0,73.0
2021,RT,95975,Nevada,2.08,3.0,0.0,5.0,4.0,2.0,14.0
2022,DO,95975,Nevada,3.08,1.0,0.0,8.0,165.0,27.0,201.0
2022,DT,95975,Nevada,2.83,1.0,1.0,11.0,46.0,6.0,66.0
2022,HO,95975,Nevada,2.69,22.0,6.0,54.0,210.0,32.0,323.0
2022,MH,95975,Nevada,2.86,0.0,0.0,16.0,53.0,5.0,74.0
2022,RT,95975,Nevada,2.03,3.0,1.0,3.0,3.0,2.0,12.0
2023,DO,95975,Nevada,3.08,0.0,0.0,12.0,186.0,30.0,228.0
2023,DT,95975,Nevada,2.83,0.0,2.0,14.0,50.0,6.0,71.0
2023,HO,95975,Nevada,2.93,0.0,4.0,49.0,231.0,33.0,317.0
2023,MH,95975,Nevada,2.88,0.0,0.0,16.0,46.0,8.0,70.0
2023,RT,95975,Nevada,2.18,3.0,2.0,2.0,6.0,3.0,16.0
2018,DO,95977,Nevada,2.72,0.0,1.0,1.0,5.0,1.0,8.0
2018,DT,95977,Nevada,2.04,0.0,17.0,13.0,17.0,1.0,47.0
2018,HO,95977,Nevada,2.17,4.0,69.0,67.0,110.0,5.0,255.0
2018,MH,95977,Nevada,2.56,1.0,6.0,15.0,40.0,2.0,64.0
2018,RT,95977,Nevada,0.93,9.0,7.0,2.0,3.0,0.0,21.0
2019,DO,95977,Nevada,2.93,0.0,1.0,2.0,15.0,3.0,22.0
2019,DT,95977,Nevada,2.07,0.0,17.0,14.0,19.0,1.0,51.0
2019,HO,95977,Nevada,2.09,6.0,80.0,69.0,105.0,4.0,264.0
2019,MH,95977,Nevada,2.58,1.0,8.0,16.0,43.0,5.0,73.0
2019,RT,95977,Nevada,1.1,8.0,8.0,4.0,2.0,1.0,23.0
2020,DO,95977,Nevada,2.9,0.0,5.0,6.0,54.0,9.0,75.0
2020,DT,95977,Nevada,2.18,0.0,18.0,16.0,25.0,2.0,62.0
2020,HO,95977,Nevada,2.15,7.0,78.0,72.0,100.0,17.0,274.0
2020,MH,95977,Nevada,2.68,1.0,12.0,18.0,54.0,13.0,98.0
2020,RT,95977,Nevada,0.95,8.0,7.0,3.0,1.0,1.0,20.0
2021,DO,95977,Nevada,2.86,0.0,6.0,12.0,71.0,10.0,98.0
2021,DT,95977,Nevada,2.17,0.0,20.0,15.0,24.0,3.0,63.0
2021,HO,95977,Nevada,2.09,4.0,87.0,73.0,91.0,15.0,270.0
2021,MH,95977,Nevada,2.71,0.0,12.0,20.0,65.0,13.0,111.0
2021,RT,95977,Nevada,0.84,8.0,7.0,3.0,1.0,0.0,19.0
2022,DO,95977,Nevada,2.73,4.0,6.0,15.0,81.0,9.0,115.0
2022,DT,95977,Nevada,1.92,3.0,16.0,16.0,13.0,3.0,51.0
2022,HO,95977,Nevada,1.93,18.0,95.0,89.0,82.0,14.0,298.0
2022,MH,95977,Nevada,2.74,0.0,11.0,20.0,70.0,13.0,114.0
2022,RT,95977,Nevada,1.07,6.0,10.0,2.0,1.0,1.0,20.0
2023,DO,95977,Nevada,2.83,0.0,5.0,22.0,94.0,10.0,131.0
2023,DT,95977,Nevada,2.24,0.0,12.0,18.0,17.0,4.0,51.0
2023,HO,95977,Nevada,2.06,4.0,99.0,93.0,93.0,15.0,305.0
2023,MH,95977,Nevada,2.75,0.0,8.0,18.0,68.0,8.0,102.0
2023,RT,95977,Nevada,1.31,5.0,9.0,2.0,3.0,1.0,20.0
2018,DO,95981,Yuba,2.61,2.0,2.0,2.0,20.0,1.0,27.0
2018,DT,95981,Yuba,3.5,0.0,0.0,0.0,1.0,1.0,2.0
2018,HO,95981,Yuba,2.72,0.0,4.0,53.0,63.0,22.0,141.0
2018,MH,95981,Yuba,2.67,0.0,0.0,1.0,2.0,0.0,3.0
2018,RT,95981,Yuba,0.0,0.0,0.0,0.0,0.0,0.0,0.0
2019,DO,95981,Yuba,2.86,0.0,4.0,2.0,38.0,3.0,47.0
2019,DT,95981,Yuba,1.5,1.0,0.0,0.0,1.0,0.0,2.0
2019,HO,95981,Yuba,2.52,1.0,5.0,61.0,71.0,5.0,143.0
2019,MH,95981,Yuba,2.64,0.0,0.0,1.0,2.0,0.0,3.0
2020,DO,95981,Yuba,2.98,0.0,4.0,4.0,68.0,10.0,86.0
2020,DT,95981,Yuba,2.53,0.0,0.0,0.0,1.0,0.0,1.0
2020,HO,95981,Yuba,2.56,0.0,6.0,55.0,72.0,6.0,138.0
2020,MH,95981,Yuba,2.5,0.0,0.0,1.0,1.0,0.0,2.0
2021,DO,95981,Yuba,3.03,0.0,3.0,5.0,88.0,14.0,110.0
2021,DT,95981,Yuba,2.96,0.0,0.0,0.0,2.0,0.0,2.0
2021,HO,95981,Yuba,2.58,0.0,4.0,58.0,75.0,5.0,142.0
2021,MH,95981,Yuba,2.37,0.0,0.0,2.0,1.0,0.0,3.0
2022,DO,95981,Yuba,2.96,2.0,2.0,8.0,87.0,14.0,113.0
2022,DT,95981,Yuba,2.65,0.0,0.0,1.0,2.0,0.0,3.0
2022,HO,95981,Yuba,2.57,0.0,3.0,62.0,80.0,4.0,149.0
2022,MH,95981,Yuba,2.47,0.0,0.0,1.0,1.0,0.0,2.0
2023,DO,95981,Yuba,3.08,0.0,0.0,8.0,96.0,17.0,121.0
2023,DT,95981,Yuba,2.56,0.0,0.0,2.0,3.0,0.0,5.0
2023,HO,95981,Yuba,2.53,0.0,3.0,70.0,75.0,4.0,152.0
2023,MH,95981,Yuba,2.67,0.0,0.0,1.0,2.0,0.0,3.0
2023,RT,95981,Yuba,0.0,1.0,0.0,0.0,0.0,0.0,1.0
2018,DO,95986,Nevada,2.65,0.0,0.0,1.0,2.0,0.0,3.0
2018,HO,95986,Nevada,3.36,0.0,1.0,1.0,9.0,12.0,23.0
2018,MH,95986,Nevada,3.0,0.0,0.0,0.0,8.0,0.0,8.0
2019,DO,95986,Nevada,2.42,1.0,0.0,1.0,4.0,0.0,6.0
2019,HO,95986,Nevada,3.31,0.0,2.0,1.0,8.0,12.0,23.0
2019,MH,95986,Nevada,3.0,0.0,0.0,0.0,8.0,0.0,8.0
2020,DO,95986,Nevada,2.92,0.0,0.0,1.0,12.0,0.0,13.0
2020,DT,95986,Nevada,3.0,0.0,0.0,0.0,1.0,0.0,1.0
2020,HO,95986,Nevada,3.56,0.0,0.0,1.0,6.0,12.0,19.0
2020,MH,95986,Nevada,2.9,1.0,0.0,0.0,11.0,1.0,12.0
2021,DO,95986,Nevada,2.93,0.0,0.0,1.0,14.0,0.0,15.0
2021,DT,95986,Nevada,3.0,0.0,0.0,0.0,1.0,0.0,1.0
2021,HO,95986,Nevada,3.53,0.0,0.0,1.0,7.0,11.0,19.0
2021,MH,95986,Nevada,2.78,1.0,0.0,0.0,12.0,0.0,13.0
2021,RT,95986,Nevada,4.0,0.0,0.0,0.0,0.0,1.0,1.0
2022,DO,95986,Nevada,3.0,0.0,0.0,1.0,16.0,1.0,18.0
2022,DT,95986,Nevada,3.0,0.0,0.0,0.0,2.0,0.0,2.0
2022,HO,95986,Nevada,3.47,0.0,0.0,0.0,8.0,10.0,18.0
2022,MH,95986,Nevada,3.0,0.0,0.0,0.0,12.0,0.0,12.0
2022,RT,95986,Nevada,4.0,0.0,0.0,0.0,0.0,1.0,1.0
2023,DO,95986,Nevada,2.97,0.0,0.0,1.0,18.0,0.0,19.0
2023,DT,95986,Nevada,3.0,0.0,0.0,0.0,2.0,0.0,2.0
2023,HO,95986,Nevada,3.51,0.0,0.0,0.0,8.0,8.0,16.0
2023,MH,95986,Nevada,3.0,0.0,0.0,0.0,11.0,0.0,11.0
2023,RT,95986,Nevada,4.0,0.0,0.0,0.0,0.0,1.0,1.0
2018,DO,96105,Plumas,2.49,0.0,0.0,5.0,6.0,0.0,11.0
2018,DT,96105,Plumas,2.56,0.0,0.0,4.0,5.0,0.0,9.0
2018,HO,96105,Plumas,2.15,0.0,17.0,27.0,26.0,1.0,71.0
2018,MH,96105,Plumas,2.3,0.0,4.0,22.0,17.0,0.0,42.0
2018,RT,96105,Plumas,0.92,1.0,5.0,1.0,0.0,0.0,6.0
2019,DO,96105,Plumas,2.56,0.0,0.0,5.0,7.0,0.0,12.0
2019,DT,96105,Plumas,2.32,0.0,1.0,5.0,4.0,0.0,10.0
2019,HO,96105,Plumas,2.11,0.0,19.0,31.0,23.0,2.0,75.0
2019,MH,96105,Plumas,2.22,0.0,6.0,23.0,15.0,0.0,44.0
2019,RT,96105,Plumas,0.78,1.0,3.0,0.0,0.0,0.0,4.0
2020,DO,96105,Plumas,2.48,0.0,2.0,5.0,11.0,0.0,19.0
2020,DT,96105,Plumas,2.39,0.0,1.0,4.0,6.0,0.0,11.0
2020,HO,96105,Plumas,2.24,0.0,21.0,24.0,29.0,6.0,80.0
2020,MH,96105,Plumas,2.1,0.0,15.0,20.0,20.0,0.0,55.0
2020,RT,96105,Plumas,0.0,1.0,0.0,0.0,0.0,0.0,1.0
2021,DO,96105,Plumas,2.43,0.0,3.0,7.0,13.0,0.0,22.0
2021,DT,96105,Plumas,2.26,0.0,1.0,6.0,4.0,0.0,10.0
2021,HO,96105,Plumas,2.13,0.0,22.0,31.0,23.0,5.0,80.0
2021,MH,96105,Plumas,1.98,0.0,17.0,21.0,16.0,0.0,54.0
2021,RT,96105,Plumas,1.5,1.0,0.0,0.0,1.0,0.0,2.0
2022,DO,96105,Plumas,2.27,1.0,2.0,9.0,10.0,0.0,22.0
2022,DT,96105,Plumas,2.19,0.0,1.0,6.0,3.0,0.0,10.0
2022,HO,96105,Plumas,2.03,1.0,25.0,27.0,24.0,2.0,78.0
2022,MH,96105,Plumas,2.09,0.0,16.0,20.0,20.0,0.0,56.0
2022,RT,96105,Plumas,0.0,1.0,0.0,0.0,0.0,0.0,1.0
2023,DO,96105,Plumas,2.59,0.0,2.0,5.0,15.0,0.0,21.0
2023,DT,96105,Plumas,1.99,0.0,2.0,5.0,2.0,0.0,8.0
2023,HO,96105,Plumas,1.95,0.0,26.0,34.0,20.0,1.0,81.0
2023,MH,96105,Plumas,2.03,0.0,19.0,19.0,19.0,1.0,58.0
2023,RT,96105,Plumas,0.29,1.0,0.0,0.0,0.0,0.0,1.0
2018,DO,96111,Nevada,3.0,0.0,0.0,0.0,4.0,0.0,4.0
2018,DT,96111,Nevada,3.0,0.0,0.0,0.0,7.0,0.0,7.0
2018,HO,96111,Nevada,2.95,0.0,0.0,0.0,32.0,0.0,33.0
2018,RT,96111,Nevada,0.89,2.0,0.0,0.0,1.0,0.0,2.0
2019,DO,96111,Nevada,2.9,0.0,0.0,1.0,8.0,0.0,9.0
2019,DT,96111,Nevada,3.0,0.0,0.0,0.0,7.0,0.0,7.0
2019,HO,96111,Nevada,3.0,0.0,0.0,0.0,34.0,0.0,34.0
2019,RT,96111,Nevada,1.04,2.0,0.0,0.0,1.0,0.0,3.0
2020,DO,96111,Nevada,3.0,0.0,0.0,0.0,19.0,0.0,19.0
2020,DT,96111,Nevada,2.81,1.0,0.0,0.0,9.0,1.0,11.0
2020,HO,96111,Nevada,2.68,4.0,0.0,2.0,36.0,1.0,44.0
2020,RT,96111,Nevada,2.4,0.0,0.0,0.0,1.0,0.0,1.0
2021,DO,96111,Nevada,3.0,0.0,0.0,0.0,19.0,0.0,19.0
2021,DT,96111,Nevada,2.96,0.0,0.0,1.0,9.0,1.0,11.0
2021,HO,96111,Nevada,2.81,1.0,0.0,5.0,35.0,1.0,42.0
2021,MH,96111,Nevada,3.0,0.0,0.0,0.0,0.0,0.0,0.0
2021,RT,96111,Nevada,3.0,0.0,0.0,0.0,1.0,0.0,1.0
2022,DO,96111,Nevada,3.05,0.0,0.0,0.0,18.0,1.0,19.0
2022,DT,96111,Nevada,3.0,0.0,0.0,1.0,9.0,1.0,11.0
2022,HO,96111,Nevada,2.88,0.0,0.0,6.0,36.0,1.0,43.0
2022,MH,96111,Nevada,3.0,0.0,0.0,0.0,1.0,0.0,1.0
2022,RT,96111,Nevada,3.0,0.0,0.0,0.0,1.0,0.0,1.0
2023,DO,96111,Nevada,3.07,0.0,0.0,0.0,20.0,1.0,22.0
2023,DT,96111,Nevada,2.93,0.0,0.0,1.0,10.0,0.0,11.0
2023,HO,96111,Nevada,2.86,0.0,0.0,6.0,30.0,1.0,37.0
2023,MH,96111,Nevada,3.0,0.0,0.0,0.0,1.0,0.0,1.0
2023,RT,96111,Nevada,2.86,0.0,0.0,0.0,2.0,0.0,2.0
2018,DO,96118,Sierra,1.61,2.0,2.0,2.0,1.0,1.0,8.0
2018,DT,96118,Sierra,1.01,15.0,17.0,12.0,0.0,1.0,45.0
2018,HO,96118,Sierra,1.39,80.0,74.0,147.0,27.0,2.0,330.0
2018,MH,96118,Sierra,1.91,1.0,4.0,10.0,3.0,1.0,19.0
2018,RT,96118,Sierra,1.04,5.0,6.0,4.0,1.0,0.0,17.0
2019,DO,96118,Sierra,1.7,4.0,2.0,4.0,3.0,1.0,15.0
2019,DT,96118,Sierra,0.89,18.0,19.0,11.0,1.0,0.0,49.0
2019,HO,96118,Sierra,1.35,89.0,75.0,148.0,29.0,1.0,341.0
2019,MH,96118,Sierra,1.82,2.0,3.0,14.0,4.0,0.0,23.0
2019,RT,96118,Sierra,1.17,3.0,9.0,3.0,1.0,0.0,15.0
2020,DO,96118,Sierra,2.13,3.0,4.0,6.0,8.0,2.0,22.0
2020,DT,96118,Sierra,0.78,21.0,17.0,8.0,1.0,0.0,47.0
2020,HO,96118,Sierra,1.34,99.0,58.0,147.0,31.0,2.0,336.0
2020,MH,96118,Sierra,1.7,3.0,7.0,15.0,5.0,0.0,30.0
2020,RT,96118,Sierra,0.94,6.0,8.0,3.0,1.0,0.0,18.0
2021,DO,96118,Sierra,2.04,5.0,3.0,8.0,10.0,2.0,28.0
2021,DT,96118,Sierra,0.86,20.0,13.0,9.0,2.0,0.0,44.0
2021,HO,96118,Sierra,1.4,90.0,57.0,158.0,29.0,3.0,337.0
2021,MH,96118,Sierra,1.73,3.0,9.0,15.0,6.0,0.0,33.0
2021,RT,96118,Sierra,1.06,5.0,10.0,5.0,1.0,0.0,21.0
2022,DO,96118,Sierra,1.93,7.0,3.0,12.0,11.0,2.0,35.0
2022,DT,96118,Sierra,0.92,20.0,11.0,10.0,3.0,0.0,44.0
2022,HO,96118,Sierra,1.42,90.0,52.0,164.0,27.0,4.0,338.0
2022,MH,96118,Sierra,1.71,3.0,8.0,15.0,5.0,0.0,31.0
2022,RT,96118,Sierra,1.36,3.0,8.0,6.0,2.0,0.0,20.0
2023,DO,96118,Sierra,2.01,7.0,3.0,15.0,15.0,1.0,41.0
2023,DT,96118,Sierra,0.82,23.0,10.0,11.0,2.0,0.0,46.0
2023,HO,96118,Sierra,1.4,99.0,39.0,170.0,27.0,3.0,339.0
2023,MH,96118,Sierra,1.7,3.0,8.0,16.0,4.0,0.0,31.0
2023,RT,96118,Sierra,1.22,4.0,8.0,5.0,1.0,0.0,18.0
2018,CO,96124,Sierra,2.94,0.0,0.0,7.0,3.0,6.0,16.0
2018,DO,96124,Sierra,2.29,3.0,0.0,1.0,10.0,0.0,14.0
2018,DT,96124,Sierra,2.73,0.0,0.0,4.0,10.0,0.0,14.0
2018,HO,96124,Sierra,2.51,0.0,5.0,42.0,54.0,2.0,103.0
2018,MH,96124,Sierra,2.63,0.0,0.0,5.0,4.0,1.0,10.0
2018,RT,96124,Sierra,2.3,1.0,1.0,0.0,3.0,1.0,6.0
2019,CO,96124,Sierra,3.17,0.0,0.0,6.0,0.0,9.0,15.0
2019,DO,96124,Sierra,2.63,2.0,0.0,1.0,15.0,0.0,18.0
2019,DT,96124,Sierra,2.56,0.0,0.0,8.0,7.0,1.0,17.0
2019,HO,96124,Sierra,2.48,0.0,5.0,46.0,47.0,3.0,101.0
2019,MH,96124,Sierra,2.55,0.0,0.0,7.0,5.0,1.0,13.0
2019,RT,96124,Sierra,1.36,2.0,1.0,0.0,2.0,0.0,5.0
2020,CO,96124,Sierra,2.79,0.0,0.0,8.0,3.0,5.0,16.0
2020,DO,96124,Sierra,2.62,2.0,2.0,4.0,22.0,2.0,31.0
2020,DT,96124,Sierra,2.54,0.0,0.0,11.0,7.0,2.0,20.0
2020,HO,96124,Sierra,2.47,1.0,5.0,49.0,49.0,3.0,106.0
2020,MH,96124,Sierra,2.59,0.0,0.0,7.0,7.0,1.0,16.0
2020,RT,96124,Sierra,1.13,3.0,2.0,0.0,2.0,0.0,7.0
2021,CO,96124,Sierra,2.68,0.0,0.0,5.0,11.0,0.0,16.0
2021,DO,96124,Sierra,2.63,2.0,3.0,6.0,31.0,2.0,44.0
2021,DT,96124,Sierra,2.48,0.0,0.0,10.0,7.0,1.0,18.0
2021,HO,96124,Sierra,2.4,0.0,7.0,52.0,48.0,1.0,108.0
2021,MH,96124,Sierra,2.5,0.0,1.0,8.0,8.0,1.0,19.0
2021,RT,96124,Sierra,1.25,3.0,2.0,0.0,2.0,0.0,7.0
2022,CO,96124,Sierra,2.68,0.0,0.0,5.0,11.0,0.0,16.0
2022,DO,96124,Sierra,2.73,1.0,3.0,6.0,37.0,1.0,48.0
2022,DT,96124,Sierra,2.41,0.0,0.0,12.0,6.0,1.0,19.0
2022,HO,96124,Sierra,2.36,1.0,6.0,49.0,42.0,1.0,100.0
2022,MH,96124,Sierra,2.48,0.0,1.0,10.0,9.0,1.0,21.0
2022,RT,96124,Sierra,1.27,1.0,2.0,1.0,1.0,0.0,5.0
2023,CO,96124,Sierra,2.69,0.0,0.0,5.0,11.0,0.0,16.0
2023,DO,96124,Sierra,2.69,1.0,1.0,11.0,37.0,1.0,51.0
2023,DT,96124,Sierra,2.41,0.0,0.0,13.0,9.0,0.0,22.0
2023,HO,96124,Sierra,2.35,0.0,6.0,50.0,38.0,1.0,94.0
2023,MH,96124,Sierra,2.59,0.0,0.0,9.0,9.0,1.0,20.0
2023,RT,96124,Sierra,1.62,0.0,2.0,2.0,0.0,0.0,4.0
2018,DO,96125,Sierra,2.6,2.0,0.0,0.0,14.0,0.0,16.0
2018,DT,96125,Sierra,2.81,0.0,0.0,4.0,12.0,1.0,17.0
2018,HO,96125,Sierra,2.72,2.0,1.0,51.0,142.0,3.0,199.0
2018,MH,96125,Sierra,2.67,0.0,0.0,2.0,4.0,0.0,6.0
2018,RT,96125,Sierra,2.33,0.0,0.0,2.0,1.0,0.0,3.0
2019,DO,96125,Sierra,2.99,0.0,0.0,0.0,31.0,0.0,31.0
2019,DT,96125,Sierra,2.7,1.0,0.0,4.0,15.0,1.0,21.0
2019,HO,96125,Sierra,2.71,3.0,1.0,49.0,140.0,4.0,197.0
2019,MH,96125,Sierra,2.7,0.0,0.0,2.0,5.0,0.0,7.0
2019,RT,96125,Sierra,2.29,0.0,0.0,1.0,0.0,0.0,2.0
2020,DO,96125,Sierra,3.0,0.0,0.0,1.0,70.0,1.0,72.0
2020,DT,96125,Sierra,2.76,1.0,0.0,4.0,18.0,1.0,24.0
2020,HO,96125,Sierra,2.68,2.0,8.0,47.0,144.0,4.0,205.0
2020,MH,96125,Sierra,2.63,0.0,1.0,1.0,6.0,0.0,8.0
2020,RT,96125,Sierra,1.86,0.0,0.0,2.0,0.0,0.0,2.0
2021,DO,96125,Sierra,3.0,0.0,0.0,1.0,88.0,1.0,90.0
2021,DT,96125,Sierra,2.79,1.0,0.0,3.0,19.0,1.0,25.0
2021,HO,96125,Sierra,2.75,3.0,0.0,49.0,159.0,3.0,214.0
2021,MH,96125,Sierra,2.88,0.0,0.0,1.0,7.0,0.0,8.0
2021,RT,96125,Sierra,1.85,1.0,0.0,2.0,0.0,1.0,4.0
2022,DO,96125,Sierra,2.91,3.0,0.0,2.0,100.0,1.0,107.0
2022,DT,96125,Sierra,2.69,2.0,0.0,3.0,20.0,1.0,26.0
2022,HO,96125,Sierra,2.65,1.0,9.0,53.0,144.0,1.0,208.0
2022,MH,96125,Sierra,2.67,0.0,1.0,1.0,6.0,0.0,8.0
2022,RT,96125,Sierra,2.0,1.0,0.0,2.0,0.0,1.0,4.0
2023,DO,96125,Sierra,3.02,0.0,0.0,0.0,121.0,2.0,123.0
2023,DT,96125,Sierra,2.92,0.0,0.0,3.0,22.0,1.0,26.0
2023,HO,96125,Sierra,2.66,0.0,8.0,51.0,138.0,0.0,197.0
2023,MH,96125,Sierra,2.83,0.0,0.0,1.0,5.0,0.0,6.0
2023,RT,96125,Sierra,2.67,0.0,0.0,2.0,0.0,1.0,3.0
2018,DO,96126,Sierra,1.6,2.0,0.0,1.0,2.0,0.0,5.0
2018,DT,96126,Sierra,1.48,2.0,1.0,4.0,1.0,0.0,8.0
2018,HO,96126,Sierra,1.88,0.0,30.0,22.0,19.0,1.0,71.0
2018,MH,96126,Sierra,2.74,0.0,0.0,1.0,3.0,0.0,4.0
2018,RT,96126,Sierra,1.0,0.0,2.0,0.0,0.0,0.0,2.0
2019,DO,96126,Sierra,1.49,3.0,0.0,0.0,3.0,0.0,6.0
2019,DT,96126,Sierra,1.76,2.0,1.0,3.0,3.0,0.0,9.0
2019,HO,96126,Sierra,1.87,0.0,29.0,25.0,17.0,1.0,72.0
2019,MH,96126,Sierra,2.6,0.0,0.0,2.0,3.0,0.0,5.0
2019,RT,96126,Sierra,1.0,0.0,1.0,0.0,0.0,0.0,1.0
2020,DO,96126,Sierra,1.69,3.0,1.0,2.0,4.0,0.0,9.0
2020,DT,96126,Sierra,1.98,2.0,0.0,5.0,3.0,0.0,9.0
2020,HO,96126,Sierra,1.98,1.0,22.0,32.0,20.0,1.0,76.0
2020,MH,96126,Sierra,2.28,0.0,1.0,2.0,3.0,0.0,6.0
2020,RT,96126,Sierra,1.7,0.0,1.0,0.0,1.0,0.0,2.0
2021,DO,96126,Sierra,2.09,2.0,2.0,3.0,7.0,1.0,14.0
2021,DT,96126,Sierra,2.0,1.0,0.0,5.0,2.0,0.0,8.0
2021,HO,96126,Sierra,2.07,1.0,18.0,36.0,23.0,1.0,79.0
2021,MH,96126,Sierra,2.2,0.0,1.0,2.0,2.0,0.0,5.0
2021,RT,96126,Sierra,1.0,0.0,1.0,0.0,0.0,0.0,1.0
2022,DO,96126,Sierra,2.56,0.0,1.0,5.0,7.0,1.0,14.0
2022,DT,96126,Sierra,2.13,0.0,1.0,6.0,2.0,0.0,9.0
2022,HO,96126,Sierra,1.88,0.0,26.0,34.0,15.0,1.0,76.0
2022,MH,96126,Sierra,2.07,0.0,2.0,2.0,2.0,0.0,6.0
2022,RT,96126,Sierra,1.0,0.0,0.0,0.0,0.0,0.0,0.0
2023,DO,96126,Sierra,2.55,0.0,1.0,8.0,10.0,1.0,20.0
2023,DT,96126,Sierra,2.12,0.0,1.0,8.0,2.0,0.0,11.0
2023,HO,96126,Sierra,1.89,0.0,27.0,32.0,19.0,0.0,78.0
2023,MH,96126,Sierra,2.2,0.0,1.0,2.0,2.0,0.0,5.0
2023,RT,96126,Sierra,2.7,0.0,0.0,0.0,2.0,0.0,2.0
2018,CO,96140,Placer,1.48,3.0,32.0,0.0,13.0,0.0,48.0
2018,DO,96140,Placer,2.66,0.0,1.0,18.0,33.0,2.0,53.0
2018,DT,96140,Placer,2.45,0.0,49.0,20.0,141.0,2.0,212.0
2018,HO,96140,Placer,1.98,7.0,310.0,96.0,280.0,16.0,708.0
2018,RT,96140,Placer,0.89,10.0,16.0,1.0,3.0,0.0,30.0
2019,CO,96140,Placer,1.48,3.0,35.0,0.0,14.0,0.0,52.0
2019,DO,96140,Placer,2.52,0.0,12.0,19.0,56.0,0.0,87.0
2019,DT,96140,Placer,2.42,1.0,49.0,26.0,138.0,2.0,216.0
2019,HO,96140,Placer,1.97,6.0,322.0,105.0,278.0,18.0,728.0
2019,RT,96140,Placer,1.0,9.0,21.0,2.0,3.0,1.0,35.0
2020,CO,96140,Placer,1.36,9.0,33.0,1.0,12.0,1.0,57.0
2020,DO,96140,Placer,2.45,0.0,40.0,25.0,127.0,0.0,192.0
2020,DT,96140,Placer,2.44,2.0,56.0,31.0,153.0,9.0,251.0
2020,HO,96140,Placer,2.04,13.0,306.0,134.0,300.0,30.0,784.0
2020,RT,96140,Placer,0.8,13.0,21.0,3.0,1.0,0.0,37.0
2021,CO,96140,Placer,1.78,5.0,27.0,5.0,22.0,1.0,60.0
2021,DO,96140,Placer,2.62,0.0,36.0,33.0,204.0,0.0,272.0
2021,DT,96140,Placer,2.5,4.0,43.0,37.0,149.0,11.0,244.0
2021,HO,96140,Placer,2.14,20.0,262.0,142.0,345.0,36.0,805.0
2021,RT,96140,Placer,1.15,9.0,16.0,4.0,5.0,0.0,33.0
2022,CO,96140,Placer,2.14,3.0,19.0,10.0,32.0,1.0,65.0
2022,DO,96140,Placer,2.75,5.0,12.0,50.0,297.0,0.0,364.0
2022,DT,96140,Placer,2.79,3.0,6.0,43.0,182.0,12.0,246.0
2022,HO,96140,Placer,2.69,18.0,41.0,155.0,536.0,41.0,790.0
2022,RT,96140,Placer,1.47,8.0,8.0,3.0,9.0,0.0,27.0
2023,CO,96140,Placer,2.11,2.0,31.0,9.0,42.0,1.0,85.0
2023,DO,96140,Placer,2.86,0.0,1.0,62.0,405.0,1.0,469.0
2023,DT,96140,Placer,2.81,0.0,3.0,43.0,181.0,6.0,233.0
2023,HO,96140,Placer,2.75,9.0,34.0,132.0,538.0,38.0,752.0
2023,MH,96140,Placer,3.0,0.0,0.0,0.0,1.0,0.0,1.0
2023,RT,96140,Placer,1.95,6.0,5.0,3.0,15.0,1.0,30.0
2018,CO,96141,Placer,2.08,1.0,7.0,10.0,4.0,4.0,27.0
2018,DO,96141,Placer,1.84,11.0,1.0,21.0,15.0,0.0,48.0
2018,DT,96141,Placer,2.04,8.0,10.0,47.0,24.0,3.0,91.0
2018,HO,96141,Placer,2.02,13.0,147.0,226.0,110.0,37.0,534.0
2018,RT,96141,Placer,1.0,3.0,3.0,0.0,0.0,1.0,8.0
2019,CO,96141,Placer,2.27,3.0,3.0,10.0,11.0,3.0,31.0
2019,DO,96141,Placer,2.23,10.0,0.0,29.0,40.0,0.0,79.0
2019,DT,96141,Placer,1.92,15.0,8.0,49.0,24.0,3.0,99.0
2019,HO,96141,Placer,2.12,14.0,93.0,283.0,108.0,38.0,536.0
2019,RT,96141,Placer,1.14,3.0,2.0,2.0,0.0,1.0,8.0
2020,CO,96141,Placer,1.96,3.0,5.0,11.0,8.0,1.0,28.0
2020,DO,96141,Placer,2.53,4.0,1.0,53.0,85.0,0.0,143.0
2020,DT,96141,Placer,2.13,10.0,12.0,61.0,34.0,7.0,124.0
2020,HO,96141,Placer,2.16,19.0,81.0,302.0,140.0,37.0,579.0
2020,RT,96141,Placer,1.04,3.0,3.0,3.0,0.0,0.0,9.0
2021,CO,96141,Placer,2.07,5.0,4.0,11.0,15.0,1.0,36.0
2021,DO,96141,Placer,2.59,3.0,2.0,63.0,119.0,0.0,188.0
2021,DT,96141,Placer,2.21,8.0,7.0,58.0,41.0,4.0,118.0
2021,HO,96141,Placer,2.28,25.0,67.0,282.0,241.0,29.0,644.0
2021,RT,96141,Placer,1.58,3.0,4.0,6.0,2.0,1.0,16.0
2022,CO,96141,Placer,2.43,2.0,4.0,5.0,20.0,1.0,32.0
2022,DO,96141,Placer,2.59,8.0,0.0,63.0,144.0,0.0,215.0
2022,DT,96141,Placer,2.4,7.0,2.0,51.0,61.0,3.0,125.0
2022,HO,96141,Placer,2.62,15.0,9.0,213.0,380.0,30.0,648.0
2022,RT,96141,Placer,2.09,3.0,0.0,5.0,7.0,0.0,16.0
2023,CO,96141,Placer,2.67,1.0,2.0,4.0,23.0,1.0,31.0
2023,DO,96141,Placer,2.71,0.0,0.0,95.0,197.0,8.0,301.0
2023,DT,96141,Placer,2.58,1.0,3.0,53.0,70.0,6.0,133.0
2023,HO,96141,Placer,2.64,14.0,7.0,196.0,385.0,25.0,628.0
2023,RT,96141,Placer,2.36,2.0,0.0,8.0,7.0,2.0,18.0
2018,CO,96142,El Dorado,1.41,2.0,20.0,5.0,5.0,0.0,32.0
2018,DO,96142,El Dorado,2.22,5.0,3.0,41.0,28.0,1.0,77.0
2018,DT,96142,El Dorado,1.95,0.0,49.0,102.0,38.0,1.0,191.0
2018,HO,96142,El Dorado,1.91,3.0,315.0,351.0,194.0,23.0,886.0
2018,MH,96142,El Dorado,2.0,0.0,1.0,0.0,1.0,0.0,2.0
2018,RT,96142,El Dorado,1.27,5.0,10.0,9.0,1.0,0.0,25.0
2019,CO,96142,El Dorado,1.88,2.0,7.0,21.0,6.0,0.0,35.0
2019,DO,96142,El Dorado,2.26,4.0,12.0,48.0,45.0,1.0,109.0
2019,DT,96142,El Dorado,2.06,0.0,28.0,136.0,40.0,1.0,205.0
2019,HO,96142,El Dorado,2.08,3.0,161.0,544.0,207.0,19.0,934.0
2019,MH,96142,El Dorado,2.0,0.0,1.0,0.0,1.0,0.0,2.0
2019,RT,96142,El Dorado,1.46,5.0,6.0,14.0,2.0,0.0,27.0
2020,CO,96142,El Dorado,1.96,4.0,4.0,16.0,9.0,1.0,34.0
2020,DO,96142,El Dorado,2.3,1.0,38.0,80.0,107.0,1.0,227.0
2020,DT,96142,El Dorado,2.08,3.0,28.0,150.0,45.0,4.0,230.0
2020,HO,96142,El Dorado,2.1,7.0,143.0,549.0,200.0,25.0,924.0
2020,MH,96142,El Dorado,1.52,0.0,1.0,1.0,0.0,0.0,2.0
2020,RT,96142,El Dorado,1.54,7.0,3.0,26.0,0.0,0.0,36.0
2021,CO,96142,El Dorado,2.24,4.0,5.0,7.0,19.0,1.0,36.0
2021,DO,96142,El Dorado,2.38,0.0,36.0,95.0,140.0,1.0,272.0
2021,DT,96142,El Dorado,2.17,3.0,22.0,135.0,63.0,2.0,225.0
2021,HO,96142,El Dorado,2.24,15.0,120.0,477.0,320.0,29.0,961.0
2021,MH,96142,El Dorado,1.75,0.0,1.0,1.0,0.0,0.0,2.0
2021,RT,96142,El Dorado,1.96,5.0,1.0,25.0,10.0,0.0,42.0
2022,CO,96142,El Dorado,2.86,0.0,1.0,5.0,27.0,2.0,35.0
2022,DO,96142,El Dorado,2.41,9.0,23.0,112.0,164.0,2.0,309.0
2022,DT,96142,El Dorado,2.38,5.0,8.0,113.0,95.0,4.0,226.0
2022,HO,96142,El Dorado,2.59,15.0,21.0,353.0,522.0,45.0,956.0
2022,MH,96142,El Dorado,2.5,0.0,0.0,1.0,1.0,0.0,2.0
2022,RT,96142,El Dorado,2.05,5.0,0.0,20.0,12.0,0.0,37.0
2023,CO,96142,El Dorado,2.96,0.0,0.0,5.0,34.0,3.0,43.0
2023,DO,96142,El Dorado,2.6,1.0,1.0,178.0,232.0,12.0,425.0
2023,DT,96142,El Dorado,2.47,2.0,2.0,104.0,92.0,5.0,204.0
2023,HO,96142,El Dorado,2.62,9.0,5.0,346.0,513.0,35.0,908.0
2023,MH,96142,El Dorado,2.0,0.0,0.0,1.0,0.0,0.0,1.0
2023,RT,96142,El Dorado,2.06,6.0,0.0,14.0,12.0,1.0,32.0
2018,CO,96143,Placer,1.64,12.0,93.0,6.0,26.0,18.0,155.0
2018,DO,96143,Placer,2.56,2.0,3.0,11.0,33.0,1.0,50.0
2018,DT,96143,Placer,2.53,1.0,34.0,72.0,142.0,17.0,265.0
2018,HO,96143,Placer,2.54,6.0,120.0,113.0,388.0,56.0,683.0
2018,MH,96143,Placer,2.5,0.0,0.0,1.0,1.0,0.0,2.0
2018,RT,96143,Placer,1.81,9.0,20.0,3.0,8.0,11.0,50.0
2019,CO,96143,Placer,1.67,13.0,92.0,7.0,43.0,10.0,165.0
2019,DO,96143,Placer,2.68,1.0,5.0,12.0,57.0,1.0,76.0
2019,DT,96143,Placer,2.47,0.0,40.0,75.0,152.0,10.0,278.0
2019,HO,96143,Placer,2.51,7.0,112.0,119.0,378.0,42.0,659.0
2019,MH,96143,Placer,2.64,0.0,0.0,1.0,1.0,0.0,2.0
2019,RT,96143,Placer,1.8,5.0,29.0,3.0,11.0,9.0,56.0
2020,CO,96143,Placer,1.32,47.0,82.0,13.0,42.0,4.0,189.0
2020,DO,96143,Placer,2.84,1.0,8.0,14.0,163.0,2.0,188.0
2020,DT,96143,Placer,2.49,2.0,41.0,82.0,179.0,10.0,315.0
2020,HO,96143,Placer,2.52,9.0,103.0,129.0,406.0,36.0,683.0
2020,MH,96143,Placer,3.0,0.0,0.0,0.0,1.0,0.0,1.0
2020,RT,96143,Placer,1.17,14.0,38.0,13.0,7.0,0.0,71.0
2021,CO,96143,Placer,1.69,36.0,64.0,13.0,72.0,4.0,188.0
2021,DO,96143,Placer,2.86,1.0,7.0,23.0,257.0,1.0,289.0
2021,DT,96143,Placer,2.51,1.0,38.0,90.0,183.0,11.0,322.0
2021,HO,96143,Placer,2.46,10.0,118.0,142.0,356.0,47.0,673.0
2021,MH,96143,Placer,3.0,0.0,0.0,0.0,1.0,0.0,1.0
2021,RT,96143,Placer,1.6,8.0,30.0,20.0,14.0,1.0,73.0
2022,CO,96143,Placer,2.2,19.0,39.0,20.0,105.0,5.0,188.0
2022,DO,96143,Placer,2.86,6.0,0.0,28.0,289.0,0.0,322.0
2022,DT,96143,Placer,2.54,4.0,23.0,101.0,196.0,8.0,332.0
2022,HO,96143,Placer,2.53,7.0,96.0,134.0,377.0,41.0,654.0
2022,RT,96143,Placer,1.94,3.0,25.0,22.0,25.0,1.0,77.0
2023,CO,96143,Placer,2.54,6.0,44.0,16.0,151.0,15.0,232.0
2023,DO,96143,Placer,2.88,0.0,1.0,41.0,321.0,1.0,363.0
2023,DT,96143,Placer,2.58,1.0,23.0,97.0,197.0,8.0,326.0
2023,HO,96143,Placer,2.57,3.0,90.0,124.0,356.0,47.0,620.0
2023,RT,96143,Placer,2.25,2.0,23.0,17.0,34.0,7.0,83.0
2018,CO,96145,Placer,1.82,11.0,191.0,89.0,110.0,15.0,416.0
2018,DO,96145,Placer,2.6,5.0,0.0,36.0,69.0,5.0,114.0
2018,DT,96145,Placer,2.57,9.0,33.0,93.0,274.0,8.0,417.0
2018,HO,96145,Placer,2.5,13.0,235.0,253.0,839.0,57.0,1398.0
2018,RT,96145,Placer,1.51,24.0,23.0,3.0,13.0,11.0,75.0
2019,CO,96145,Placer,1.84,16.0,200.0,78.0,130.0,15.0,438.0
2019,DO,96145,Placer,2.69,4.0,8.0,49.0,149.0,9.0,220.0
2019,DT,96145,Placer,2.49,16.0,38.0,98.0,267.0,5.0,424.0
2019,HO,96145,Placer,2.47,13.0,258.0,248.0,793.0,68.0,1379.0
2019,RT,96145,Placer,1.69,19.0,27.0,4.0,10.0,16.0,76.0
2020,CO,96145,Placer,1.6,85.0,178.0,85.0,115.0,20.0,484.0
2020,DO,96145,Placer,2.72,9.0,25.0,82.0,362.0,19.0,497.0
2020,DT,96145,Placer,2.53,17.0,43.0,107.0,324.0,8.0,499.0
2020,HO,96145,Placer,2.44,21.0,235.0,317.0,779.0,62.0,1415.0
2020,RT,96145,Placer,1.22,31.0,32.0,33.0,9.0,1.0,106.0
2021,CO,96145,Placer,1.81,68.0,163.0,124.0,150.0,24.0,529.0
2021,DO,96145,Placer,2.74,8.0,30.0,121.0,527.0,23.0,710.0
2021,DT,96145,Placer,2.6,13.0,29.0,108.0,327.0,10.0,487.0
2021,HO,96145,Placer,2.46,24.0,192.0,373.0,754.0,69.0,1413.0
2021,RT,96145,Placer,1.58,22.0,26.0,47.0,18.0,2.0,114.0
2022,CO,96145,Placer,2.17,34.0,103.0,156.0,208.0,25.0,527.0
2022,DO,96145,Placer,2.72,23.0,27.0,146.0,640.0,24.0,860.0
2022,DT,96145,Placer,2.63,16.0,12.0,111.0,320.0,11.0,469.0
2022,HO,96145,Placer,2.57,25.0,97.0,388.0,772.0,73.0,1355.0
2022,RT,96145,Placer,1.73,16.0,21.0,47.0,19.0,3.0,106.0
2023,CO,96145,Placer,2.38,32.0,85.0,189.0,318.0,42.0,666.0
2023,DO,96145,Placer,2.84,7.0,2.0,181.0,705.0,50.0,945.0
2023,DT,96145,Placer,2.71,6.0,8.0,123.0,327.0,15.0,478.0
2023,HO,96145,Placer,2.63,9.0,98.0,359.0,745.0,95.0,1306.0
2023,RT,96145,Placer,2.03,15.0,24.0,45.0,36.0,11.0,132.0
2018,CO,96146,Placer,1.7,24.0,138.0,25.0,92.0,4.0,282.0
2018,DO,96146,Placer,2.65,2.0,5.0,2.0,30.0,2.0,41.0
2018,DT,96146,Placer,2.76,2.0,4.0,6.0,74.0,0.0,87.0
2018,HO,96146,Placer,2.92,2.0,24.0,55.0,365.0,66.0,512.0
2018,RT,96146,Placer,0.99,8.0,4.0,3.0,1.0,1.0,18.0
2019,CO,96146,Placer,1.76,25.0,150.0,26.0,110.0,7.0,317.0
2019,DO,96146,Placer,2.91,1.0,4.0,2.0,81.0,4.0,92.0
2019,DT,96146,Placer,2.77,2.0,4.0,6.0,74.0,0.0,86.0
2019,HO,96146,Placer,2.93,1.0,21.0,49.0,343.0,60.0,474.0
2019,RT,96146,Placer,1.11,6.0,7.0,3.0,1.0,1.0,18.0
2020,CO,96146,Placer,1.58,69.0,145.0,46.0,108.0,9.0,376.0
2020,DO,96146,Placer,3.02,1.0,1.0,4.0,268.0,15.0,289.0
2020,DT,96146,Placer,2.91,0.0,2.0,8.0,91.0,5.0,107.0
2020,HO,96146,Placer,2.92,6.0,9.0,59.0,317.0,61.0,452.0
2020,RT,96146,Placer,1.53,6.0,7.0,4.0,6.0,1.0,25.0
2021,CO,96146,Placer,1.63,57.0,161.0,88.0,105.0,7.0,418.0
2021,DO,96146,Placer,3.0,2.0,1.0,14.0,389.0,21.0,427.0
2021,DT,96146,Placer,2.96,0.0,1.0,11.0,93.0,8.0,112.0
2021,HO,96146,Placer,2.87,7.0,4.0,100.0,306.0,67.0,483.0
2021,RT,96146,Placer,1.81,6.0,9.0,6.0,12.0,1.0,35.0
2022,CO,96146,Placer,1.64,42.0,182.0,127.0,93.0,6.0,449.0
2022,DO,96146,Placer,2.91,11.0,2.0,33.0,439.0,22.0,506.0
2022,DT,96146,Placer,2.87,1.0,1.0,14.0,90.0,6.0,112.0
2022,HO,96146,Placer,2.76,13.0,4.0,126.0,278.0,58.0,480.0
2022,RT,96146,Placer,1.73,7.0,9.0,7.0,12.0,1.0,37.0
2023,CO,96146,Placer,1.87,92.0,195.0,114.0,258.0,17.0,676.0
2023,DO,96146,Placer,3.0,1.0,1.0,32.0,488.0,38.0,560.0
2023,DT,96146,Placer,2.92,0.0,1.0,15.0,96.0,7.0,119.0
2023,HO,96146,Placer,2.84,0.0,8.0,120.0,284.0,60.0,472.0
2023,RT,96146,Placer,2.05,5.0,11.0,9.0,15.0,4.0,43.0
2018,CO,96148,Placer,1.51,2.0,38.0,12.0,3.0,5.0,59.0
2018,DO,96148,Placer,2.33,2.0,0.0,7.0,10.0,0.0,19.0
2018,DT,96148,Placer,2.15,3.0,24.0,29.0,43.0,1.0,101.0
2018,HO,96148,Placer,2.02,6.0,129.0,72.0,111.0,19.0,336.0
2018,MH,96148,Placer,2.5,0.0,0.0,1.0,1.0,0.0,2.0
2018,RT,96148,Placer,0.93,9.0,12.0,2.0,3.0,0.0,25.0
2019,CO,96148,Placer,1.61,1.0,39.0,13.0,3.0,6.0,62.0
2019,DO,96148,Placer,2.58,2.0,3.0,6.0,30.0,1.0,43.0
2019,DT,96148,Placer,2.12,4.0,28.0,28.0,48.0,1.0,108.0
2019,HO,96148,Placer,2.0,7.0,130.0,75.0,107.0,18.0,337.0
2019,MH,96148,Placer,2.5,0.0,0.0,1.0,1.0,0.0,2.0
2019,RT,96148,Placer,1.14,6.0,14.0,4.0,2.0,1.0,27.0
2020,CO,96148,Placer,1.36,9.0,38.0,17.0,3.0,4.0,70.0
2020,DO,96148,Placer,2.7,0.0,11.0,12.0,76.0,3.0,101.0
2020,DT,96148,Placer,2.3,5.0,28.0,27.0,73.0,3.0,137.0
2020,HO,96148,Placer,2.19,6.0,104.0,88.0,150.0,16.0,364.0
2020,MH,96148,Placer,2.16,0.0,1.0,1.0,1.0,0.0,3.0
2020,RT,96148,Placer,1.17,9.0,16.0,6.0,4.0,0.0,36.0
2021,CO,96148,Placer,1.58,5.0,41.0,25.0,8.0,4.0,84.0
2021,DO,96148,Placer,2.82,0.0,8.0,15.0,135.0,2.0,160.0
2021,DT,96148,Placer,2.38,4.0,24.0,30.0,73.0,5.0,137.0
2021,HO,96148,Placer,2.22,8.0,96.0,97.0,165.0,16.0,382.0
2021,MH,96148,Placer,2.0,0.0,1.0,1.0,1.0,0.0,3.0
2021,RT,96148,Placer,1.49,5.0,17.0,9.0,7.0,0.0,38.0
2022,CO,96148,Placer,1.94,3.0,33.0,30.0,23.0,5.0,93.0
2022,DO,96148,Placer,2.83,1.0,4.0,25.0,173.0,3.0,205.0
2022,DT,96148,Placer,2.66,2.0,7.0,37.0,96.0,7.0,149.0
2022,HO,96148,Placer,2.58,6.0,29.0,111.0,223.0,23.0,391.0
2022,MH,96148,Placer,2.47,0.0,0.0,1.0,2.0,0.0,3.0
2022,RT,96148,Placer,1.99,2.0,7.0,8.0,10.0,0.0,26.0
2023,CO,96148,Placer,2.22,1.0,28.0,42.0,38.0,9.0,117.0
2023,DO,96148,Placer,2.86,0.0,3.0,34.0,219.0,4.0,260.0
2023,DT,96148,Placer,2.68,1.0,3.0,44.0,90.0,6.0,144.0
2023,HO,96148,Placer,2.69,0.0,25.0,93.0,217.0,31.0,366.0
2023,MH,96148,Placer,2.64,0.0,0.0,1.0,2.0,0.0,3.0
2023,RT,96148,Placer,2.35,1.0,4.0,8.0,12.0,2.0,27.0
2018,CO,96160,Nevada,1.46,0.0,2.0,1.0,0.0,0.0,3.0
2018,DO,96160,Nevada,2.0,0.0,0.0,0.0,0.0,0.0,0.0
2018,HO,96160,Nevada,2.22,0.0,7.0,5.0,7.0,2.0,20.0
2018,RT,96160,Nevada,1.0,0.0,0.0,0.0,0.0,0.0,0.0
2019,CO,96160,Nevada,1.75,0.0,2.0,1.0,1.0,0.0,4.0
2019,DO,96160,Nevada,2.38,0.0,0.0,1.0,1.0,0.0,1.0
2019,HO,96160,Nevada,2.49,0.0,4.0,2.0,11.0,1.0,18.0
2019,RT,96160,Nevada,1.0,0.0,0.0,0.0,0.0,0.0,0.0
2020,CO,96160,Nevada,1.33,0.0,2.0,1.0,0.0,0.0,3.0
2020,DO,96160,Nevada,1.24,0.0,0.0,0.0,0.0,0.0,1.0
2020,DT,96160,Nevada,1.0,0.0,2.0,0.0,0.0,0.0,2.0
2020,HO,96160,Nevada,1.97,1.0,4.0,1.0,4.0,1.0,11.0
2020,RT,96160,Nevada,2.0,0.0,0.0,2.0,0.0,0.0,2.0
2021,CO,96160,Nevada,1.33,0.0,2.0,1.0,0.0,0.0,3.0
2021,DO,96160,Nevada,2.3,0.0,0.0,1.0,0.0,0.0,1.0
2021,DT,96160,Nevada,1.0,0.0,2.0,0.0,0.0,0.0,2.0
2021,HO,96160,Nevada,2.45,1.0,2.0,0.0,4.0,2.0,9.0
2021,RT,96160,Nevada,0.0,1.0,0.0,0.0,0.0,0.0,1.0
2022,CO,96160,Nevada,1.37,0.0,2.0,1.0,0.0,0.0,3.0
2022,DO,96160,Nevada,3.0,0.0,0.0,0.0,1.0,0.0,1.0
2022,DT,96160,Nevada,1.54,0.0,0.0,0.0,0.0,0.0,0.0
2022,HO,96160,Nevada,3.4,0.0,0.0,0.0,3.0,2.0,5.0
2022,RT,96160,Nevada,1.77,0.0,0.0,0.0,0.0,0.0,1.0
2023,CO,96160,Nevada,1.0,0.0,1.0,0.0,0.0,0.0,1.0
2023,DO,96160,Nevada,3.0,0.0,0.0,0.0,1.0,0.0,1.0
2023,HO,96160,Nevada,3.5,0.0,0.0,0.0,2.0,2.0,4.0
2018,CO,96161,Nevada,2.16,10.0,290.0,146.0,212.0,109.0,767.0
2018,DO,96161,Nevada,2.7,4.0,6.0,68.0,219.0,2.0,299.0
2018,DT,96161,Nevada,2.3,2.0,231.0,358.0,535.0,25.0,1151.0
2018,HO,96161,Nevada,2.35,32.0,1543.0,1953.0,3419.0,371.0,7319.0
2018,MH,96161,Nevada,1.77,1.0,51.0,55.0,23.0,0.0,130.0
2018,RT,96161,Nevada,1.46,83.0,165.0,82.0,52.0,29.0,410.0
2019,CO,96161,Nevada,2.21,13.0,251.0,220.0,249.0,103.0,835.0
2019,DO,96161,Nevada,2.64,4.0,54.0,143.0,512.0,6.0,718.0
2019,DT,96161,Nevada,2.39,2.0,158.0,461.0,596.0,24.0,1241.0
2019,HO,96161,Nevada,2.45,41.0,699.0,2830.0,3311.0,388.0,7268.0
2019,MH,96161,Nevada,1.77,0.0,53.0,54.0,24.0,0.0,131.0
2019,RT,96161,Nevada,1.64,71.0,134.0,139.0,58.0,31.0,432.0
2020,CO,96161,Nevada,1.88,140.0,264.0,231.0,250.0,88.0,974.0
2020,DO,96161,Nevada,2.6,8.0,235.0,340.0,1410.0,32.0,2025.0
2020,DT,96161,Nevada,2.46,9.0,138.0,466.0,694.0,40.0,1347.0
2020,HO,96161,Nevada,2.43,88.0,608.0,3014.0,2939.0,428.0,7077.0
2020,MH,96161,Nevada,1.85,0.0,49.0,43.0,29.0,1.0,122.0
2020,RT,96161,Nevada,1.39,113.0,139.0,204.0,41.0,8.0,504.0
2021,CO,96161,Nevada,1.97,98.0,281.0,259.0,278.0,84.0,1000.0
2021,DO,96161,Nevada,2.67,15.0,234.0,369.0,1869.0,54.0,2541.0
2021,DT,96161,Nevada,2.51,7.0,131.0,416.0,732.0,44.0,1330.0
2021,HO,96161,Nevada,2.44,72.0,611.0,3159.0,3154.0,432.0,7428.0
2021,MH,96161,Nevada,1.83,0.0,51.0,49.0,30.0,0.0,130.0
2021,RT,96161,Nevada,1.64,65.0,146.0,214.0,78.0,7.0,509.0
2022,CO,96161,Nevada,2.15,39.0,306.0,220.0,373.0,81.0,1019.0
2022,DO,96161,Nevada,2.69,84.0,138.0,462.0,2298.0,58.0,3040.0
2022,DT,96161,Nevada,2.55,22.0,103.0,376.0,800.0,42.0,1344.0
2022,HO,96161,Nevada,2.53,92.0,580.0,2424.0,3829.0,420.0,7345.0
2022,MH,96161,Nevada,1.84,0.0,49.0,61.0,27.0,0.0,137.0
2022,RT,96161,Nevada,1.81,43.0,161.0,179.0,131.0,8.0,522.0
2023,CO,96161,Nevada,2.34,25.0,319.0,246.0,560.0,118.0,1268.0
2023,DO,96161,Nevada,2.8,11.0,74.0,650.0,2959.0,65.0,3759.0
2023,DT,96161,Nevada,2.6,5.0,91.0,365.0,801.0,36.0,1298.0
2023,HO,96161,Nevada,2.51,27.0,558.0,2563.0,3652.0,288.0,7089.0
2023,MH,96161,Nevada,1.54,17.0,46.0,56.0,16.0,0.0,135.0
2023,RT,96161,Nevada,1.89,49.0,178.0,171.0,145.0,34.0,576.0
2018,CO,96162,Nevada,2.0,0.0,0.0,6.0,0.0,0.0,6.0
2018,DO,96162,Nevada,3.0,0.0,0.0,0.0,1.0,0.0,1.0
2018,DT,96162,Nevada,2.77,0.0,0.0,0.0,2.0,0.0,2.0
2018,HO,96162,Nevada,2.31,0.0,0.0,17.0,8.0,0.0,25.0
2018,RT,96162,Nevada,1.09,1.0,0.0,1.0,0.0,0.0,2.0
2019,CO,96162,Nevada,2.0,0.0,0.0,5.0,0.0,0.0,5.0
2019,DO,96162,Nevada,3.0,0.0,0.0,0.0,0.0,0.0,0.0
2019,DT,96162,Nevada,3.0,0.0,0.0,0.0,2.0,0.0,2.0
2019,HO,96162,Nevada,2.32,0.0,0.0,15.0,7.0,0.0,21.0
2019,RT,96162,Nevada,1.79,0.0,0.0,1.0,0.0,0.0,1.0
2020,CO,96162,Nevada,2.0,0.0,0.0,4.0,0.0,0.0,4.0
2020,DO,96162,Nevada,3.0,0.0,0.0,0.0,0.0,0.0,0.0
2020,DT,96162,Nevada,3.0,0.0,0.0,0.0,2.0,0.0,2.0
2020,HO,96162,Nevada,2.29,0.0,0.0,14.0,6.0,0.0,20.0
2020,RT,96162,Nevada,2.0,0.0,0.0,1.0,0.0,0.0,1.0
2021,CO,96162,Nevada,2.0,0.0,0.0,3.0,0.0,0.0,3.0
2021,DO,96162,Nevada,3.0,0.0,0.0,0.0,1.0,0.0,1.0
2021,DT,96162,Nevada,3.0,0.0,0.0,0.0,2.0,0.0,2.0
2021,HO,96162,Nevada,2.25,0.0,0.0,18.0,6.0,0.0,23.0
2021,RT,96162,Nevada,2.0,0.0,1.0,0.0,1.0,0.0,2.0
2022,CO,96162,Nevada,2.0,0.0,0.0,1.0,0.0,0.0,1.0
2022,DO,96162,Nevada,3.0,0.0,0.0,0.0,4.0,0.0,4.0
2022,DT,96162,Nevada,3.0,0.0,0.0,0.0,2.0,0.0,2.0
2022,HO,96162,Nevada,2.33,0.0,0.0,12.0,6.0,0.0,18.0
2022,RT,96162,Nevada,1.98,0.0,1.0,0.0,1.0,0.0,2.0
2023,DO,96162,Nevada,3.0,0.0,0.0,0.0,4.0,0.0,4.0
2023,DT,96162,Nevada,3.0,0.0,0.0,0.0,2.0,0.0,2.0
2023,HO,96162,Nevada,2.36,0.0,0.0,9.0,5.0,0.0,15.0
2023,RT,96162,Nevada,2.0,0.0,1.0,0.0,1.0,0.0,2.0
