fips,year,hpi,income_pc,permits,population
06001,1969,,4709.0,,
06001,1970,,5043.0,,
06001,1971,,5300.0,,
06001,1972,,5690.0,,
06001,1973,,6102.0,,
06001,1974,,6699.0,,
06001,1975,12.3,7377.0,,
06001,1976,14.43,8061.0,,
06001,1977,17.95,8754.0,,
06001,1978,20.85,9733.0,,
06001,1979,24.56,10822.0,,
06001,1980,29.89,12068.0,,
06001,1981,32.77,13375.0,,
06001,1982,30.7,14093.0,,
06001,1983,34.09,15067.0,,
06001,1984,35.55,16490.0,,
06001,1985,38.23,17562.0,,
06001,1986,41.17,18318.0,,
06001,1987,44.6,19125.0,,
06001,1988,51.74,20440.0,,
06001,1989,64.84,21747.0,,
06001,1990,68.24,22655.0,2706.0,
06001,1991,66.53,23187.0,2828.0,
06001,1992,66.02,24104.0,3072.0,
06001,1993,64.52,24719.0,2206.0,
06001,1994,63.26,25445.0,3044.0,
06001,1995,62.4,26905.0,2801.0,
06001,1996,62.6,28569.0,3509.0,
06001,1997,65.9,29794.0,6277.0,
06001,1998,72.97,31979.0,5831.0,
06001,1999,79.73,34329.0,6397.0,
06001,2000,100.0,38818.0,4054.0,1449840.0
06001,2001,114.82,39290.0,3249.0,1469484.0
06001,2002,121.66,39063.0,3555.0,1462106.0
06001,2003,128.62,39978.0,4469.0,1454163.0
06001,2004,144.48,41472.0,5378.0,1445721.0
06001,2005,179.28,42921.0,4376.0,1441545.0
06001,2006,194.99,46093.0,6276.0,1444484.0
06001,2007,188.49,47750.0,3138.0,1455715.0
06001,2008,159.47,48349.0,1933.0,1477208.0
06001,2009,138.31,45893.0,1333.0,1498539.0
06001,2010,136.99,47624.0,1727.0,1512997.0
06001,2011,129.81,50425.0,2172.0,1532565.9722345176
06001,2012,130.88,52286.0,2745.0,1557124.8551995012
06001,2013,148.86,54120.0,3081.0,1584686.2972974568
06001,2014,172.6,56999.0,3438.0,1614665.3591613665
06001,2015,188.66,61610.0,5101.0,1643256.0232614242
06001,2016,210.22,65209.0,5692.0,1661588.8159455173
06001,2017,225.0,69254.0,9258.0,1672521.0835083195
06001,2018,245.23,74192.0,8056.0,1681166.156551284
06001,2019,248.04,79984.0,6402.0,1684821.2869753954
06001,2020,248.05,88182.0,4120.0,1680489.0
06001,2021,272.37,98657.0,5025.0,1644275.0
06001,2022,308.3,100110.0,5070.0,1633138.0
06001,2023,307.4,104460.0,2884.0,1633055.0
06001,2024,311.73,111268.0,1743.0,1636624.0
06001,2025,305.76,,2778.0,1636630.0
06003,1969,,5033.0,,
06003,1970,,4451.0,,
06003,1971,,4510.0,,
06003,1972,,4805.0,,
06003,1973,,5537.0,,
06003,1974,,5384.0,,
06003,1975,,5615.0,,
06003,1976,,7015.0,,
06003,1977,,6822.0,,
06003,1978,,8027.0,,
06003,1979,,8050.0,,
06003,1980,,9347.0,,
06003,1981,,10284.0,,
06003,1982,,10830.0,,
06003,1983,,12238.0,,
06003,1984,,12907.0,,
06003,1985,,12705.0,,
06003,1986,,12640.0,,
06003,1987,,13845.0,,
06003,1988,,16239.0,,
06003,1989,,17809.0,,
06003,1990,,18251.0,15.0,
06003,1991,,15597.0,10.0,
06003,1992,,15807.0,16.0,
06003,1993,,17541.0,21.0,
06003,1994,,18721.0,20.0,
06003,1995,,19231.0,20.0,
06003,1996,,20614.0,32.0,
06003,1997,,22108.0,9.0,
06003,1998,,23424.0,66.0,
06003,1999,,25237.0,59.0,
06003,2000,,27635.0,25.0,1209.0
06003,2001,,33764.0,54.0,1196.0
06003,2002,,33669.0,62.0,1237.0
06003,2003,,34995.0,28.0,1233.0
06003,2004,,32589.0,22.0,1263.0
06003,2005,,33584.0,16.0,1219.0
06003,2006,,32627.0,31.0,1276.0
06003,2007,,35410.0,35.0,1274.0
06003,2008,,37726.0,8.0,1202.0
06003,2009,,38420.0,7.0,1197.0
06003,2010,,41831.0,4.0,1161.0
06003,2011,,53893.0,3.0,1098.9582663092046
06003,2012,,56094.0,1.0,1123.112779267203
06003,2013,,54361.0,0.0,1149.4962466487934
06003,2014,,60930.0,3.0,1106.6150134048257
06003,2015,,63357.0,4.0,1109.4369973190348
06003,2016,,69615.0,2.0,1087.4412868632708
06003,2017,,67957.0,9.0,1158.5855227882037
06003,2018,,73487.0,4.0,1128.1428060768542
06003,2019,,78380.0,5.0,1167.6056300268096
06003,2020,,75766.0,8.0,1180.0
06003,2021,,74653.0,12.0,1194.0
06003,2022,,69311.0,4.0,1149.0
06003,2023,,78472.0,7.0,1105.0
06003,2024,,88146.0,3.0,1086.0
06003,2025,,,4.0,1043.0
06005,1969,,4216.0,,
06005,1970,,4349.0,,
06005,1971,,4562.0,,
06005,1972,,5001.0,,
06005,1973,,5432.0,,
06005,1974,,5762.0,,
06005,1975,,6297.0,,
06005,1976,,7135.0,,
06005,1977,,7718.0,,
06005,1978,,8471.0,,
06005,1979,,9173.0,,
06005,1980,,9782.0,,
06005,1981,,10289.0,,
06005,1982,,10804.0,,
06005,1983,50.85,11720.0,,
06005,1984,51.31,12888.0,,
06005,1985,54.24,13598.0,,
06005,1986,55.69,14360.0,,
06005,1987,59.69,15254.0,,
06005,1988,62.68,15462.0,,
06005,1989,70.98,15716.0,,
06005,1990,82.66,16212.0,353.0,
06005,1991,88.73,16928.0,412.0,
06005,1992,91.09,17573.0,351.0,
06005,1993,88.95,18139.0,302.0,
06005,1994,88.21,18345.0,163.0,
06005,1995,87.54,19209.0,192.0,
06005,1996,85.48,20106.0,135.0,
06005,1997,87.74,19902.0,118.0,
06005,1998,90.1,21318.0,148.0,
06005,1999,92.26,22078.0,203.0,
06005,2000,100.0,24236.0,253.0,35153.0
06005,2001,111.87,26468.0,221.0,35697.0
06005,2002,124.31,27318.0,291.0,36561.0
06005,2003,137.58,28343.0,402.0,36994.0
06005,2004,163.57,29774.0,448.0,37400.0
06005,2005,201.37,29818.0,412.0,38040.0
06005,2006,217.51,31468.0,235.0,38353.0
06005,2007,206.19,32783.0,159.0,38756.0
06005,2008,180.67,33890.0,82.0,38248.0
06005,2009,148.37,33042.0,57.0,38238.0
06005,2010,126.34,34327.0,29.0,37883.0
06005,2011,110.18,34844.0,80.0,37584.3281341217
06005,2012,106.07,35629.0,110.0,37194.608163061646
06005,2013,115.53,36365.0,14.0,36756.66983010254
06005,2014,129.88,37923.0,22.0,36911.42440436095
06005,2015,142.67,39750.0,27.0,37262.62193448595
06005,2016,156.85,40295.0,41.0,37714.27328792755
06005,2017,169.72,41230.0,131.0,38874.83392460644
06005,2018,177.38,41827.0,172.0,39729.10959259537
06005,2019,186.66,43900.0,119.0,40124.361694483945
06005,2020,189.45,47311.0,103.0,40567.0
06005,2021,215.01,50040.0,141.0,41225.0
06005,2022,239.29,48230.0,185.0,41465.0
06005,2023,235.67,50637.0,91.0,41783.0
06005,2024,237.06,53703.0,57.0,41974.0
06005,2025,241.72,,67.0,41876.0
06007,1969,,3485.0,,
06007,1970,,3716.0,,
06007,1971,,3924.0,,
06007,1972,,4093.0,,
06007,1973,,4742.0,,
06007,1974,,5372.0,,
06007,1975,25.79,5754.0,,
06007,1976,29.38,6112.0,,
06007,1977,36.16,6651.0,,
06007,1978,40.51,7394.0,,
06007,1979,46.48,8162.0,,
06007,1980,52.28,9123.0,,
06007,1981,55.23,9882.0,,
06007,1982,58.72,10087.0,,
06007,1983,57.99,10683.0,,
06007,1984,57.18,11490.0,,
06007,1985,56.54,12109.0,,
06007,1986,57.58,12732.0,,
06007,1987,58.62,13461.0,,
06007,1988,61.38,14345.0,,
06007,1989,69.48,15068.0,,
06007,1990,81.52,15641.0,1912.0,
06007,1991,86.46,16284.0,1498.0,
06007,1992,87.11,17001.0,893.0,
06007,1993,86.72,17304.0,736.0,
06007,1994,86.98,17858.0,924.0,
06007,1995,87.19,18280.0,728.0,
06007,1996,86.81,19307.0,673.0,
06007,1997,87.76,20247.0,648.0,
06007,1998,89.51,20979.0,969.0,
06007,1999,91.35,21805.0,1028.0,
06007,2000,100.0,23103.0,1134.0,203807.0
06007,2001,111.31,24747.0,1093.0,206193.0
06007,2002,126.04,25076.0,1186.0,209120.0
06007,2003,142.61,25918.0,1769.0,211481.0
06007,2004,169.99,27353.0,1989.0,213065.0
06007,2005,207.25,28071.0,1693.0,214752.0
06007,2006,223.02,29791.0,1282.0,216824.0
06007,2007,211.64,31301.0,985.0,217469.0
06007,2008,189.51,31806.0,592.0,219034.0
06007,2009,167.58,31868.0,360.0,219777.0
06007,2010,152.97,32994.0,512.0,219951.0
06007,2011,140.93,33669.0,240.0,219720.357189862
06007,2012,137.04,34536.0,351.0,220349.57964501934
06007,2013,148.18,35366.0,520.0,220855.10434136805
06007,2014,160.11,36600.0,550.0,222457.51325536796
06007,2015,166.64,39347.0,621.0,223301.96753844997
06007,2016,178.13,40653.0,697.0,224601.44981762118
06007,2017,189.86,41568.0,823.0,226788.6483285075
06007,2018,204.11,42612.0,703.0,228130.02933102698
06007,2019,230.73,45912.0,1426.0,216375.7215620652
06007,2020,234.84,51342.0,1837.0,210204.0
06007,2021,259.25,56051.0,2050.0,206353.0
06007,2022,285.48,54273.0,1853.0,207312.0
06007,2023,280.36,57045.0,929.0,207286.0
06007,2024,288.25,61191.0,946.0,208586.0
06007,2025,289.63,,997.0,209211.0
06009,1969,,3629.0,,
06009,1970,,3953.0,,
06009,1971,,4116.0,,
06009,1972,,4601.0,,
06009,1973,,4963.0,,
06009,1974,,5278.0,,
06009,1975,,5961.0,,
06009,1976,,6569.0,,
06009,1977,,6954.0,,
06009,1978,,7532.0,,
06009,1979,46.28,7852.0,,
06009,1980,48.33,8932.0,,
06009,1981,55.8,9727.0,,
06009,1982,50.86,9854.0,,
06009,1983,49.31,10829.0,,
06009,1984,51.84,12222.0,,
06009,1985,52.25,13161.0,,
06009,1986,54.71,13720.0,,
06009,1987,56.7,14518.0,,
06009,1988,60.03,15533.0,,
06009,1989,67.83,17075.0,,
06009,1990,77.44,17136.0,645.0,
06009,1991,84.69,17416.0,532.0,
06009,1992,86.13,17771.0,418.0,
06009,1993,86.14,18464.0,372.0,
06009,1994,84.77,18473.0,363.0,
06009,1995,82.74,18919.0,287.0,
06009,1996,82.86,20130.0,228.0,
06009,1997,84.4,20749.0,260.0,
06009,1998,87.24,22341.0,285.0,
06009,1999,88.54,23593.0,302.0,
06009,2000,100.0,25768.0,425.0,40645.0
06009,2001,112.83,27856.0,546.0,41304.0
06009,2002,126.84,28594.0,520.0,42380.0
06009,2003,139.65,29694.0,691.0,43755.0
06009,2004,164.53,30814.0,830.0,44530.0
06009,2005,205.74,31562.0,862.0,45295.0
06009,2006,225.93,33243.0,497.0,46045.0
06009,2007,212.96,35107.0,277.0,46268.0
06009,2008,185.08,36079.0,126.0,46265.0
06009,2009,146.67,35585.0,58.0,45900.0
06009,2010,126.79,36743.0,45.0,45467.0
06009,2011,109.17,37521.0,29.0,45065.47948302669
06009,2012,108.12,37411.0,29.0,44630.379614753394
06009,2013,117.27,37754.0,43.0,44380.55103653797
06009,2014,134.89,39761.0,70.0,44306.91065906539
06009,2015,147.1,42693.0,102.0,44506.33372203507
06009,2016,158.72,44046.0,182.0,44744.03792433273
06009,2017,172.99,45874.0,140.0,44996.122669949036
06009,2018,182.47,47344.0,112.0,44989.094273127754
06009,2019,191.21,50144.0,117.0,45259.42262891941
06009,2020,197.2,54133.0,132.0,45349.0
06009,2021,223.55,56739.0,130.0,46259.0
06009,2022,255.77,56105.0,153.0,46545.0
06009,2023,251.12,59024.0,123.0,46563.0
06009,2024,260.88,64051.0,72.0,46496.0
06009,2025,258.36,,72.0,46605.0
06011,1969,,5832.0,,
06011,1970,,5684.0,,
06011,1971,,5927.0,,
06011,1972,,6737.0,,
06011,1973,,8850.0,,
06011,1974,,12237.0,,
06011,1975,,11157.0,,
06011,1976,,7217.0,,
06011,1977,,9577.0,,
06011,1978,,9855.0,,
06011,1979,,11901.0,,
06011,1980,,14132.0,,
06011,1981,,14552.0,,
06011,1982,,12465.0,,
06011,1983,,11807.0,,
06011,1984,,13954.0,,
06011,1985,,15742.0,,
06011,1986,57.05,14356.0,,
06011,1987,62.28,16528.0,,
06011,1988,64.07,17510.0,,
06011,1989,66.09,18720.0,,
06011,1990,73.63,18607.0,99.0,
06011,1991,83.0,18537.0,117.0,
06011,1992,87.54,19785.0,116.0,
06011,1993,87.72,21644.0,122.0,
06011,1994,86.72,21115.0,77.0,
06011,1995,92.04,22396.0,64.0,
06011,1996,89.32,23511.0,35.0,
06011,1997,93.6,23277.0,46.0,
06011,1998,91.78,22061.0,55.0,
06011,1999,93.01,25819.0,48.0,
06011,2000,100.0,25763.0,46.0,18817.0
06011,2001,112.12,24704.0,33.0,19022.0
06011,2002,120.08,24146.0,24.0,19232.0
06011,2003,134.44,27601.0,46.0,19568.0
06011,2004,162.89,26885.0,170.0,20207.0
06011,2005,215.83,27023.0,134.0,20540.0
06011,2006,237.04,27488.0,99.0,20890.0
06011,2007,232.22,32112.0,105.0,21075.0
06011,2008,177.25,38177.0,17.0,21134.0
06011,2009,144.82,40740.0,15.0,21250.0
06011,2010,125.88,40294.0,19.0,21435.0
06011,2011,117.94,40311.0,14.0,21344.661842471472
06011,2012,115.35,36667.0,16.0,21333.209574172
06011,2013,125.15,39497.0,49.0,21327.668243807402
06011,2014,147.83,34839.0,58.0,21273.76231561369
06011,2015,152.35,39266.0,41.0,21355.564709156693
06011,2016,166.48,41192.0,47.0,21655.31533537434
06011,2017,183.42,41189.0,17.0,21767.999999999996
06011,2018,198.78,45620.0,68.0,21627.1185638742
06011,2019,213.92,44699.0,37.0,21742.947954355688
06011,2020,220.51,56351.0,10.0,21858.0
06011,2021,246.06,59578.0,37.0,21949.0
06011,2022,282.04,57589.0,61.0,21927.0
06011,2023,275.8,61296.0,13.0,22052.0
06011,2024,294.37,61656.0,53.0,22016.0
06011,2025,299.41,,17.0,21836.0
06013,1969,,5103.0,,
06013,1970,,5347.0,,
06013,1971,,5694.0,,
06013,1972,,6208.0,,
06013,1973,,6664.0,,
06013,1974,,7387.0,,
06013,1975,14.48,8212.0,,
06013,1976,18.08,8998.0,,
06013,1977,21.55,9803.0,,
06013,1978,24.98,10963.0,,
06013,1979,29.56,12180.0,,
06013,1980,35.87,13753.0,,
06013,1981,40.08,15263.0,,
06013,1982,36.62,16127.0,,
06013,1983,40.78,17407.0,,
06013,1984,41.75,19047.0,,
06013,1985,44.15,20324.0,,
06013,1986,46.58,21540.0,,
06013,1987,49.71,22720.0,,
06013,1988,55.87,24301.0,,
06013,1989,68.15,25400.0,,
06013,1990,74.35,26201.0,4281.0,
06013,1991,73.85,26900.0,3955.0,
06013,1992,73.02,28442.0,3893.0,
06013,1993,70.95,29341.0,3455.0,
06013,1994,69.48,30217.0,3911.0,
06013,1995,67.88,31657.0,3366.0,
06013,1996,67.62,33560.0,3524.0,
06013,1997,69.02,35592.0,3446.0,
06013,1998,75.3,37925.0,4142.0,
06013,1999,81.86,40221.0,4413.0,
06013,2000,100.0,44926.0,5479.0,952810.0
06013,2001,115.61,46750.0,4920.0,970952.0
06013,2002,126.09,45990.0,5764.0,979862.0
06013,2003,136.24,46959.0,6883.0,987531.0
06013,2004,157.83,49555.0,5588.0,992424.0
06013,2005,199.36,51875.0,6464.0,999013.0
06013,2006,213.68,55749.0,4222.0,1000834.0
06013,2007,197.19,57499.0,3700.0,1009152.0
06013,2008,150.78,58263.0,2043.0,1023344.0
06013,2009,128.86,53921.0,1235.0,1037890.0
06013,2010,123.63,53630.0,1676.0,1052516.0
06013,2011,115.44,57220.0,861.0,1066647.5693923545
06013,2012,116.88,61049.0,2151.0,1080041.31046477
06013,2013,132.55,60376.0,1899.0,1097213.758413063
06013,2014,154.63,62371.0,2001.0,1114020.4596249522
06013,2015,165.47,67047.0,2610.0,1130935.8137517541
06013,2016,182.53,70257.0,2921.0,1145499.3764765915
06013,2017,196.16,74770.0,1984.0,1155307.4772887698
06013,2018,209.93,78509.0,2907.0,1161958.3759833311
06013,2019,214.47,80354.0,2687.0,1165413.3778032912
06013,2020,216.82,87843.0,2803.0,1166249.0
06013,2021,246.5,94780.0,3901.0,1164370.0
06013,2022,282.33,96617.0,1794.0,1160163.0
06013,2023,277.67,102184.0,2033.0,1161953.0
06013,2024,282.94,108259.0,2155.0,1169534.0
06013,2025,282.9,,1163.0,1170070.0
06015,1969,,3834.0,,
06015,1970,,4019.0,,
06015,1971,,4335.0,,
06015,1972,,4773.0,,
06015,1973,,5093.0,,
06015,1974,,5541.0,,
06015,1975,,5887.0,,
06015,1976,,6519.0,,
06015,1977,,7008.0,,
06015,1978,,7697.0,,
06015,1979,46.48,8468.0,,
06015,1980,51.94,9492.0,,
06015,1981,,9665.0,,
06015,1982,53.57,9243.0,,
06015,1983,55.78,9826.0,,
06015,1984,53.59,10711.0,,
06015,1985,48.84,10969.0,,
06015,1986,50.73,11343.0,,
06015,1987,54.57,11745.0,,
06015,1988,65.86,12649.0,,
06015,1989,73.6,13191.0,,
06015,1990,85.74,13940.0,206.0,
06015,1991,92.37,13417.0,110.0,
06015,1992,96.2,14089.0,103.0,
06015,1993,97.53,14426.0,112.0,
06015,1994,97.11,14805.0,149.0,
06015,1995,98.07,15443.0,97.0,
06015,1996,97.89,15522.0,52.0,
06015,1997,97.18,16074.0,47.0,
06015,1998,98.67,17229.0,52.0,
06015,1999,98.27,18115.0,34.0,
06015,2000,100.0,18944.0,45.0,27440.0
06015,2001,104.39,18893.0,56.0,27292.0
06015,2002,114.86,18915.0,78.0,27397.0
06015,2003,126.1,20107.0,127.0,27601.0
06015,2004,158.54,21708.0,200.0,27950.0
06015,2005,206.59,22015.0,106.0,28281.0
06015,2006,238.68,23537.0,37.0,28211.0
06015,2007,235.94,24715.0,76.0,28415.0
06015,2008,225.59,25857.0,116.0,28496.0
06015,2009,191.81,25993.0,28.0,28599.0
06015,2010,174.8,27355.0,29.0,28568.0
06015,2011,153.16,28190.0,89.0,28411.502277602976
06015,2012,144.37,28587.0,32.0,28124.63347397025
06015,2013,147.15,29538.0,18.0,27716.850303918764
06015,2014,157.45,31466.0,9.0,27046.32325514874
06015,2015,164.08,33056.0,20.0,27028.304240560643
06015,2016,178.54,34083.0,22.0,27209.74038186499
06015,2017,191.36,34326.0,23.0,27143.809964959954
06015,2018,206.11,35060.0,25.0,27515.546996567507
06015,2019,217.36,36526.0,30.0,27589.62999499428
06015,2020,233.26,41464.0,45.0,27619.0
06015,2021,270.91,44670.0,38.0,27549.0
06015,2022,318.79,44956.0,46.0,26694.0
06015,2023,321.77,46919.0,28.0,26520.0
06015,2024,346.1,50144.0,242.0,26959.0
06015,2025,349.06,,113.0,26410.0
06017,1969,,4295.0,,
06017,1970,,4669.0,,
06017,1971,,5150.0,,
06017,1972,,5680.0,,
06017,1973,,6123.0,,
06017,1974,,6602.0,,
06017,1975,21.73,7424.0,,
06017,1976,23.25,7993.0,,
06017,1977,27.06,8622.0,,
06017,1978,34.19,9431.0,,
06017,1979,39.51,9884.0,,
06017,1980,44.32,10723.0,,
06017,1981,48.71,11643.0,,
06017,1982,46.3,12036.0,,
06017,1983,47.05,13126.0,,
06017,1984,46.87,14521.0,,
06017,1985,48.58,15564.0,,
06017,1986,50.68,16729.0,,
06017,1987,52.9,17592.0,,
06017,1988,58.0,18652.0,,
06017,1989,66.38,19927.0,,
06017,1990,78.71,20409.0,1948.0,
06017,1991,83.45,21253.0,1620.0,
06017,1992,82.3,22700.0,1041.0,
06017,1993,80.33,23279.0,759.0,
06017,1994,79.34,24783.0,974.0,
06017,1995,78.7,26290.0,877.0,
06017,1996,78.86,28018.0,1464.0,
06017,1997,79.6,29707.0,1033.0,
06017,1998,82.86,31726.0,906.0,
06017,1999,86.78,34449.0,1372.0,
06017,2000,100.0,37018.0,1476.0,157162.0
06017,2001,114.96,38438.0,2048.0,161101.0
06017,2002,127.7,38817.0,1825.0,165195.0
06017,2003,138.78,39625.0,1850.0,168331.0
06017,2004,162.67,41414.0,2041.0,171653.0
06017,2005,203.43,42961.0,1604.0,175003.0
06017,2006,214.71,45304.0,1005.0,176773.0
06017,2007,201.71,46762.0,604.0,177694.0
06017,2008,175.64,48203.0,425.0,179150.0
06017,2009,148.56,46674.0,141.0,180455.0
06017,2010,131.7,48230.0,120.0,181161.0
06017,2011,121.79,50368.0,141.0,180804.6661687184
06017,2012,121.31,52427.0,261.0,180296.94480342104
06017,2013,135.87,53847.0,206.0,181052.51283866787
06017,2014,153.43,56231.0,190.0,182515.9861013347
06017,2015,161.81,58842.0,584.0,183819.30173383438
06017,2016,174.65,62104.0,762.0,185050.412488791
06017,2017,187.6,63355.0,809.0,187636.70709446675
06017,2018,198.56,66059.0,543.0,189588.59922249577
06017,2019,203.68,69023.0,596.0,191536.7605577297
06017,2020,208.19,74018.0,619.0,191237.0
06017,2021,239.77,79498.0,669.0,193631.0
06017,2022,270.63,79990.0,599.0,192914.0
06017,2023,267.91,84850.0,608.0,192090.0
06017,2024,273.03,89554.0,437.0,192371.0
06017,2025,274.25,,477.0,192323.0
06019,1969,,3675.0,,
06019,1970,,3984.0,,
06019,1971,,4238.0,,
06019,1972,,4714.0,,
06019,1973,,5320.0,,
06019,1974,,6092.0,,
06019,1975,29.23,6385.0,,
06019,1976,33.97,7121.0,,
06019,1977,40.81,7420.0,,
06019,1978,50.07,8120.0,,
06019,1979,58.23,9465.0,,
06019,1980,63.85,10706.0,,
06019,1981,68.74,10980.0,,
06019,1982,67.35,11308.0,,
06019,1983,66.6,11595.0,,
06019,1984,67.33,12434.0,,
06019,1985,67.74,13086.0,,
06019,1986,69.87,13742.0,,
06019,1987,71.57,14593.0,,
06019,1988,72.64,15241.0,,
06019,1989,77.15,15935.0,,
06019,1990,84.26,16814.0,5353.0,
06019,1991,92.47,17153.0,4366.0,
06019,1992,95.5,17751.0,4992.0,
06019,1993,95.55,18364.0,4156.0,
06019,1994,93.72,18465.0,4643.0,
06019,1995,92.66,18953.0,4056.0,
06019,1996,92.33,19493.0,3290.0,
06019,1997,92.08,19784.0,2779.0,
06019,1998,94.8,20762.0,3018.0,
06019,1999,95.84,21697.0,2971.0,
06019,2000,100.0,23069.0,3156.0,801288.0
06019,2001,108.89,23460.0,3768.0,813021.0
06019,2002,123.62,24611.0,3837.0,829762.0
06019,2003,141.9,25863.0,5753.0,847193.0
06019,2004,178.32,26923.0,7157.0,861035.0
06019,2005,226.94,27597.0,7400.0,872470.0
06019,2006,254.82,29137.0,5278.0,883862.0
06019,2007,239.24,30293.0,4855.0,895933.0
06019,2008,191.46,30454.0,2560.0,909630.0
06019,2009,153.33,30176.0,2228.0,921478.0
06019,2010,146.19,31181.0,2248.0,932011.0
06019,2011,132.45,32667.0,1622.0,940062.2377732241
06019,2012,131.9,33284.0,1844.0,946411.0246923324
06019,2013,144.43,34420.0,2772.0,953607.526934774
06019,2014,162.8,36379.0,1892.0,963388.8840764179
06019,2015,171.96,38288.0,2322.0,973073.1816237693
06019,2016,181.53,39065.0,2904.0,981290.0659744354
06019,2017,195.9,39594.0,2933.0,990679.6039805458
06019,2018,209.54,40602.0,2929.0,998147.5291002861
06019,2019,218.91,42636.0,3393.0,1005603.627998997
06019,2020,228.07,48320.0,3130.0,1009563.0
06019,2021,262.28,52056.0,3902.0,1012952.0
06019,2022,307.53,51116.0,3662.0,1017870.0
06019,2023,316.29,53386.0,3154.0,1025304.0
06019,2024,332.92,57584.0,2439.0,1033698.0
06019,2025,340.52,,2271.0,1035456.0
06021,1969,,4135.0,,
06021,1970,,4221.0,,
06021,1971,,4494.0,,
06021,1972,,5275.0,,
06021,1973,,6617.0,,
06021,1974,,7788.0,,
06021,1975,,7452.0,,
06021,1976,,6636.0,,
06021,1977,,7335.0,,
06021,1978,,8497.0,,
06021,1979,,9966.0,,
06021,1980,,11935.0,,
06021,1981,,11545.0,,
06021,1982,,11148.0,,
06021,1983,,10320.0,,
06021,1984,,11658.0,,
06021,1985,,12347.0,,
06021,1986,58.96,12220.0,,
06021,1987,59.65,13688.0,,
06021,1988,61.42,14331.0,,
06021,1989,64.58,14306.0,,
06021,1990,74.56,14780.0,93.0,
06021,1991,84.5,14672.0,151.0,
06021,1992,87.36,16057.0,113.0,
06021,1993,88.08,16862.0,93.0,
06021,1994,91.31,16866.0,81.0,
06021,1995,89.54,16305.0,42.0,
06021,1996,90.9,18108.0,79.0,
06021,1997,95.27,18724.0,101.0,
06021,1998,95.0,18054.0,66.0,
06021,1999,95.08,19098.0,51.0,
06021,2000,100.0,19718.0,41.0,26416.0
06021,2001,109.6,21449.0,69.0,26450.0
06021,2002,122.16,21677.0,71.0,26651.0
06021,2003,139.65,22582.0,141.0,27016.0
06021,2004,168.62,24480.0,150.0,27122.0
06021,2005,216.49,24893.0,214.0,27393.0
06021,2006,239.56,24563.0,171.0,27652.0
06021,2007,234.55,29216.0,116.0,27775.0
06021,2008,201.95,29994.0,44.0,28019.0
06021,2009,171.33,30925.0,91.0,28100.0
06021,2010,149.1,32114.0,45.0,28125.0
06021,2011,136.17,34053.0,26.0,28191.27432026305
06021,2012,136.75,34952.0,39.0,27955.284488915604
06021,2013,139.71,37910.0,28.0,27962.592483117067
06021,2014,158.36,36444.0,30.0,28040.277580171838
06021,2015,169.39,38923.0,20.0,28020.00063642471
06021,2016,183.12,40125.0,57.0,28153.33923558321
06021,2017,191.7,40429.0,20.0,28294.095647562142
06021,2018,208.2,42539.0,59.0,28377.217841105965
06021,2019,239.69,43121.0,48.0,28993.523954318855
06021,2020,247.15,49678.0,60.0,28889.0
06021,2021,275.24,52440.0,19.0,28689.0
06021,2022,309.87,52081.0,150.0,28363.0
06021,2023,300.06,55064.0,111.0,28168.0
06021,2024,300.1,58305.0,108.0,28320.0
06021,2025,320.71,,115.0,28141.0
06023,1969,,3947.0,,
06023,1970,,4121.0,,
06023,1971,,4490.0,,
06023,1972,,4703.0,,
06023,1973,,5157.0,,
06023,1974,,5621.0,,
06023,1975,,6243.0,,
06023,1976,27.78,6996.0,,
06023,1977,37.4,7554.0,,
06023,1978,38.33,8212.0,,
06023,1979,42.65,8998.0,,
06023,1980,45.34,9841.0,,
06023,1981,42.13,10304.0,,
06023,1982,45.79,10626.0,,
06023,1983,47.35,11464.0,,
06023,1984,47.47,12206.0,,
06023,1985,48.82,12781.0,,
06023,1986,51.27,13581.0,,
06023,1987,53.19,14241.0,,
06023,1988,56.78,15023.0,,
06023,1989,63.74,15948.0,,
06023,1990,74.32,16345.0,875.0,
06023,1991,80.52,16785.0,687.0,
06023,1992,83.95,17403.0,650.0,
06023,1993,87.17,17963.0,678.0,
06023,1994,87.08,18574.0,689.0,
06023,1995,87.96,18912.0,565.0,
06023,1996,89.27,20031.0,519.0,
06023,1997,90.62,20800.0,541.0,
06023,1998,93.64,22113.0,529.0,
06023,1999,94.83,22666.0,497.0,
06023,2000,100.0,23853.0,532.0,126462.0
06023,2001,109.37,25779.0,541.0,127520.0
06023,2002,124.3,26325.0,533.0,128780.0
06023,2003,143.78,27853.0,425.0,129754.0
06023,2004,176.65,29446.0,612.0,130702.0
06023,2005,217.68,29840.0,510.0,131497.0
06023,2006,233.79,31282.0,489.0,132093.0
06023,2007,231.12,32246.0,397.0,132001.0
06023,2008,217.03,32816.0,331.0,132657.0
06023,2009,198.78,33085.0,181.0,133744.0
06023,2010,183.69,35491.0,191.0,135010.0
06023,2011,171.94,35896.0,263.0,135389.37403187208
06023,2012,166.37,36189.0,177.0,134860.45619920432
06023,2013,169.71,36748.0,170.0,134841.7438904406
06023,2014,176.28,38337.0,234.0,135082.7518940264
06023,2015,183.81,40612.0,215.0,135838.4786852575
06023,2016,195.69,41608.0,229.0,137278.4081673174
06023,2017,211.5,42848.0,293.0,137646.5724308586
06023,2018,220.7,43858.0,379.0,137570.73996014136
06023,2019,226.69,45760.0,387.0,137035.4926402276
06023,2020,237.25,50138.0,291.0,136298.0
06023,2021,267.33,54062.0,371.0,135070.0
06023,2022,310.78,53864.0,328.0,134979.0
06023,2023,321.51,56165.0,291.0,133956.0
06023,2024,319.5,62031.0,194.0,132324.0
06023,2025,318.85,,325.0,131647.0
06025,1969,,3860.0,,
06025,1970,,3999.0,,
06025,1971,,4022.0,,
06025,1972,,5064.0,,
06025,1973,,5348.0,,
06025,1974,,5994.0,,
06025,1975,,6304.0,,
06025,1976,,6816.0,,
06025,1977,,6936.0,,
06025,1978,45.12,7420.0,,
06025,1979,51.74,10315.0,,
06025,1980,57.05,9643.0,,
06025,1981,57.73,9944.0,,
06025,1982,64.93,10859.0,,
06025,1983,58.72,11360.0,,
06025,1984,64.7,11558.0,,
06025,1985,62.55,11323.0,,
06025,1986,68.85,11742.0,,
06025,1987,68.67,13602.0,,
06025,1988,67.58,15389.0,,
06025,1989,72.18,16052.0,,
06025,1990,77.53,16140.0,1087.0,
06025,1991,80.9,16009.0,837.0,
06025,1992,85.13,16270.0,1001.0,
06025,1993,86.83,17033.0,627.0,
06025,1994,87.21,17003.0,834.0,
06025,1995,89.72,17221.0,492.0,
06025,1996,90.9,16987.0,352.0,
06025,1997,91.06,17592.0,342.0,
06025,1998,93.53,18756.0,433.0,
06025,1999,95.86,19237.0,339.0,
06025,2000,100.0,19108.0,773.0,142410.0
06025,2001,108.15,20723.0,1057.0,143707.0
06025,2002,114.18,22995.0,1021.0,145640.0
06025,2003,123.37,23381.0,1201.0,148984.0
06025,2004,145.17,23530.0,1778.0,152259.0
06025,2005,189.69,24097.0,2191.0,156113.0
06025,2006,215.45,25334.0,2203.0,160505.0
06025,2007,207.34,26270.0,969.0,164596.0
06025,2008,158.86,28108.0,511.0,167917.0
06025,2009,114.1,27867.0,196.0,172008.0
06025,2010,107.9,29124.0,102.0,174704.0
06025,2011,109.05,31225.0,257.0,175659.34945663932
06025,2012,108.18,31427.0,287.0,176343.0824277322
06025,2013,118.2,32625.0,303.0,176085.35115412137
06025,2014,135.73,33756.0,246.0,177496.0462979913
06025,2015,146.87,36118.0,293.0,178336.69251443693
06025,2016,158.95,35248.0,215.0,179440.9442992894
06025,2017,168.34,35579.0,191.0,180732.69441994376
06025,2018,177.7,35211.0,400.0,180471.406846511
06025,2019,183.8,37662.0,398.0,179776.86883622626
06025,2020,192.22,46450.0,480.0,179532.0
06025,2021,217.98,48581.0,555.0,178809.0
06025,2022,248.44,46422.0,551.0,179421.0
06025,2023,262.53,48248.0,263.0,180683.0
06025,2024,286.23,52117.0,253.0,182771.0
06025,2025,307.01,,242.0,181411.0
06027,1969,,3792.0,,
06027,1970,,4146.0,,
06027,1971,,4505.0,,
06027,1972,,5147.0,,
06027,1973,,5244.0,,
06027,1974,,5657.0,,
06027,1975,,6268.0,,
06027,1976,,6752.0,,
06027,1977,33.34,7210.0,,
06027,1978,40.92,8631.0,,
06027,1979,49.06,9184.0,,
06027,1980,52.26,10328.0,,
06027,1981,53.57,11620.0,,
06027,1982,47.27,11768.0,,
06027,1983,54.9,12484.0,,
06027,1984,53.25,13169.0,,
06027,1985,53.7,13629.0,,
06027,1986,55.83,14167.0,,
06027,1987,54.33,14500.0,,
06027,1988,58.92,16140.0,,
06027,1989,67.37,17425.0,,
06027,1990,77.66,18241.0,69.0,
06027,1991,81.07,18829.0,50.0,
06027,1992,82.05,19239.0,44.0,
06027,1993,84.58,19979.0,46.0,
06027,1994,81.65,20156.0,45.0,
06027,1995,83.62,20909.0,16.0,
06027,1996,85.01,21781.0,23.0,
06027,1997,84.65,22680.0,18.0,
06027,1998,87.25,24130.0,19.0,
06027,1999,91.17,25075.0,18.0,
06027,2000,100.0,25518.0,18.0,17955.0
06027,2001,109.6,29887.0,20.0,18117.0
06027,2002,124.27,29889.0,17.0,18394.0
06027,2003,139.3,31258.0,19.0,18593.0
06027,2004,172.89,34385.0,21.0,18578.0
06027,2005,196.15,36095.0,12.0,18478.0
06027,2006,225.06,38571.0,13.0,18370.0
06027,2007,227.46,39553.0,25.0,18426.0
06027,2008,203.82,42280.0,10.0,18318.0
06027,2009,175.27,41363.0,3.0,18544.0
06027,2010,167.44,42443.0,8.0,18503.0
06027,2011,151.89,43611.0,6.0,18481.0714562784
06027,2012,152.23,45312.0,8.0,18535.714418707747
06027,2013,157.51,45771.0,6.0,18635.634334478553
06027,2014,168.77,48563.0,7.0,18662.09110052089
06027,2015,170.3,50928.0,8.0,18569.832511359855
06027,2016,173.96,54678.0,15.0,18458.12837193838
06027,2017,186.74,56238.0,11.0,18470.796625290925
06027,2018,195.43,54814.0,0.0,18642.04574975064
06027,2019,205.16,57680.0,8.0,18839.207419926854
06027,2020,208.99,59781.0,7.0,18989.0
06027,2021,228.54,61205.0,6.0,18854.0
06027,2022,281.42,59967.0,6.0,18642.0
06027,2023,294.43,67788.0,21.0,18420.0
06027,2024,300.13,72766.0,13.0,18302.0
06027,2025,320.03,,10.0,18158.0
06029,1969,,3912.0,,
06029,1970,,4102.0,,
06029,1971,,4357.0,,
06029,1972,,4730.0,,
06029,1973,,5302.0,,
06029,1974,,6253.0,,
06029,1975,33.19,6566.0,,
06029,1976,40.8,7533.0,,
06029,1977,47.5,7848.0,,
06029,1978,54.92,8509.0,,
06029,1979,61.42,9741.0,,
06029,1980,66.75,11072.0,,
06029,1981,72.47,11504.0,,
06029,1982,69.27,12109.0,,
06029,1983,77.49,12236.0,,
06029,1984,78.35,13111.0,,
06029,1985,80.65,13632.0,,
06029,1986,83.05,14193.0,,
06029,1987,82.5,14345.0,,
06029,1988,83.39,15356.0,,
06029,1989,88.07,15835.0,,
06029,1990,94.51,16538.0,4954.0,
06029,1991,99.72,17059.0,3400.0,
06029,1992,102.44,17267.0,4366.0,
06029,1993,101.3,17796.0,3396.0,
06029,1994,98.23,17762.0,3124.0,
06029,1995,94.55,18240.0,3496.0,
06029,1996,94.23,19023.0,2767.0,
06029,1997,92.89,19341.0,2659.0,
06029,1998,97.28,20254.0,3425.0,
06029,1999,97.36,20500.0,3118.0,
06029,2000,100.0,21463.0,3070.0,663803.0
06029,2001,107.85,22337.0,3494.0,676574.0
06029,2002,117.74,23116.0,4509.0,694059.0
06029,2003,131.58,23974.0,5813.0,714272.0
06029,2004,166.63,24985.0,6794.0,736296.0
06029,2005,224.01,26034.0,8857.0,760726.0
06029,2006,258.48,27293.0,6991.0,784511.0
06029,2007,246.39,28861.0,4202.0,803281.0
06029,2008,188.71,29194.0,2593.0,818327.0
06029,2009,146.56,28590.0,1777.0,830137.0
06029,2010,136.76,30669.0,1656.0,841365.0
06029,2011,126.11,32140.0,969.0,849083.9112274536
06029,2012,130.15,33729.0,2005.0,855263.6796172903
06029,2013,147.63,34301.0,2318.0,864047.274899319
06029,2014,167.93,36164.0,2297.0,871611.8742574016
06029,2015,175.72,36534.0,2200.0,878783.7097947329
06029,2016,181.01,36172.0,2256.0,883790.7657025701
06029,2017,188.18,36580.0,2640.0,890484.444284982
06029,2018,197.77,37566.0,2452.0,897264.7972370702
06029,2019,207.25,39301.0,2261.0,903024.8876473603
06029,2020,218.29,44612.0,2502.0,905960.0
06029,2021,251.51,46978.0,2293.0,912765.0
06029,2022,294.59,45289.0,2688.0,917074.0
06029,2023,308.66,47452.0,2451.0,917599.0
06029,2024,323.16,50641.0,3244.0,924648.0
06029,2025,329.63,,3159.0,927068.0
06031,1969,,3668.0,,
06031,1970,,3984.0,,
06031,1971,,4197.0,,
06031,1972,,4611.0,,
06031,1973,,5056.0,,
06031,1974,,6329.0,,
06031,1975,26.97,6315.0,,
06031,1976,34.99,7432.0,,
06031,1977,37.86,7333.0,,
06031,1978,45.37,7139.0,,
06031,1979,53.25,9304.0,,
06031,1980,56.76,11406.0,,
06031,1981,63.73,10868.0,,
06031,1982,63.44,11405.0,,
06031,1983,65.66,10590.0,,
06031,1984,68.14,12034.0,,
06031,1985,67.37,11811.0,,
06031,1986,68.82,11664.0,,
06031,1987,69.91,13127.0,,
06031,1988,71.51,13155.0,,
06031,1989,77.66,13834.0,,
06031,1990,83.3,13676.0,627.0,
06031,1991,89.15,14345.0,594.0,
06031,1992,93.14,15172.0,618.0,
06031,1993,95.44,15744.0,541.0,
06031,1994,95.49,15967.0,674.0,
06031,1995,98.24,15822.0,681.0,
06031,1996,97.76,16703.0,591.0,
06031,1997,98.32,16882.0,704.0,
06031,1998,98.64,16461.0,773.0,
06031,1999,99.7,16910.0,539.0,
06031,2000,100.0,17382.0,445.0,129835.0
06031,2001,107.76,18473.0,660.0,132881.0
06031,2002,114.1,20159.0,701.0,135369.0
06031,2003,123.74,22104.0,1017.0,139393.0
06031,2004,153.55,23201.0,867.0,143601.0
06031,2005,199.47,23663.0,1103.0,145147.0
06031,2006,224.8,23514.0,849.0,147712.0
06031,2007,218.1,26563.0,497.0,150420.0
06031,2008,190.14,25479.0,373.0,152027.0
06031,2009,155.62,24494.0,194.0,152278.0
06031,2010,146.84,26345.0,265.0,152342.0
06031,2011,133.59,29313.0,222.0,151791.0276497786
06031,2012,131.76,28635.0,272.0,150907.91345191628
06031,2013,136.29,29655.0,255.0,150272.7163643151
06031,2014,150.79,32830.0,434.0,149420.34795012182
06031,2015,157.88,32758.0,591.0,150019.4175202368
06031,2016,171.49,34192.0,605.0,149339.9724766196
06031,2017,182.53,35431.0,272.0,149624.95265894744
06031,2018,192.29,35083.0,352.0,151316.867450816
06031,2019,199.16,36435.0,409.0,152835.924962015
06031,2020,209.6,41497.0,306.0,152813.0
06031,2021,239.84,43931.0,508.0,152837.0
06031,2022,275.31,43286.0,436.0,152763.0
06031,2023,287.28,44338.0,747.0,153197.0
06031,2024,300.14,47718.0,726.0,154119.0
06031,2025,314.63,,507.0,154327.0
06033,1969,,3850.0,,
06033,1970,,4030.0,,
06033,1971,,4217.0,,
06033,1972,,4589.0,,
06033,1973,,5029.0,,
06033,1974,,5560.0,,
06033,1975,,6101.0,,
06033,1976,,6496.0,,
06033,1977,,6981.0,,
06033,1978,41.87,7696.0,,
06033,1979,46.58,8343.0,,
06033,1980,52.41,9512.0,,
06033,1981,57.29,10395.0,,
06033,1982,51.42,11203.0,,
06033,1983,55.58,11854.0,,
06033,1984,56.41,12553.0,,
06033,1985,58.51,12975.0,,
06033,1986,57.4,13876.0,,
06033,1987,59.17,14183.0,,
06033,1988,60.68,14886.0,,
06033,1989,67.4,16410.0,,
06033,1990,75.49,16772.0,532.0,
06033,1991,81.84,17532.0,483.0,
06033,1992,83.81,17876.0,399.0,
06033,1993,84.51,18088.0,270.0,
06033,1994,82.94,18440.0,194.0,
06033,1995,80.89,18799.0,171.0,
06033,1996,79.63,20060.0,103.0,
06033,1997,79.06,20738.0,97.0,
06033,1998,83.36,22001.0,99.0,
06033,1999,85.82,22905.0,182.0,
06033,2000,100.0,23781.0,132.0,58538.0
06033,2001,113.48,24795.0,102.0,60219.0
06033,2002,126.26,25736.0,313.0,61513.0
06033,2003,140.81,26168.0,528.0,62496.0
06033,2004,167.47,26568.0,632.0,63116.0
06033,2005,205.43,26722.0,514.0,63811.0
06033,2006,231.78,28083.0,568.0,64202.0
06033,2007,224.04,29238.0,405.0,64077.0
06033,2008,190.53,29594.0,150.0,64392.0
06033,2009,153.81,29672.0,57.0,64413.0
06033,2010,133.87,31079.0,46.0,64736.0
06033,2011,110.15,31435.0,43.0,64629.621895500866
06033,2012,107.14,31987.0,88.0,64705.866356488164
06033,2013,116.54,32606.0,48.0,64918.11031033359
06033,2014,128.04,34171.0,45.0,65537.81469315592
06033,2015,141.33,35763.0,71.0,66124.34080863537
06033,2016,157.7,36608.0,242.0,66129.72528730285
06033,2017,171.82,38160.0,159.0,66728.25241706603
06033,2018,185.86,38962.0,113.0,67373.26737077188
06033,2019,189.87,40193.0,88.0,67818.26720792816
06033,2020,197.27,43965.0,104.0,68208.0
06033,2021,222.59,46985.0,81.0,68698.0
06033,2022,242.52,45772.0,151.0,68271.0
06033,2023,243.46,48323.0,76.0,68026.0
06033,2024,242.94,52606.0,114.0,67880.0
06033,2025,240.11,,85.0,67772.0
06035,1969,,4056.0,,
06035,1970,,4254.0,,
06035,1971,,4595.0,,
06035,1972,,4709.0,,
06035,1973,,5277.0,,
06035,1974,,5289.0,,
06035,1975,,6111.0,,
06035,1976,,6927.0,,
06035,1977,,7185.0,,
06035,1978,,8126.0,,
06035,1979,53.0,8717.0,,
06035,1980,60.23,9226.0,,
06035,1981,,9451.0,,
06035,1982,,9972.0,,
06035,1983,59.95,10422.0,,
06035,1984,59.52,11135.0,,
06035,1985,54.43,11731.0,,
06035,1986,59.52,12263.0,,
06035,1987,58.12,12053.0,,
06035,1988,63.99,12569.0,,
06035,1989,66.37,13128.0,,
06035,1990,74.7,13671.0,176.0,
06035,1991,78.85,14759.0,138.0,
06035,1992,82.89,15756.0,91.0,
06035,1993,85.73,16050.0,46.0,
06035,1994,87.82,17311.0,85.0,
06035,1995,96.99,17823.0,172.0,
06035,1996,100.69,17041.0,76.0,
06035,1997,99.47,16310.0,80.0,
06035,1998,101.56,17090.0,91.0,
06035,1999,100.53,17985.0,138.0,
06035,2000,100.0,18596.0,106.0,33719.0
06035,2001,104.13,19113.0,131.0,33548.0
06035,2002,111.52,20169.0,124.0,33430.0
06035,2003,120.27,21156.0,140.0,33930.0
06035,2004,138.99,21687.0,160.0,34458.0
06035,2005,176.73,22292.0,156.0,34488.0
06035,2006,199.05,23805.0,132.0,34605.0
06035,2007,198.9,24905.0,59.0,35615.0
06035,2008,183.89,26750.0,47.0,35221.0
06035,2009,171.42,26202.0,18.0,35160.0
06035,2010,139.31,27583.0,13.0,34828.0
06035,2011,124.13,28253.0,21.0,34501.09226745736
06035,2012,109.72,28144.0,12.0,34144.655423773984
06035,2013,114.17,28552.0,7.0,32877.14669509595
06035,2014,120.41,29550.0,6.0,32648.436460554367
06035,2015,129.68,31161.0,7.0,32470.68963219616
06035,2016,141.33,32402.0,13.0,32147.39795442431
06035,2017,150.88,32249.0,12.0,32601.23010727612
06035,2018,159.14,32730.0,7.0,32564.319669509598
06035,2019,165.81,32815.0,12.0,32841.12792510661
06035,2020,171.08,38004.0,21.0,32349.0
06035,2021,184.03,40835.0,11.0,31943.0
06035,2022,199.03,41082.0,14.0,30269.0
06035,2023,201.16,43760.0,17.0,28694.0
06035,2024,198.74,48818.0,6.0,28593.0
06035,2025,213.0,,17.0,28117.0
06037,1969,,4819.0,,
06037,1970,,5059.0,,
06037,1971,,5226.0,,
06037,1972,,5684.0,,
06037,1973,,6130.0,,
06037,1974,,6693.0,,
06037,1975,16.92,7282.0,,
06037,1976,20.46,7904.0,,
06037,1977,25.16,8649.0,,
06037,1978,30.2,9653.0,,
06037,1979,35.67,10771.0,,
06037,1980,41.87,11918.0,,
06037,1981,45.25,13200.0,,
06037,1982,39.99,13770.0,,
06037,1983,47.5,14487.0,,
06037,1984,49.0,15692.0,,
06037,1985,51.75,16613.0,,
06037,1986,55.43,17298.0,,
06037,1987,61.53,18245.0,,
06037,1988,74.92,19322.0,,
06037,1989,93.81,20123.0,,
06037,1990,98.39,21507.0,25125.0,
06037,1991,96.45,21622.0,15914.0,
06037,1992,94.37,22275.0,11965.0,
06037,1993,87.51,22305.0,7432.0,
06037,1994,82.36,22828.0,7754.0,
06037,1995,78.63,23729.0,7763.0,
06037,1996,77.9,24842.0,7731.0,
06037,1997,78.96,25688.0,9829.0,
06037,1998,86.7,27637.0,11226.0,
06037,1999,91.84,28636.0,14060.0,
06037,2000,100.0,29938.0,16968.0,9538191.0
06037,2001,109.68,30783.0,18294.0,9626034.0
06037,2002,123.51,31342.0,16454.0,9705913.0
06037,2003,138.7,32655.0,20903.0,9767145.0
06037,2004,172.86,34494.0,26529.0,9793263.0
06037,2005,219.56,36606.0,23498.0,9786373.0
06037,2006,255.47,39784.0,25202.0,9737955.0
06037,2007,253.95,41765.0,19244.0,9700359.0
06037,2008,208.21,42732.0,11810.0,9735147.0
06037,2009,175.88,41229.0,5138.0,9787400.0
06037,2010,174.34,42794.0,7260.0,9821647.0
06037,2011,166.08,45437.0,9895.0,9879009.11248726
06037,2012,165.27,48072.0,11365.0,9942074.269382562
06037,2013,180.44,47537.0,14776.0,10003299.407395158
06037,2014,204.48,50047.0,17659.0,10055029.03965127
06037,2015,216.0,53061.0,23263.0,10104355.844035521
06037,2016,232.36,54742.0,20591.0,10127433.200671706
06037,2017,248.31,56627.0,21574.0,10130351.824324459
06037,2018,264.98,58994.0,22009.0,10104813.885982988
06037,2019,274.27,62591.0,21565.0,10060051.36455038
06037,2020,281.78,67889.0,20903.0,9996510.0
06037,2021,314.32,73575.0,23284.0,9810478.0
06037,2022,362.89,74714.0,26572.0,9748524.0
06037,2023,374.44,78745.0,24286.0,9732568.0
06037,2024,396.98,83888.0,19809.0,9748868.0
06037,2025,403.74,,22250.0,9694934.0
06039,1969,,3469.0,,
06039,1970,,3776.0,,
06039,1971,,4044.0,,
06039,1972,,4705.0,,
06039,1973,,5682.0,,
06039,1974,,6263.0,,
06039,1975,28.63,6344.0,,
06039,1976,32.28,7072.0,,
06039,1977,39.05,7667.0,,
06039,1978,44.89,7963.0,,
06039,1979,51.7,9968.0,,
06039,1980,55.88,10623.0,,
06039,1981,62.06,9911.0,,
06039,1982,61.86,9930.0,,
06039,1983,58.88,9786.0,,
06039,1984,58.33,10683.0,,
06039,1985,60.17,11054.0,,
06039,1986,61.64,11980.0,,
06039,1987,61.47,13246.0,,
06039,1988,65.41,13859.0,,
06039,1989,71.21,14398.0,,
06039,1990,80.65,14928.0,1558.0,
06039,1991,88.27,14948.0,1130.0,
06039,1992,91.67,16096.0,1043.0,
06039,1993,92.82,15990.0,799.0,
06039,1994,92.29,15814.0,686.0,
06039,1995,93.49,15800.0,860.0,
06039,1996,93.13,16651.0,620.0,
06039,1997,92.35,17334.0,502.0,
06039,1998,95.21,17651.0,634.0,
06039,1999,96.39,18294.0,607.0,
06039,2000,100.0,18876.0,648.0,123587.0
06039,2001,107.84,20100.0,789.0,125581.0
06039,2002,122.02,21264.0,981.0,128369.0
06039,2003,139.42,22035.0,1227.0,132738.0
06039,2004,175.36,23665.0,1676.0,137106.0
06039,2005,224.88,24126.0,2268.0,140313.0
06039,2006,259.19,24905.0,1376.0,143622.0
06039,2007,245.91,26800.0,509.0,146067.0
06039,2008,191.42,26478.0,240.0,148359.0
06039,2009,146.02,25595.0,120.0,149234.0
06039,2010,127.39,28122.0,192.0,151006.0
06039,2011,119.98,29346.0,291.0,151553.75715481013
06039,2012,116.95,30915.0,157.0,151257.7998364615
06039,2013,130.38,32088.0,219.0,150902.28378686748
06039,2014,151.41,33822.0,214.0,152826.24194192482
06039,2015,159.05,34349.0,211.0,152784.15874645824
06039,2016,170.78,35964.0,300.0,152896.11341206002
06039,2017,183.04,36908.0,415.0,154139.74388156767
06039,2018,197.9,37455.0,503.0,155290.6075455911
06039,2019,208.33,39073.0,644.0,155496.6297278795
06039,2020,217.93,44088.0,852.0,156396.0
06039,2021,251.48,47950.0,1066.0,159012.0
06039,2022,296.61,45952.0,966.0,160377.0
06039,2023,303.01,47071.0,1109.0,163632.0
06039,2024,322.16,51225.0,1343.0,166132.0
06039,2025,326.06,,1247.0,167927.0
06041,1969,,6061.0,,
06041,1970,,6338.0,,
06041,1971,,6868.0,,
06041,1972,,7613.0,,
06041,1973,,8011.0,,
06041,1974,,8929.0,,
06041,1975,11.78,9721.0,,
06041,1976,13.44,10632.0,,
06041,1977,16.26,11595.0,,
06041,1978,19.23,13239.0,,
06041,1979,25.08,15125.0,,
06041,1980,28.69,17686.0,,
06041,1981,32.11,19895.0,,
06041,1982,25.96,21501.0,,
06041,1983,31.22,23355.0,,
06041,1984,31.32,25385.0,,
06041,1985,32.99,27043.0,,
06041,1986,34.91,28229.0,,
06041,1987,38.57,29114.0,,
06041,1988,47.16,31838.0,,
06041,1989,59.66,33130.0,,
06041,1990,63.47,34541.0,811.0,
06041,1991,63.58,36027.0,431.0,
06041,1992,63.97,38320.0,302.0,
06041,1993,63.32,40047.0,311.0,
06041,1994,63.32,42261.0,357.0,
06041,1995,63.91,45244.0,551.0,
06041,1996,64.21,48702.0,742.0,
06041,1997,67.44,51769.0,620.0,
06041,1998,73.42,57579.0,721.0,
06041,1999,80.05,61831.0,818.0,
06041,2000,100.0,68518.0,593.0,247520.0
06041,2001,110.88,73417.0,375.0,247866.0
06041,2002,117.4,70831.0,433.0,246225.0
06041,2003,122.57,71504.0,701.0,245054.0
06041,2004,133.11,76517.0,1039.0,243769.0
06041,2005,160.23,80034.0,781.0,244206.0
06041,2006,168.83,86274.0,582.0,244580.0
06041,2007,165.57,88333.0,430.0,246248.0
06041,2008,156.41,89322.0,332.0,248398.0
06041,2009,140.45,81770.0,230.0,250862.0
06041,2010,133.96,83245.0,186.0,252906.0
06041,2011,127.67,89199.0,181.0,255777.46199462173
06041,2012,130.11,94979.0,236.0,256884.12467551648
06041,2013,140.59,95459.0,518.0,259647.6779937979
06041,2014,158.99,102019.0,390.0,262024.11826745217
06041,2015,169.52,109260.0,390.0,263004.841228452
06041,2016,184.79,113208.0,112.0,263156.6562650584
06041,2017,189.35,119039.0,94.0,262807.2941278193
06041,2018,199.77,128066.0,164.0,263329.3518722895
06041,2019,200.12,136592.0,240.0,262714.05461621564
06041,2020,195.9,145431.0,155.0,261337.0
06041,2021,209.13,165660.0,265.0,259349.0
06041,2022,235.32,168508.0,302.0,257038.0
06041,2023,242.51,180661.0,304.0,255443.0
06041,2024,247.8,190891.0,158.0,255704.0
06041,2025,245.74,,149.0,253694.0
06043,1969,,4381.0,,
06043,1970,,4729.0,,
06043,1971,,4813.0,,
06043,1972,,5203.0,,
06043,1973,,5309.0,,
06043,1974,,5901.0,,
06043,1975,,6651.0,,
06043,1976,,6898.0,,
06043,1977,,7184.0,,
06043,1978,,8204.0,,
06043,1979,49.53,8286.0,,
06043,1980,53.46,9429.0,,
06043,1981,,9888.0,,
06043,1982,57.44,10303.0,,
06043,1983,59.02,11950.0,,
06043,1984,57.52,12416.0,,
06043,1985,60.19,13210.0,,
06043,1986,62.25,13925.0,,
06043,1987,61.7,13927.0,,
06043,1988,68.32,14959.0,,
06043,1989,74.41,16008.0,,
06043,1990,82.43,17151.0,173.0,
06043,1991,90.58,17079.0,140.0,
06043,1992,93.63,17645.0,126.0,
06043,1993,93.46,17795.0,111.0,
06043,1994,89.99,17921.0,84.0,
06043,1995,90.22,18372.0,110.0,
06043,1996,90.46,18958.0,124.0,
06043,1997,93.35,19689.0,60.0,
06043,1998,95.17,20699.0,71.0,
06043,1999,91.52,21735.0,74.0,
06043,2000,100.0,22422.0,87.0,17101.0
06043,2001,107.11,24168.0,95.0,17099.0
06043,2002,118.19,24926.0,191.0,17243.0
06043,2003,130.43,25649.0,151.0,17707.0
06043,2004,165.22,28313.0,178.0,17844.0
06043,2005,202.45,29557.0,217.0,17972.0
06043,2006,230.81,31371.0,139.0,18219.0
06043,2007,231.2,33037.0,102.0,18366.0
06043,2008,208.99,34105.0,54.0,18412.0
06043,2009,169.37,34556.0,26.0,18212.0
06043,2010,149.05,36244.0,45.0,18302.0
06043,2011,132.45,36741.0,28.0,18195.818356643358
06043,2012,127.69,37669.0,28.0,17905.737062937063
06043,2013,134.03,38323.0,24.0,17830.643356643355
06043,2014,153.94,40816.0,24.0,17732.590909090908
06043,2015,162.25,43709.0,26.0,17637.569055944055
06043,2016,170.09,46928.0,34.0,17479.645454545454
06043,2017,182.88,49114.0,45.0,17439.631643356643
06043,2018,194.41,51060.0,36.0,17336.718881118883
06043,2019,200.07,53858.0,35.0,17090.067657342657
06043,2020,203.63,57206.0,39.0,17130.0
06043,2021,233.82,60501.0,85.0,17142.0
06043,2022,270.57,61280.0,42.0,17066.0
06043,2023,256.43,65784.0,174.0,16934.0
06043,2024,253.16,70855.0,89.0,16948.0
06043,2025,278.23,,22.0,16918.0
06045,1969,,3731.0,,
06045,1970,,3923.0,,
06045,1971,,4063.0,,
06045,1972,,4669.0,,
06045,1973,,5077.0,,
06045,1974,,5495.0,,
06045,1975,16.03,5987.0,,
06045,1976,20.03,6747.0,,
06045,1977,26.09,7350.0,,
06045,1978,31.29,8309.0,,
06045,1979,36.93,9099.0,,
06045,1980,40.95,9764.0,,
06045,1981,41.9,10376.0,,
06045,1982,35.23,10587.0,,
06045,1983,42.42,11344.0,,
06045,1984,42.67,12213.0,,
06045,1985,45.87,12740.0,,
06045,1986,46.54,13482.0,,
06045,1987,48.11,14121.0,,
06045,1988,51.45,14916.0,,
06045,1989,61.54,16241.0,,
06045,1990,73.23,16502.0,562.0,
06045,1991,78.62,16770.0,486.0,
06045,1992,79.73,17543.0,372.0,
06045,1993,78.59,18291.0,339.0,
06045,1994,79.31,19113.0,286.0,
06045,1995,79.81,19617.0,276.0,
06045,1996,79.45,21098.0,225.0,
06045,1997,81.32,22169.0,265.0,
06045,1998,83.26,23024.0,276.0,
06045,1999,88.23,24001.0,266.0,
06045,2000,100.0,25157.0,284.0,86407.0
06045,2001,114.41,27821.0,325.0,86841.0
06045,2002,127.02,28273.0,364.0,87364.0
06045,2003,139.55,28769.0,399.0,88140.0
06045,2004,165.98,29613.0,378.0,88030.0
06045,2005,204.35,29830.0,300.0,87981.0
06045,2006,221.17,31822.0,292.0,87345.0
06045,2007,219.65,33603.0,232.0,87071.0
06045,2008,197.21,34438.0,145.0,87468.0
06045,2009,168.75,34822.0,114.0,87722.0
06045,2010,149.21,37856.0,157.0,87796.0
06045,2011,133.1,37650.0,106.0,87871.52658579379
06045,2012,130.1,37248.0,72.0,88365.53713296381
06045,2013,136.39,37861.0,111.0,88674.69582040646
06045,2014,149.98,40051.0,109.0,89390.94389560893
06045,2015,160.53,41674.0,107.0,89807.36674568038
06045,2016,174.52,42473.0,163.0,90537.56975633561
06045,2017,186.6,43727.0,192.0,91460.95224317633
06045,2018,197.36,45234.0,140.0,91851.7300449681
06045,2019,200.84,47010.0,132.0,91738.45746156796
06045,2020,207.74,52343.0,139.0,91348.0
06045,2021,232.66,56503.0,187.0,91266.0
06045,2022,251.52,55500.0,181.0,90033.0
06045,2023,243.16,57889.0,17.0,89341.0
06045,2024,253.26,62438.0,9.0,88939.0
06045,2025,255.0,,3.0,88122.0
06047,1969,,3851.0,,
06047,1970,,4131.0,,
06047,1971,,4260.0,,
06047,1972,,4681.0,,
06047,1973,,5355.0,,
06047,1974,,5815.0,,
06047,1975,22.75,6450.0,,
06047,1976,27.15,6953.0,,
06047,1977,31.01,7619.0,,
06047,1978,37.37,7920.0,,
06047,1979,41.64,8881.0,,
06047,1980,48.14,9823.0,,
06047,1981,51.92,9760.0,,
06047,1982,52.07,10239.0,,
06047,1983,54.3,10359.0,,
06047,1984,54.0,11712.0,,
06047,1985,55.53,12258.0,,
06047,1986,58.12,12956.0,,
06047,1987,59.24,13996.0,,
06047,1988,62.95,14274.0,,
06047,1989,71.4,15080.0,,
06047,1990,83.28,15483.0,1178.0,
06047,1991,86.82,15654.0,989.0,
06047,1992,86.1,16400.0,1455.0,
06047,1993,83.96,16594.0,1118.0,
06047,1994,83.06,16590.0,1066.0,
06047,1995,80.71,16223.0,782.0,
06047,1996,81.39,17861.0,875.0,
06047,1997,82.48,18063.0,1081.0,
06047,1998,85.02,18737.0,994.0,
06047,1999,87.26,19307.0,1001.0,
06047,2000,100.0,19851.0,1380.0,212258.0
06047,2001,117.48,20813.0,1092.0,218816.0
06047,2002,129.74,21532.0,1753.0,225351.0
06047,2003,144.08,22910.0,2742.0,231735.0
06047,2004,174.18,24467.0,2598.0,237180.0
06047,2005,231.43,24839.0,3665.0,242554.0
06047,2006,255.29,25255.0,2216.0,245338.0
06047,2007,221.56,27971.0,794.0,248540.0
06047,2008,132.05,26809.0,349.0,250538.0
06047,2009,95.65,26855.0,99.0,252302.0
06047,2010,95.43,27985.0,106.0,256709.0
06047,2011,91.18,29816.0,157.0,259587.2049571713
06047,2012,94.57,30245.0,137.0,261456.39402976522
06047,2013,110.03,31488.0,154.0,262912.94304499164
06047,2014,135.05,34236.0,169.0,265619.8692120379
06047,2015,145.45,35164.0,232.0,267868.9276191397
06047,2016,158.19,35623.0,720.0,269462.79556099867
06047,2017,173.09,36405.0,550.0,273310.2551018435
06047,2018,188.18,36823.0,630.0,276589.80122326786
06047,2019,197.7,38423.0,948.0,280367.5977246358
06047,2020,204.41,44023.0,1019.0,282895.0
06047,2021,239.54,47939.0,1017.0,287854.0
06047,2022,278.36,46377.0,730.0,291781.0
06047,2023,277.94,46796.0,406.0,294319.0
06047,2024,295.45,51481.0,520.0,296807.0
06047,2025,297.79,,780.0,297260.0
06049,1969,,4388.0,,
06049,1970,,4480.0,,
06049,1971,,4875.0,,
06049,1972,,4824.0,,
06049,1973,,6561.0,,
06049,1974,,6689.0,,
06049,1975,,6986.0,,
06049,1976,,7606.0,,
06049,1977,,6891.0,,
06049,1978,,8433.0,,
06049,1979,,9731.0,,
06049,1980,,12650.0,,
06049,1981,,10954.0,,
06049,1982,,11416.0,,
06049,1983,,11968.0,,
06049,1984,,12790.0,,
06049,1985,,11879.0,,
06049,1986,,12115.0,,
06049,1987,,13185.0,,
06049,1988,,14361.0,,
06049,1989,,14914.0,,
06049,1990,,15596.0,8.0,
06049,1991,,16111.0,17.0,
06049,1992,,16795.0,16.0,
06049,1993,81.03,18477.0,11.0,
06049,1994,80.06,18454.0,11.0,
06049,1995,80.61,18649.0,0.0,
06049,1996,84.87,18718.0,0.0,
06049,1997,82.49,19455.0,11.0,
06049,1998,93.46,20438.0,12.0,
06049,1999,88.78,22008.0,0.0,
06049,2000,100.0,20767.0,0.0,9406.0
06049,2001,102.05,22526.0,0.0,9350.0
06049,2002,102.86,25027.0,16.0,9362.0
06049,2003,117.93,25253.0,17.0,9501.0
06049,2004,140.75,25755.0,14.0,9605.0
06049,2005,172.32,27383.0,24.0,9565.0
06049,2006,212.62,27930.0,22.0,9617.0
06049,2007,210.17,30145.0,18.0,9525.0
06049,2008,192.34,33033.0,9.0,9551.0
06049,2009,180.9,34678.0,14.0,9646.0
06049,2010,168.08,35088.0,16.0,9698.0
06049,2011,150.56,36351.0,11.0,9503.881068127354
06049,2012,130.8,36296.0,4.0,9340.059294762068
06049,2013,142.58,37622.0,8.0,9127.675590551182
06049,2014,142.63,40660.0,8.0,9043.192194453954
06049,2015,152.91,42423.0,9.0,9020.557343375556
06049,2016,151.12,43102.0,6.0,8905.484217733652
06049,2017,170.36,43265.0,5.0,8804.522286888052
06049,2018,160.72,43706.0,6.0,8748.393563847998
06049,2019,182.59,46475.0,6.0,8789.511400205409
06049,2020,174.57,54211.0,7.0,8679.0
06049,2021,208.93,56011.0,6.0,8621.0
06049,2022,244.83,59345.0,5.0,8602.0
06049,2023,254.3,60680.0,12.0,8542.0
06049,2024,264.66,68353.0,5.0,8535.0
06049,2025,269.36,,9.0,8426.0
06051,1969,,4118.0,,
06051,1970,,4428.0,,
06051,1971,,4795.0,,
06051,1972,,5467.0,,
06051,1973,,5230.0,,
06051,1974,,5666.0,,
06051,1975,,6419.0,,
06051,1976,,6993.0,,
06051,1977,,6827.0,,
06051,1978,,9325.0,,
06051,1979,,9582.0,,
06051,1980,,11274.0,,
06051,1981,,12267.0,,
06051,1982,,13180.0,,
06051,1983,,13388.0,,
06051,1984,,14517.0,,
06051,1985,,15293.0,,
06051,1986,40.85,16100.0,,
06051,1987,42.28,16483.0,,
06051,1988,47.84,18272.0,,
06051,1989,56.43,19135.0,,
06051,1990,64.23,18177.0,77.0,
06051,1991,65.06,18242.0,78.0,
06051,1992,63.78,19333.0,82.0,
06051,1993,63.76,19704.0,74.0,
06051,1994,63.41,19558.0,97.0,
06051,1995,63.84,19832.0,67.0,
06051,1996,61.85,20701.0,87.0,
06051,1997,65.16,21787.0,96.0,
06051,1998,71.35,23577.0,105.0,
06051,1999,82.07,24809.0,207.0,
06051,2000,100.0,26501.0,237.0,12921.0
06051,2001,108.96,29786.0,286.0,13224.0
06051,2002,124.91,30996.0,83.0,13404.0
06051,2003,138.51,34274.0,307.0,13352.0
06051,2004,168.38,35830.0,221.0,13360.0
06051,2005,195.24,38459.0,539.0,13474.0
06051,2006,226.51,37171.0,150.0,13743.0
06051,2007,226.29,37698.0,84.0,13678.0
06051,2008,207.67,39089.0,26.0,13862.0
06051,2009,179.1,38355.0,19.0,14008.0
06051,2010,160.33,40528.0,22.0,14256.0
06051,2011,149.76,41156.0,15.0,14293.792981973304
06051,2012,142.0,40317.0,19.0,14069.319168845466
06051,2013,146.56,41169.0,20.0,13683.128223475987
06051,2014,156.68,42699.0,29.0,13619.78780789872
06051,2015,169.21,44095.0,40.0,13438.7623503509
06051,2016,172.75,45321.0,39.0,13483.857217558829
06051,2017,182.33,51071.0,51.0,13427.301142149443
06051,2018,194.11,49820.0,71.0,13360.07706068529
06051,2019,200.4,54933.0,69.0,13276.024494289253
06051,2020,210.17,60540.0,85.0,13222.0
06051,2021,237.41,63543.0,81.0,13258.0
06051,2022,278.0,66439.0,165.0,12982.0
06051,2023,283.82,69431.0,38.0,13082.0
06051,2024,292.76,75036.0,125.0,12692.0
06051,2025,314.43,,43.0,12505.0
06053,1969,,4937.0,,
06053,1970,,5496.0,,
06053,1971,,6083.0,,
06053,1972,,6467.0,,
06053,1973,,7208.0,,
06053,1974,,7779.0,,
06053,1975,13.74,8077.0,,
06053,1976,15.96,8300.0,,
06053,1977,19.77,8955.0,,
06053,1978,24.84,10206.0,,
06053,1979,28.11,10884.0,,
06053,1980,29.71,11982.0,,
06053,1981,33.08,13445.0,,
06053,1982,30.84,13940.0,,
06053,1983,36.05,15173.0,,
06053,1984,37.73,15884.0,,
06053,1985,40.17,16469.0,,
06053,1986,43.37,17394.0,,
06053,1987,46.54,18232.0,,
06053,1988,52.65,19048.0,,
06053,1989,62.45,19889.0,,
06053,1990,67.59,20674.0,1183.0,
06053,1991,69.08,20749.0,931.0,
06053,1992,68.76,22086.0,736.0,
06053,1993,67.51,22514.0,869.0,
06053,1994,67.31,23761.0,1478.0,
06053,1995,67.96,25075.0,1326.0,
06053,1996,67.66,25516.0,1502.0,
06053,1997,69.22,26277.0,1685.0,
06053,1998,73.36,27784.0,1189.0,
06053,1999,80.14,29067.0,2058.0,
06053,2000,100.0,31468.0,1714.0,402990.0
06053,2001,117.56,31627.0,1056.0,407082.0
06053,2002,126.02,31852.0,1222.0,408977.0
06053,2003,136.57,33333.0,1355.0,409725.0
06053,2004,165.64,34337.0,1198.0,408731.0
06053,2005,214.8,35856.0,1430.0,405139.0
06053,2006,231.34,39070.0,865.0,401831.0
06053,2007,210.97,40621.0,1107.0,402376.0
06053,2008,148.6,40435.0,456.0,406022.0
06053,2009,119.74,40094.0,194.0,410263.0
06053,2010,114.08,41004.0,279.0,416358.0
06053,2011,105.26,41450.0,156.0,421314.27903371037
06053,2012,104.93,42871.0,246.0,426109.65824286506
06053,2013,115.55,44354.0,436.0,429007.4426494409
06053,2014,137.03,46375.0,361.0,431793.80488552025
06053,2015,147.22,49760.0,587.0,434963.40155625594
06053,2016,161.81,50849.0,627.0,439221.9731802296
06053,2017,173.07,51873.0,776.0,440559.01767601294
06053,2018,183.28,52360.0,732.0,441072.26040110836
06053,2019,192.18,55690.0,480.0,442057.8384473644
06053,2020,198.34,60857.0,753.0,440493.0
06053,2021,225.1,64947.0,882.0,439062.0
06053,2022,258.3,65611.0,1086.0,435884.0
06053,2023,266.85,69644.0,617.0,434107.0
06053,2024,281.66,74175.0,677.0,433447.0
06053,2025,285.39,,775.0,433729.0
06055,1969,,4662.0,,
06055,1970,,4795.0,,
06055,1971,,5097.0,,
06055,1972,,5387.0,,
06055,1973,,5797.0,,
06055,1974,,6377.0,,
06055,1975,14.31,7207.0,,
06055,1976,16.6,7846.0,,
06055,1977,19.02,8571.0,,
06055,1978,23.21,9780.0,,
06055,1979,26.54,10687.0,,
06055,1980,31.13,11744.0,,
06055,1981,34.65,13301.0,,
06055,1982,33.04,14097.0,,
06055,1983,36.68,14965.0,,
06055,1984,37.58,16247.0,,
06055,1985,39.44,17347.0,,
06055,1986,41.79,18410.0,,
06055,1987,44.76,19031.0,,
06055,1988,50.85,20559.0,,
06055,1989,60.74,22207.0,,
06055,1990,69.26,23079.0,707.0,
06055,1991,72.41,24227.0,756.0,
06055,1992,72.4,24842.0,417.0,
06055,1993,71.13,25702.0,415.0,
06055,1994,70.82,26584.0,394.0,
06055,1995,68.69,27590.0,316.0,
06055,1996,67.99,29257.0,232.0,
06055,1997,69.07,30628.0,370.0,
06055,1998,74.39,32453.0,490.0,
06055,1999,81.19,35000.0,713.0,
06055,2000,100.0,38046.0,542.0,124565.0
06055,2001,115.22,40891.0,911.0,126818.0
06055,2002,128.3,40968.0,1003.0,128744.0
06055,2003,142.47,41027.0,607.0,130138.0
06055,2004,166.05,41480.0,917.0,130387.0
06055,2005,203.0,43781.0,687.0,130381.0
06055,2006,214.87,45918.0,507.0,131440.0
06055,2007,206.53,47390.0,330.0,132583.0
06055,2008,172.8,47212.0,230.0,134093.0
06055,2009,144.69,46041.0,131.0,135280.0
06055,2010,133.7,46721.0,110.0,136752.0
06055,2011,124.5,48200.0,154.0,137821.49883278785
06055,2012,125.7,52826.0,112.0,138812.86193358587
06055,2013,142.7,54307.0,215.0,139988.69808847865
06055,2014,166.95,58255.0,147.0,140956.87223476628
06055,2015,177.36,62802.0,172.0,141550.76540286103
06055,2016,195.72,66433.0,212.0,141719.79876291694
06055,2017,206.56,68093.0,183.0,140909.27247159195
06055,2018,218.69,69039.0,269.0,139856.48244768873
06055,2019,224.27,73298.0,749.0,139059.58984444526
06055,2020,227.3,83021.0,770.0,137481.0
06055,2021,252.04,87446.0,1204.0,136266.0
06055,2022,277.93,89224.0,1100.0,134499.0
06055,2023,281.44,96148.0,331.0,133628.0
06055,2024,292.15,103017.0,439.0,133115.0
06055,2025,289.17,,364.0,132949.0
06057,1969,,3839.0,,
06057,1970,,4083.0,,
06057,1971,,4483.0,,
06057,1972,,4892.0,,
06057,1973,,5190.0,,
06057,1974,,5723.0,,
06057,1975,,6447.0,,
06057,1976,21.07,7111.0,,
06057,1977,24.18,7674.0,,
06057,1978,28.45,8315.0,,
06057,1979,35.05,8882.0,,
06057,1980,40.62,9694.0,,
06057,1981,46.25,10295.0,,
06057,1982,47.08,10488.0,,
06057,1983,44.08,11371.0,,
06057,1984,45.71,12788.0,,
06057,1985,45.15,13447.0,,
06057,1986,46.01,14340.0,,
06057,1987,48.15,14850.0,,
06057,1988,52.91,16166.0,,
06057,1989,63.06,17501.0,,
06057,1990,72.46,18264.0,1145.0,
06057,1991,77.38,18778.0,963.0,
06057,1992,77.07,19542.0,824.0,
06057,1993,75.63,20074.0,516.0,
06057,1994,74.47,20887.0,737.0,
06057,1995,74.05,21642.0,717.0,
06057,1996,75.33,22614.0,600.0,
06057,1997,76.78,24182.0,645.0,
06057,1998,79.6,26361.0,668.0,
06057,1999,85.07,27871.0,817.0,
06057,2000,100.0,31091.0,831.0,92520.0
06057,2001,113.79,33774.0,760.0,93715.0
06057,2002,124.51,33898.0,912.0,94647.0
06057,2003,133.66,35122.0,912.0,95606.0
06057,2004,154.73,37838.0,954.0,96512.0
06057,2005,190.33,39031.0,822.0,97250.0
06057,2006,204.64,42079.0,637.0,97549.0
06057,2007,196.26,44042.0,449.0,97794.0
06057,2008,174.04,43798.0,199.0,98200.0
06057,2009,149.78,43670.0,103.0,98591.0
06057,2010,130.06,45649.0,142.0,98795.0
06057,2011,117.12,47203.0,91.0,98981.01072626148
06057,2012,113.57,48683.0,92.0,98692.06304841074
06057,2013,124.22,49171.0,174.0,98758.01604120234
06057,2014,140.02,51351.0,290.0,99663.85095275386
06057,2015,146.32,53107.0,216.0,100041.05363130735
06057,2016,158.28,55352.0,252.0,100532.65632190832
06057,2017,171.57,55976.0,419.0,101289.32347248157
06057,2018,180.08,57305.0,541.0,101608.32213320483
06057,2019,185.42,60440.0,502.0,102055.61477019456
06057,2020,189.91,65075.0,440.0,102280.0
06057,2021,217.14,70627.0,443.0,103496.0
06057,2022,237.7,71651.0,367.0,102377.0
06057,2023,233.37,76225.0,253.0,102060.0
06057,2024,238.45,80346.0,215.0,102146.0
06057,2025,240.52,,198.0,101911.0
06059,1969,,4821.0,,
06059,1970,,5074.0,,
06059,1971,,5282.0,,
06059,1972,,5775.0,,
06059,1973,,6234.0,,
06059,1974,,6787.0,,
06059,1975,17.53,7396.0,,
06059,1976,20.93,8199.0,,
06059,1977,26.47,9208.0,,
06059,1978,30.53,10488.0,,
06059,1979,34.6,11850.0,,
06059,1980,40.45,13279.0,,
06059,1981,45.56,14704.0,,
06059,1982,42.02,15291.0,,
06059,1983,47.34,16161.0,,
06059,1984,48.08,17829.0,,
06059,1985,49.57,18989.0,,
06059,1986,52.33,19954.0,,
06059,1987,57.03,21083.0,,
06059,1988,68.34,22620.0,,
06059,1989,85.37,23836.0,,
06059,1990,87.47,24910.0,11983.0,
06059,1991,85.46,25423.0,6555.0,
06059,1992,84.21,26400.0,5821.0,
06059,1993,79.13,26579.0,6344.0,
06059,1994,75.76,27080.0,12640.0,
06059,1995,73.18,28166.0,8193.0,
06059,1996,72.83,29778.0,10173.0,
06059,1997,74.67,31354.0,12261.0,
06059,1998,82.62,33279.0,9704.0,
06059,1999,88.84,35030.0,12239.0,
06059,2000,100.0,37918.0,12520.0,2854513.0
06059,2001,110.34,39097.0,8611.0,2885457.0
06059,2002,124.95,39681.0,11796.0,2908245.0
06059,2003,139.56,41653.0,9248.0,2929376.0
06059,2004,172.82,43948.0,9256.0,2941711.0
06059,2005,215.95,46849.0,7143.0,2940055.0
06059,2006,242.74,50360.0,8303.0,2932261.0
06059,2007,232.7,50670.0,7372.0,2931629.0
06059,2008,190.62,49571.0,3235.0,2957593.0
06059,2009,170.3,46192.0,2143.0,2987177.0
06059,2010,171.25,48645.0,3134.0,3016376.0
06059,2011,163.53,51263.0,4352.0,3052058.8674550196
06059,2012,163.73,54318.0,6082.0,3082464.504235588
06059,2013,179.44,53541.0,10422.0,3110942.326824356
06059,2014,201.82,55457.0,9291.0,3134148.6249183337
06059,2015,209.49,59238.0,10771.0,3158552.411878402
06059,2016,223.05,61184.0,11523.0,3175853.5610262793
06059,2017,234.64,63510.0,9510.0,3187707.166905863
06059,2018,246.75,66056.0,7515.0,3191069.54611307
06059,2019,252.52,69616.0,8989.0,3188251.9181750235
06059,2020,257.98,75080.0,6027.0,3186167.0
06059,2021,283.57,81861.0,7867.0,3160780.0
06059,2022,330.03,84577.0,5938.0,3156252.0
06059,2023,353.95,89480.0,6481.0,3149341.0
06059,2024,383.22,94034.0,6972.0,3158027.0
06059,2025,395.98,,4992.0,3149507.0
06061,1969,,4254.0,,
06061,1970,,4583.0,,
06061,1971,,4915.0,,
06061,1972,,5352.0,,
06061,1973,,5908.0,,
06061,1974,,6590.0,,
06061,1975,19.5,7322.0,,
06061,1976,21.58,8061.0,,
06061,1977,25.11,8767.0,,
06061,1978,30.74,9590.0,,
06061,1979,35.96,10631.0,,
06061,1980,41.11,11709.0,,
06061,1981,45.79,12712.0,,
06061,1982,43.14,13338.0,,
06061,1983,45.71,14527.0,,
06061,1984,46.11,15933.0,,
06061,1985,48.17,17106.0,,
06061,1986,50.31,18176.0,,
06061,1987,52.93,19096.0,,
06061,1988,58.51,20525.0,,
06061,1989,68.67,21755.0,,
06061,1990,81.48,22147.0,2888.0,
06061,1991,85.2,23205.0,2276.0,
06061,1992,83.41,24156.0,1614.0,
06061,1993,80.08,24794.0,2107.0,
06061,1994,78.07,26204.0,2856.0,
06061,1995,76.7,27832.0,2574.0,
06061,1996,76.23,29505.0,2838.0,
06061,1997,77.43,31194.0,3807.0,
06061,1998,81.77,33181.0,5184.0,
06061,1999,86.5,35469.0,4899.0,
06061,2000,100.0,37356.0,6443.0,251012.0
06061,2001,113.49,40503.0,5979.0,263615.0
06061,2002,125.61,40018.0,7137.0,276907.0
06061,2003,136.11,41238.0,5272.0,290726.0
06061,2004,162.01,43207.0,4884.0,302841.0
06061,2005,200.23,44390.0,5331.0,312762.0
06061,2006,204.26,46336.0,3178.0,321934.0
06061,2007,186.4,46918.0,2412.0,329023.0
06061,2008,159.25,47800.0,1709.0,337568.0
06061,2009,135.58,46208.0,1264.0,343810.0
06061,2010,124.26,47679.0,1166.0,350007.0
06061,2011,115.01,49606.0,812.0,356590.1427678372
06061,2012,116.71,52286.0,1308.0,360809.20233229926
06061,2013,135.14,52935.0,1269.0,366236.8776882988
06061,2014,154.75,55196.0,1990.0,370348.31064499315
06061,2015,161.16,58511.0,2236.0,374267.7419903214
06061,2016,171.9,60585.0,2419.0,380751.07204268523
06061,2017,184.7,62801.0,3287.0,387370.3239002357
06061,2018,195.29,64808.0,1887.0,395090.5328154858
06061,2019,203.01,67667.0,2352.0,401609.69413128175
06061,2020,207.93,73223.0,3169.0,405971.0
06061,2021,238.44,79633.0,4301.0,413038.0
06061,2022,270.48,80551.0,4079.0,418469.0
06061,2023,266.0,83911.0,3681.0,425195.0
06061,2024,275.08,87751.0,3713.0,434279.0
06061,2025,277.57,,3254.0,442081.0
06063,1969,,4310.0,,
06063,1970,,4452.0,,
06063,1971,,4614.0,,
06063,1972,,4902.0,,
06063,1973,,5297.0,,
06063,1974,,5777.0,,
06063,1975,,6452.0,,
06063,1976,,7079.0,,
06063,1977,,7484.0,,
06063,1978,38.73,8376.0,,
06063,1979,51.6,8956.0,,
06063,1980,52.14,9634.0,,
06063,1981,,10408.0,,
06063,1982,58.08,10505.0,,
06063,1983,63.84,11708.0,,
06063,1984,63.77,12537.0,,
06063,1985,59.0,13020.0,,
06063,1986,59.25,13733.0,,
06063,1987,58.11,14215.0,,
06063,1988,60.99,14872.0,,
06063,1989,65.71,16366.0,,
06063,1990,70.05,16881.0,297.0,
06063,1991,79.81,17743.0,243.0,
06063,1992,81.03,18340.0,301.0,
06063,1993,86.08,19131.0,122.0,
06063,1994,87.46,19675.0,197.0,
06063,1995,87.38,20030.0,109.0,
06063,1996,88.77,21660.0,122.0,
06063,1997,90.34,23091.0,120.0,
06063,1998,94.82,23671.0,122.0,
06063,1999,96.06,24556.0,101.0,
06063,2000,100.0,25813.0,178.0,20754.0
06063,2001,112.25,28792.0,192.0,20820.0
06063,2002,126.62,29248.0,259.0,20866.0
06063,2003,137.51,30737.0,229.0,20957.0
06063,2004,164.3,32909.0,266.0,21000.0
06063,2005,203.22,32845.0,337.0,21010.0
06063,2006,234.07,34829.0,216.0,20762.0
06063,2007,228.49,35702.0,154.0,20667.0
06063,2008,203.42,37198.0,63.0,20410.0
06063,2009,180.3,37641.0,36.0,20169.0
06063,2010,145.27,39409.0,35.0,19915.0
06063,2011,132.95,39558.0,42.0,19800.888701428798
06063,2012,120.82,39086.0,23.0,19538.988137291086
06063,2013,128.68,40321.0,27.0,19133.58783149681
06063,2014,131.99,42887.0,32.0,18936.687098645016
06063,2015,139.77,44023.0,31.0,18813.089049401595
06063,2016,152.54,44553.0,47.0,19151.007317973323
06063,2017,163.08,45906.0,43.0,19216.359360995415
06063,2018,170.79,47535.0,41.0,19447.904360204568
06063,2019,182.38,49299.0,38.0,19755.337923762327
06063,2020,188.24,54496.0,42.0,19745.0
06063,2021,207.66,58769.0,54.0,19984.0
06063,2022,245.49,60396.0,60.0,19396.0
06063,2023,247.85,65278.0,95.0,19088.0
06063,2024,232.68,71569.0,39.0,18773.0
06063,2025,262.22,,44.0,18583.0
06065,1969,,4134.0,,
06065,1970,,4522.0,,
06065,1971,,4773.0,,
06065,1972,,5165.0,,
06065,1973,,5766.0,,
06065,1974,,6238.0,,
06065,1975,23.24,6915.0,,
06065,1976,26.55,7574.0,,
06065,1977,33.63,8137.0,,
06065,1978,41.15,8952.0,,
06065,1979,47.74,9682.0,,
06065,1980,52.93,10703.0,,
06065,1981,59.0,11903.0,,
06065,1982,55.3,12460.0,,
06065,1983,57.18,13269.0,,
06065,1984,60.02,14410.0,,
06065,1985,61.65,15280.0,,
06065,1986,64.69,16209.0,,
06065,1987,68.28,16791.0,,
06065,1988,74.47,17782.0,,
06065,1989,88.19,18522.0,,
06065,1990,96.49,18702.0,15362.0,
06065,1991,97.02,18517.0,9283.0,
06065,1992,94.95,18805.0,8220.0,
06065,1993,89.5,19014.0,7274.0,
06065,1994,83.63,19136.0,8015.0,
06065,1995,78.67,19525.0,6806.0,
06065,1996,78.69,20265.0,7540.0,
06065,1997,78.22,20988.0,9747.0,
06065,1998,85.6,22453.0,12527.0,
06065,1999,91.02,23249.0,14154.0,
06065,2000,100.0,24378.0,15025.0,1558985.0
06065,2001,110.17,25497.0,19012.0,1616634.0
06065,2002,123.49,25928.0,22255.0,1687147.0
06065,2003,140.03,26872.0,30353.0,1771656.0
06065,2004,179.17,27898.0,33446.0,1856542.0
06065,2005,224.71,29226.0,34373.0,1931785.0
06065,2006,252.07,30795.0,24765.0,2012370.0
06065,2007,240.56,31497.0,12334.0,2075183.0
06065,2008,169.65,31615.0,5763.0,2109712.0
06065,2009,130.07,30615.0,4072.0,2146725.0
06065,2010,128.76,30972.0,4547.0,2201562.0
06065,2011,122.81,32433.0,3264.0,2228029.9418894835
06065,2012,123.49,32850.0,4052.0,2249002.8341831956
06065,2013,142.76,33595.0,5924.0,2268249.1535351286
06065,2014,169.2,34822.0,6761.0,2291150.9260472087
06065,2015,178.65,36631.0,6158.0,2314156.6910237395
06065,2016,190.49,38092.0,6996.0,2341167.55145437
06065,2017,205.09,39100.0,8001.0,2369124.660804568
06065,2018,219.65,40619.0,9232.0,2392383.8550412427
06065,2019,228.38,43122.0,8992.0,2407854.081971229
06065,2020,237.71,47600.0,10103.0,2424446.0
06065,2021,278.79,51584.0,9264.0,2454767.0
06065,2022,331.92,51449.0,10284.0,2479339.0
06065,2023,342.32,53350.0,12953.0,2503742.0
06065,2024,362.11,56404.0,9598.0,2529112.0
06065,2025,366.88,,9697.0,2544916.0
06067,1969,,4417.0,,
06067,1970,,4790.0,,
06067,1971,,5108.0,,
06067,1972,,5467.0,,
06067,1973,,5969.0,,
06067,1974,,6530.0,,
06067,1975,20.99,7162.0,,
06067,1976,23.98,7780.0,,
06067,1977,27.86,8447.0,,
06067,1978,33.2,9372.0,,
06067,1979,39.49,10305.0,,
06067,1980,44.26,11169.0,,
06067,1981,50.52,12073.0,,
06067,1982,49.2,12612.0,,
06067,1983,50.74,13312.0,,
06067,1984,51.63,14569.0,,
06067,1985,54.18,15801.0,,
06067,1986,56.45,16755.0,,
06067,1987,59.88,17429.0,,
06067,1988,64.82,18392.0,,
06067,1989,76.28,19654.0,,
06067,1990,91.1,20151.0,10395.0,
06067,1991,96.02,20670.0,4880.0,
06067,1992,93.29,21523.0,5728.0,
06067,1993,88.53,21739.0,4881.0,
06067,1994,85.02,22657.0,4858.0,
06067,1995,81.34,23760.0,3876.0,
06067,1996,80.17,24219.0,3872.0,
06067,1997,80.83,25201.0,4241.0,
06067,1998,85.84,26665.0,6634.0,
06067,1999,89.48,27961.0,6748.0,
06067,2000,100.0,29968.0,7672.0,1229940.0
06067,2001,115.83,31542.0,9107.0,1266257.0
06067,2002,131.86,31984.0,11728.0,1301079.0
06067,2003,146.34,33121.0,13960.0,1328531.0
06067,2004,179.32,34253.0,12879.0,1348932.0
06067,2005,223.41,35225.0,11545.0,1360816.0
06067,2006,229.34,36975.0,6430.0,1369563.0
06067,2007,206.67,38310.0,4112.0,1381161.0
06067,2008,157.64,39055.0,3053.0,1394438.0
06067,2009,137.76,37892.0,982.0,1408601.0
06067,2010,128.74,38278.0,1162.0,1421381.0
06067,2011,116.16,39645.0,1286.0,1436252.0717172092
06067,2012,116.86,40607.0,1546.0,1449938.4994230175
06067,2013,137.1,41559.0,1901.0,1465028.495606377
06067,2014,158.07,43443.0,1761.0,1485279.6636271395
06067,2015,167.93,45839.0,3010.0,1506777.3994561764
06067,2016,183.81,46878.0,3350.0,1527467.26826083
06067,2017,201.56,48274.0,4828.0,1546933.6374440882
06067,2018,215.35,50292.0,4667.0,1561370.6580525492
06067,2019,224.71,52551.0,5588.0,1576401.3351680983
06067,2020,234.5,57575.0,6170.0,1586769.0
06067,2021,272.09,61795.0,6235.0,1588942.0
06067,2022,310.93,62314.0,5191.0,1588707.0
06067,2023,308.0,65388.0,6930.0,1596637.0
06067,2024,319.22,69693.0,6747.0,1609897.0
06067,2025,321.02,,6561.0,1618460.0
06069,1969,,4240.0,,
06069,1970,,4188.0,,
06069,1971,,4434.0,,
06069,1972,,4883.0,,
06069,1973,,5630.0,,
06069,1974,,5929.0,,
06069,1975,,6198.0,,
06069,1976,13.07,6372.0,,
06069,1977,18.21,7189.0,,
06069,1978,21.76,7739.0,,
06069,1979,23.24,8414.0,,
06069,1980,26.08,9836.0,,
06069,1981,29.44,10496.0,,
06069,1982,31.07,11099.0,,
06069,1983,31.44,11926.0,,
06069,1984,33.45,12929.0,,
06069,1985,37.31,13340.0,,
06069,1986,40.45,14188.0,,
06069,1987,43.49,14823.0,,
06069,1988,49.45,15677.0,,
06069,1989,61.78,16525.0,,
06069,1990,67.43,17650.0,282.0,
06069,1991,64.61,18014.0,222.0,
06069,1992,63.03,18716.0,365.0,
06069,1993,60.81,19740.0,413.0,
06069,1994,59.02,20492.0,512.0,
06069,1995,58.51,21833.0,424.0,
06069,1996,59.97,22900.0,440.0,
06069,1997,64.13,24093.0,538.0,
06069,1998,72.33,25473.0,567.0,
06069,1999,79.48,26510.0,422.0,
06069,2000,100.0,28804.0,538.0,53781.0
06069,2001,113.69,27711.0,337.0,54644.0
06069,2002,114.5,27699.0,144.0,55056.0
06069,2003,120.04,29030.0,97.0,55198.0
06069,2004,138.81,30510.0,112.0,54849.0
06069,2005,178.56,31674.0,123.0,54647.0
06069,2006,192.63,34115.0,30.0,54124.0
06069,2007,173.23,36659.0,32.0,54072.0
06069,2008,121.72,36718.0,19.0,54267.0
06069,2009,95.6,35974.0,40.0,54436.0
06069,2010,91.81,35928.0,47.0,55544.0
06069,2011,86.13,36934.0,32.0,56135.15866052611
06069,2012,87.26,37874.0,41.0,56787.21248926703
06069,2013,105.81,39289.0,143.0,57446.17469362266
06069,2014,124.91,40383.0,105.0,58060.908797127464
06069,2015,133.85,44022.0,218.0,58489.7984544532
06069,2016,148.53,46231.0,458.0,59530.9341971743
06069,2017,157.08,48561.0,571.0,60499.14854421981
06069,2018,166.5,50113.0,553.0,61775.50331746155
06069,2019,173.78,54121.0,734.0,63217.73216766841
06069,2020,177.21,60646.0,494.0,64525.0
06069,2021,206.15,62398.0,485.0,66694.0
06069,2022,229.77,62415.0,354.0,67674.0
06069,2023,222.85,65041.0,393.0,68267.0
06069,2024,227.61,69967.0,281.0,69085.0
06069,2025,229.53,,247.0,70082.0
06071,1969,,3784.0,,
06071,1970,,4140.0,,
06071,1971,,4393.0,,
06071,1972,,4884.0,,
06071,1973,,5316.0,,
06071,1974,,5894.0,,
06071,1975,22.79,6610.0,,
06071,1976,26.07,7292.0,,
06071,1977,32.5,7788.0,,
06071,1978,38.65,8363.0,,
06071,1979,46.06,9131.0,,
06071,1980,52.54,9975.0,,
06071,1981,57.28,11044.0,,
06071,1982,55.68,11461.0,,
06071,1983,57.58,12188.0,,
06071,1984,59.24,13179.0,,
06071,1985,61.04,14114.0,,
06071,1986,64.16,14877.0,,
06071,1987,67.85,15509.0,,
06071,1988,75.53,16009.0,,
06071,1989,91.65,16655.0,,
06071,1990,99.81,17288.0,13250.0,
06071,1991,100.15,17322.0,6809.0,
06071,1992,98.61,17624.0,7251.0,
06071,1993,93.67,17803.0,5778.0,
06071,1994,88.85,18149.0,4809.0,
06071,1995,83.59,18542.0,3892.0,
06071,1996,82.72,19072.0,4822.0,
06071,1997,83.07,19862.0,5448.0,
06071,1998,88.93,21030.0,6127.0,
06071,1999,93.49,21757.0,6767.0,
06071,2000,100.0,22719.0,6471.0,1718037.0
06071,2001,109.54,23631.0,8405.0,1760731.0
06071,2002,122.78,24353.0,10219.0,1799791.0
06071,2003,138.59,25406.0,11899.0,1846115.0
06071,2004,178.65,26680.0,18017.0,1899065.0
06071,2005,229.35,27610.0,16635.0,1943924.0
06071,2006,265.7,28874.0,13324.0,1974140.0
06071,2007,260.91,29882.0,7752.0,1992161.0
06071,2008,194.91,29963.0,3183.0,2003735.0
06071,2009,148.49,28955.0,2263.0,2013960.0
06071,2010,145.43,29436.0,1789.0,2040803.0
06071,2011,137.39,30773.0,1472.0,2060032.842608955
06071,2012,136.0,31260.0,1897.0,2071954.857133095
06071,2013,153.31,31887.0,3424.0,2080393.8959868134
06071,2014,181.89,33379.0,3405.0,2096052.1023919883
06071,2015,192.85,35176.0,3768.0,2111462.7559267543
06071,2016,205.92,36417.0,3925.0,2127232.057193574
06071,2017,221.18,37305.0,6675.0,2145734.1532344716
06071,2018,236.67,38655.0,5577.0,2160892.1025187024
06071,2019,247.1,41078.0,5607.0,2171923.580087046
06071,2020,257.03,45341.0,5129.0,2183200.0
06071,2021,301.67,49824.0,6342.0,2190129.0
06071,2022,357.62,49214.0,6463.0,2196267.0
06071,2023,367.1,50698.0,7315.0,2203706.0
06071,2024,386.41,53991.0,6226.0,2218764.0
06071,2025,391.16,,6240.0,2224091.0
06073,1969,,4728.0,,
06073,1970,,5140.0,,
06073,1971,,5418.0,,
06073,1972,,5854.0,,
06073,1973,,6175.0,,
06073,1974,,6716.0,,
06073,1975,17.2,7157.0,,
06073,1976,19.92,7863.0,,
06073,1977,24.62,8412.0,,
06073,1978,30.22,9327.0,,
06073,1979,36.03,10272.0,,
06073,1980,38.99,11562.0,,
06073,1981,41.7,12817.0,,
06073,1982,39.02,13566.0,,
06073,1983,42.03,14326.0,,
06073,1984,44.37,15669.0,,
06073,1985,46.46,16724.0,,
06073,1986,49.33,17643.0,,
06073,1987,52.99,18331.0,,
06073,1988,60.41,19450.0,,
06073,1989,74.12,20434.0,,
06073,1990,78.59,21000.0,15732.0,
06073,1991,78.06,21576.0,7891.0,
06073,1992,76.94,22287.0,6071.0,
06073,1993,73.78,22737.0,5750.0,
06073,1994,71.87,23265.0,6943.0,
06073,1995,70.69,24240.0,6633.0,
06073,1996,70.49,25565.0,6848.0,
06073,1997,72.25,26812.0,11139.0,
06073,1998,79.2,29223.0,11891.0,
06073,1999,85.38,31153.0,16295.0,
06073,2000,100.0,33680.0,15592.0,2827366.0
06073,2001,112.15,34192.0,15405.0,2869672.0
06073,2002,128.83,35306.0,13684.0,2900355.0
06073,2003,144.64,37102.0,18031.0,2914702.0
06073,2004,178.03,39831.0,15587.0,2930007.0
06073,2005,214.73,41457.0,14306.0,2938375.0
06073,2006,221.58,43473.0,9191.0,2947289.0
06073,2007,208.3,44352.0,7435.0,2975742.0
06073,2008,173.19,44776.0,5357.0,3022116.0
06073,2009,152.85,42884.0,2946.0,3061203.0
06073,2010,151.98,43890.0,3494.0,3103260.0
06073,2011,144.71,46118.0,5370.0,3134287.7337720525
06073,2012,145.46,47707.0,5666.0,3169180.2107631466
06073,2013,160.45,48653.0,8264.0,3201735.8364150813
06073,2014,179.71,50923.0,6875.0,3237092.653240836
06073,2015,187.53,53366.0,9883.0,3265408.9689023946
06073,2016,201.45,55082.0,10791.0,3286823.8446638444
06073,2017,215.71,56977.0,10441.0,3297185.302632856
06073,2018,228.68,59022.0,9834.0,3307428.978985046
06073,2019,235.24,62058.0,8216.0,3302290.34512693
06073,2020,243.19,67479.0,9472.0,3301110.0
06073,2021,276.68,73319.0,10048.0,3272601.0
06073,2022,326.94,75055.0,9346.0,3279089.0
06073,2023,345.7,79921.0,11469.0,3279736.0
06073,2024,370.98,84312.0,11572.0,3287542.0
06073,2025,373.45,,11707.0,3282248.0
06075,1969,,5926.0,,
06075,1970,,6524.0,,
06075,1971,,6963.0,,
06075,1972,,7546.0,,
06075,1973,,8022.0,,
06075,1974,,8755.0,,
06075,1975,10.68,9734.0,,
06075,1976,12.42,10466.0,,
06075,1977,15.21,11489.0,,
06075,1978,17.59,12639.0,,
06075,1979,21.47,13916.0,,
06075,1980,26.12,15224.0,,
06075,1981,27.35,16974.0,,
06075,1982,25.48,17887.0,,
06075,1983,29.46,19238.0,,
06075,1984,30.68,20838.0,,
06075,1985,33.42,21650.0,,
06075,1986,37.31,22802.0,,
06075,1987,42.97,23618.0,,
06075,1988,54.24,26596.0,,
06075,1989,66.45,27830.0,,
06075,1990,67.05,29319.0,1077.0,
06075,1991,63.87,31058.0,987.0,
06075,1992,62.55,32041.0,629.0,
06075,1993,60.04,32637.0,1001.0,
06075,1994,58.79,33453.0,948.0,
06075,1995,58.11,36198.0,515.0,
06075,1996,58.9,38461.0,1226.0,
06075,1997,63.47,40292.0,1792.0,
06075,1998,71.65,45210.0,2411.0,
06075,1999,78.84,49274.0,2694.0,
06075,2000,100.0,56873.0,2766.0,777885.0
06075,2001,114.12,56610.0,1191.0,780865.0
06075,2002,120.07,55101.0,1243.0,772723.0
06075,2003,126.27,55558.0,1430.0,766160.0
06075,2004,142.4,59294.0,2051.0,761325.0
06075,2005,173.55,64790.0,2538.0,763016.0
06075,2006,185.33,71398.0,2398.0,768650.0
06075,2007,185.2,74402.0,2475.0,778673.0
06075,2008,174.85,74712.0,2295.0,791152.0
06075,2009,159.82,71500.0,300.0,801922.0
06075,2010,156.39,75266.0,779.0,805519.0
06075,2011,148.7,79893.0,1818.0,816497.169710572
06075,2012,153.49,86572.0,3089.0,830595.4699526659
06075,2013,170.44,87287.0,4474.0,842175.4065867303
06075,2014,197.47,96029.0,2711.0,854269.4115037282
06075,2015,218.81,103603.0,3665.0,867486.9136406855
06075,2016,241.77,110427.0,4087.0,876490.7856043001
06075,2017,252.95,117264.0,4034.0,883518.9872399914
06075,2018,271.46,126910.0,5178.0,886605.3545698968
06075,2019,275.48,127302.0,3200.0,886613.9913503946
06075,2020,257.32,136856.0,2004.0,875139.0
06075,2021,257.56,160328.0,2519.0,816169.0
06075,2022,286.72,153759.0,2044.0,813266.0
06075,2023,283.78,162335.0,1136.0,816926.0
06075,2024,291.09,171497.0,770.0,820945.0
06075,2025,292.54,,1444.0,826079.0
06077,1969,,4165.0,,
06077,1970,,4385.0,,
06077,1971,,4695.0,,
06077,1972,,5090.0,,
06077,1973,,5609.0,,
06077,1974,,6316.0,,
06077,1975,22.08,6877.0,,
06077,1976,24.26,7304.0,,
06077,1977,28.05,7968.0,,
06077,1978,33.09,8624.0,,
06077,1979,38.13,9591.0,,
06077,1980,43.01,10540.0,,
06077,1981,46.7,11271.0,,
06077,1982,48.1,11636.0,,
06077,1983,47.9,11877.0,,
06077,1984,48.45,12910.0,,
06077,1985,51.01,13415.0,,
06077,1986,54.93,13986.0,,
06077,1987,58.42,14668.0,,
06077,1988,65.66,15478.0,,
06077,1989,76.78,16410.0,,
06077,1990,84.73,16826.0,3187.0,
06077,1991,85.92,17351.0,2149.0,
06077,1992,85.05,18279.0,2761.0,
06077,1993,82.85,18832.0,2655.0,
06077,1994,80.74,19320.0,2299.0,
06077,1995,78.31,19734.0,2300.0,
06077,1996,76.97,20573.0,2337.0,
06077,1997,77.09,21592.0,2538.0,
06077,1998,81.4,22600.0,3334.0,
06077,1999,86.79,23630.0,4203.0,
06077,2000,100.0,25037.0,5392.0,567885.0
06077,2001,118.99,26223.0,4339.0,591207.0
06077,2002,128.47,26612.0,6143.0,609041.0
06077,2003,139.01,27620.0,7041.0,626778.0
06077,2004,166.09,28715.0,6724.0,642898.0
06077,2005,215.59,29693.0,5869.0,656985.0
06077,2006,233.76,31082.0,3652.0,662812.0
06077,2007,207.19,31964.0,2426.0,668080.0
06077,2008,134.1,32003.0,819.0,671692.0
06077,2009,105.08,31955.0,792.0,677736.0
06077,2010,101.81,32595.0,813.0,687115.0
06077,2011,94.85,32939.0,933.0,695408.6880119849
06077,2012,95.63,33617.0,1006.0,701748.439134494
06077,2013,114.48,34771.0,1134.0,705299.4552777659
06077,2014,138.34,36266.0,1265.0,715982.9751934654
06077,2015,147.92,38437.0,2431.0,727865.2172651951
06077,2016,162.0,39752.0,1998.0,739903.6447284844
06077,2017,176.47,40865.0,2779.0,751857.0946306287
06077,2018,190.94,42302.0,3280.0,762508.1512643122
06077,2019,199.21,45284.0,3499.0,772862.0727269531
06077,2020,205.95,51630.0,3914.0,780618.0
06077,2021,242.99,56068.0,4389.0,788040.0
06077,2022,280.42,56457.0,3751.0,795443.0
06077,2023,276.5,58160.0,2170.0,806055.0
06077,2024,288.12,63017.0,3779.0,817149.0
06077,2025,285.59,,2522.0,823815.0
06079,1969,,3608.0,,
06079,1970,,3866.0,,
06079,1971,,4171.0,,
06079,1972,,4449.0,,
06079,1973,,4850.0,,
06079,1974,,5368.0,,
06079,1975,13.6,6069.0,,
06079,1976,17.03,6516.0,,
06079,1977,22.34,7040.0,,
06079,1978,27.97,7902.0,,
06079,1979,30.68,8700.0,,
06079,1980,34.08,9487.0,,
06079,1981,36.57,10325.0,,
06079,1982,38.62,10780.0,,
06079,1983,40.78,12650.0,,
06079,1984,43.32,13405.0,,
06079,1985,45.84,13771.0,,
06079,1986,48.56,14428.0,,
06079,1987,50.88,15076.0,,
06079,1988,56.37,16204.0,,
06079,1989,74.36,17167.0,,
06079,1990,84.49,17560.0,1605.0,
06079,1991,81.19,18258.0,1087.0,
06079,1992,77.75,19138.0,669.0,
06079,1993,73.77,19684.0,859.0,
06079,1994,71.9,20181.0,1080.0,
06079,1995,70.42,21045.0,916.0,
06079,1996,70.59,22316.0,1156.0,
06079,1997,72.4,23604.0,1286.0,
06079,1998,77.44,25100.0,1687.0,
06079,1999,83.8,26295.0,1648.0,
06079,2000,100.0,27991.0,1673.0,247839.0
06079,2001,115.01,30341.0,1943.0,251462.0
06079,2002,131.28,31286.0,1993.0,253083.0
06079,2003,144.72,32380.0,2260.0,254674.0
06079,2004,170.81,34151.0,2450.0,256842.0
06079,2005,206.87,35336.0,2316.0,258615.0
06079,2006,217.34,37745.0,1764.0,260498.0
06079,2007,206.21,39634.0,1266.0,262770.0
06079,2008,185.73,39504.0,674.0,266358.0
06079,2009,164.23,39021.0,394.0,268145.0
06079,2010,152.62,40064.0,468.0,269800.0
06079,2011,142.47,42220.0,306.0,271056.76827482117
06079,2012,144.49,43668.0,417.0,274175.5542248157
06079,2013,157.36,44773.0,647.0,275715.3444235409
06079,2014,176.18,47058.0,983.0,278274.15489939734
06079,2015,184.68,49919.0,821.0,280141.9700831536
06079,2016,199.44,51124.0,853.0,281888.79379271495
06079,2017,210.14,53633.0,1094.0,282478.60444430273
06079,2018,220.38,55482.0,1050.0,283256.4226976889
06079,2019,227.62,59023.0,1094.0,282735.2122189981
06079,2020,231.45,63182.0,911.0,282257.0
06079,2021,256.34,68653.0,1120.0,279839.0
06079,2022,297.02,68999.0,1111.0,282747.0
06079,2023,319.87,73274.0,962.0,282225.0
06079,2024,330.59,77564.0,1104.0,282153.0
06079,2025,341.48,,663.0,282367.0
06081,1969,,5656.0,,
06081,1970,,6098.0,,
06081,1971,,6497.0,,
06081,1972,,6976.0,,
06081,1973,,7480.0,,
06081,1974,,8245.0,,
06081,1975,10.94,9044.0,,
06081,1976,12.83,9746.0,,
06081,1977,16.13,10611.0,,
06081,1978,17.97,11867.0,,
06081,1979,21.48,13214.0,,
06081,1980,26.34,14953.0,,
06081,1981,27.34,16901.0,,
06081,1982,24.99,18069.0,,
06081,1983,29.1,19196.0,,
06081,1984,30.5,21149.0,,
06081,1985,33.09,22246.0,,
06081,1986,36.36,23496.0,,
06081,1987,40.85,24400.0,,
06081,1988,50.68,26344.0,,
06081,1989,63.54,28083.0,,
06081,1990,65.36,29313.0,827.0,
06081,1991,62.02,30308.0,843.0,
06081,1992,60.87,31649.0,930.0,
06081,1993,58.83,32792.0,511.0,
06081,1994,58.54,33910.0,901.0,
06081,1995,58.91,36192.0,1363.0,
06081,1996,59.52,40001.0,1048.0,
06081,1997,64.55,40660.0,1502.0,
06081,1998,72.39,45138.0,2130.0,
06081,1999,79.16,51540.0,880.0,
06081,2000,100.0,60152.0,2221.0,707820.0
06081,2001,111.12,58377.0,1366.0,705621.0
06081,2002,115.13,54966.0,1546.0,697628.0
06081,2003,120.29,55712.0,1345.0,693057.0
06081,2004,132.69,59805.0,1183.0,690161.0
06081,2005,161.82,64351.0,724.0,690078.0
06081,2006,175.14,71196.0,1005.0,690176.0
06081,2007,174.3,75009.0,817.0,693849.0
06081,2008,157.02,74407.0,952.0,703830.0
06081,2009,140.27,71230.0,452.0,713617.0
06081,2010,137.62,73095.0,253.0,719948.0
06081,2011,132.28,78683.0,751.0,729361.3296173849
06081,2012,135.94,86408.0,942.0,740544.9444552873
06081,2013,151.38,85558.0,950.0,750414.5759457898
06081,2014,173.56,90765.0,1461.0,759383.9036133076
06081,2015,191.08,99085.0,1620.0,767664.9782232286
06081,2016,212.74,103811.0,1975.0,770559.5661984312
06081,2017,221.11,114031.0,1582.0,771731.0790900268
06081,2018,246.11,123326.0,1116.0,771920.9572469235
06081,2019,245.41,129067.0,1352.0,768741.3219681187
06081,2020,232.63,141322.0,1074.0,762639.0
06081,2021,235.01,174510.0,1896.0,739463.0
06081,2022,266.93,162109.0,1994.0,732245.0
06081,2023,281.06,171038.0,1173.0,733949.0
06081,2024,286.69,179656.0,1088.0,740627.0
06081,2025,284.94,,2216.0,743568.0
06083,1969,,4738.0,,
06083,1970,,5044.0,,
06083,1971,,5297.0,,
06083,1972,,5670.0,,
06083,1973,,6285.0,,
06083,1974,,6899.0,,
06083,1975,12.73,7499.0,,
06083,1976,16.98,8206.0,,
06083,1977,21.38,8896.0,,
06083,1978,25.44,9993.0,,
06083,1979,30.65,11222.0,,
06083,1980,37.27,12584.0,,
06083,1981,40.45,14066.0,,
06083,1982,37.44,14841.0,,
06083,1983,41.11,15637.0,,
06083,1984,42.74,17189.0,,
06083,1985,47.03,18014.0,,
06083,1986,49.58,18792.0,,
06083,1987,54.02,19396.0,,
06083,1988,62.46,20846.0,,
06083,1989,75.86,21917.0,,
06083,1990,79.47,22406.0,1279.0,
06083,1991,78.38,23426.0,1121.0,
06083,1992,75.94,24142.0,912.0,
06083,1993,71.86,24519.0,573.0,
06083,1994,70.92,25077.0,705.0,
06083,1995,70.38,25592.0,793.0,
06083,1996,70.99,26645.0,780.0,
06083,1997,73.05,27003.0,881.0,
06083,1998,79.75,29163.0,1014.0,
06083,1999,87.29,30720.0,810.0,
06083,2000,100.0,33149.0,867.0,399990.0
06083,2001,115.75,33833.0,1026.0,403164.0
06083,2002,134.8,33590.0,1696.0,405178.0
06083,2003,149.93,35218.0,1461.0,406810.0
06083,2004,183.35,39165.0,1499.0,407284.0
06083,2005,229.24,41163.0,1050.0,408079.0
06083,2006,238.65,44226.0,873.0,408085.0
06083,2007,214.45,45186.0,711.0,411243.0
06083,2008,173.9,45037.0,405.0,415859.0
06083,2009,155.72,43923.0,226.0,420356.0
06083,2010,147.73,45155.0,400.0,424218.0
06083,2011,135.96,47840.0,231.0,425744.406603922
06083,2012,133.04,49988.0,461.0,430322.5844668882
06083,2013,145.37,49095.0,405.0,435546.06276356557
06083,2014,165.61,51453.0,755.0,440325.89141616045
06083,2015,176.01,54328.0,1082.0,443819.6373385106
06083,2016,187.55,54886.0,842.0,446244.2600306678
06083,2017,194.44,57029.0,1280.0,447490.59951839846
06083,2018,202.08,59670.0,928.0,447986.57498190063
06083,2019,207.83,62413.0,1175.0,448672.1268316374
06083,2020,211.47,69116.0,1027.0,448325.0
06083,2021,237.03,76898.0,1152.0,437529.0
06083,2022,282.94,78437.0,1096.0,445401.0
06083,2023,302.56,83529.0,471.0,442878.0
06083,2024,320.1,88347.0,750.0,443081.0
06083,2025,330.53,,1371.0,442065.0
06085,1969,,4886.0,,
06085,1970,,5094.0,,
06085,1971,,5337.0,,
06085,1972,,5723.0,,
06085,1973,,6248.0,,
06085,1974,,7004.0,,
06085,1975,9.68,7595.0,,
06085,1976,11.53,8378.0,,
06085,1977,14.84,9189.0,,
06085,1978,17.09,10312.0,,
06085,1979,20.1,11836.0,,
06085,1980,24.76,13339.0,,
06085,1981,27.77,14875.0,,
06085,1982,26.27,16052.0,,
06085,1983,28.25,17349.0,,
06085,1984,29.94,19057.0,,
06085,1985,32.29,19917.0,,
06085,1986,34.35,20522.0,,
06085,1987,36.8,21462.0,,
06085,1988,44.0,23165.0,,
06085,1989,58.54,24429.0,,
06085,1990,59.48,25638.0,4983.0,
06085,1991,56.92,26459.0,3788.0,
06085,1992,55.97,28077.0,3051.0,
06085,1993,54.14,28273.0,3453.0,
06085,1994,53.32,29199.0,3945.0,
06085,1995,54.06,31782.0,3401.0,
06085,1996,55.87,33950.0,7574.0,
06085,1997,62.46,36519.0,8310.0,
06085,1998,70.77,38995.0,7506.0,
06085,1999,76.65,43556.0,6880.0,
06085,2000,100.0,53991.0,6639.0,1684947.0
06085,2001,110.66,51332.0,5964.0,1688082.0
06085,2002,111.34,48570.0,4477.0,1669348.0
06085,2003,113.61,49057.0,7006.0,1663592.0
06085,2004,122.21,50509.0,5380.0,1663167.0
06085,2005,150.62,52884.0,5613.0,1675312.0
06085,2006,165.39,57611.0,6120.0,1691159.0
06085,2007,164.69,61760.0,4162.0,1712026.0
06085,2008,148.09,60928.0,3471.0,1740964.0
06085,2009,127.5,56816.0,1054.0,1765137.0
06085,2010,127.49,60861.0,4132.0,1786001.0
06085,2011,123.44,65675.0,3065.0,1814194.359563527
06085,2012,126.92,71676.0,5491.0,1842277.096777052
06085,2013,141.7,71578.0,7621.0,1873166.62696076
06085,2014,161.38,77043.0,9932.0,1900903.1606249264
06085,2015,174.6,83758.0,5570.0,1927912.8606301174
06085,2016,191.54,90091.0,5709.0,1942850.8744938532
06085,2017,199.29,97638.0,7968.0,1949445.5673000698
06085,2018,222.83,106551.0,8191.0,1951633.228845292
06085,2019,218.62,112573.0,5496.0,1944405.7192501726
06085,2020,212.14,122266.0,5357.0,1931349.0
06085,2021,222.44,145029.0,4044.0,1882528.0
06085,2022,257.38,141894.0,7853.0,1880151.0
06085,2023,273.43,149429.0,5834.0,1890377.0
06085,2024,288.03,157620.0,3834.0,1907910.0
06085,2025,286.2,,5323.0,1914391.0
06087,1969,,4163.0,,
06087,1970,,4475.0,,
06087,1971,,4799.0,,
06087,1972,,4989.0,,
06087,1973,,5643.0,,
06087,1974,,6257.0,,
06087,1975,10.6,6702.0,,
06087,1976,11.95,7244.0,,
06087,1977,15.43,7980.0,,
06087,1978,18.95,9216.0,,
06087,1979,22.54,9984.0,,
06087,1980,26.47,11290.0,,
06087,1981,29.27,12520.0,,
06087,1982,28.91,13142.0,,
06087,1983,29.97,14457.0,,
06087,1984,31.33,15704.0,,
06087,1985,33.43,16180.0,,
06087,1986,35.94,16995.0,,
06087,1987,39.46,17787.0,,
06087,1988,46.35,19150.0,,
06087,1989,58.83,19814.0,,
06087,1990,63.49,21697.0,553.0,
06087,1991,63.48,22552.0,434.0,
06087,1992,62.54,23763.0,629.0,
06087,1993,60.55,24416.0,346.0,
06087,1994,59.7,25118.0,515.0,
06087,1995,59.95,26625.0,437.0,
06087,1996,60.71,28440.0,507.0,
06087,1997,63.7,29648.0,733.0,
06087,1998,71.52,31367.0,559.0,
06087,1999,78.32,34230.0,465.0,
06087,2000,100.0,39298.0,545.0,255835.0
06087,2001,113.86,39611.0,600.0,256045.0
06087,2002,119.37,38990.0,608.0,254531.0
06087,2003,124.16,39581.0,1066.0,253021.0
06087,2004,139.06,41075.0,801.0,252356.0
06087,2005,169.12,41417.0,861.0,251377.0
06087,2006,181.31,43669.0,711.0,251616.0
06087,2007,175.47,45656.0,842.0,253304.0
06087,2008,155.65,46666.0,317.0,256520.0
06087,2009,135.65,45308.0,149.0,260009.0
06087,2010,128.24,48844.0,158.0,263174.0
06087,2011,120.33,49297.0,208.0,265106.90597054735
06087,2012,121.59,51737.0,237.0,266752.8002800778
06087,2013,131.98,52270.0,294.0,269383.68145373714
06087,2014,148.24,54097.0,291.0,271598.7478988608
06087,2015,160.17,56935.0,335.0,274423.6215337594
06087,2016,174.65,58545.0,489.0,275594.342890803
06087,2017,185.61,62116.0,407.0,276171.58250069467
06087,2018,195.58,64905.0,426.0,275199.9787652126
06087,2019,198.71,69475.0,429.0,274537.69894970825
06087,2020,197.8,76958.0,244.0,271758.0
06087,2021,218.76,88568.0,598.0,261109.0
06087,2022,251.31,82838.0,608.0,265786.0
06087,2023,250.25,87608.0,540.0,263322.0
06087,2024,256.65,93580.0,259.0,261417.0
06087,2025,257.35,,470.0,258852.0
06089,1969,,3796.0,,
06089,1970,,4042.0,,
06089,1971,,4383.0,,
06089,1972,,4737.0,,
06089,1973,,5156.0,,
06089,1974,,5747.0,,
06089,1975,,6112.0,,
06089,1976,35.63,6809.0,,
06089,1977,41.15,7275.0,,
06089,1978,45.83,8221.0,,
06089,1979,52.57,8684.0,,
06089,1980,58.65,9296.0,,
06089,1981,63.26,9804.0,,
06089,1982,62.72,10376.0,,
06089,1983,60.26,11170.0,,
06089,1984,58.27,12071.0,,
06089,1985,60.44,12576.0,,
06089,1986,61.63,13401.0,,
06089,1987,62.1,14225.0,,
06089,1988,65.66,15308.0,,
06089,1989,73.21,16459.0,,
06089,1990,85.46,17101.0,2368.0,
06089,1991,93.27,17663.0,1228.0,
06089,1992,94.74,18461.0,1091.0,
06089,1993,95.02,19067.0,1243.0,
06089,1994,94.41,19745.0,968.0,
06089,1995,93.84,20385.0,773.0,
06089,1996,92.28,21115.0,710.0,
06089,1997,92.5,22057.0,664.0,
06089,1998,94.58,23144.0,694.0,
06089,1999,95.58,24281.0,804.0,
06089,2000,100.0,25538.0,970.0,163615.0
06089,2001,110.08,27466.0,1024.0,166408.0
06089,2002,124.81,27892.0,1341.0,170198.0
06089,2003,142.71,28318.0,1358.0,173202.0
06089,2004,171.67,28875.0,1038.0,174867.0
06089,2005,212.78,29352.0,1566.0,175615.0
06089,2006,231.12,31302.0,952.0,176166.0
06089,2007,221.77,32582.0,712.0,176548.0
06089,2008,194.28,32669.0,530.0,177247.0
06089,2009,169.07,33096.0,243.0,177279.0
06089,2010,149.25,34492.0,253.0,177277.0
06089,2011,135.75,34978.0,138.0,177926.90099370485
06089,2012,135.28,35505.0,205.0,178536.84471280867
06089,2013,147.03,35789.0,204.0,179393.12484373868
06089,2014,162.29,37896.0,242.0,180168.73047305713
06089,2015,170.4,40234.0,375.0,179962.33570355308
06089,2016,176.51,41284.0,400.0,180485.78726560797
06089,2017,186.65,42692.0,382.0,181622.45161567812
06089,2018,197.04,43818.0,306.0,182206.2345970161
06089,2019,208.79,45647.0,544.0,182502.42989604917
06089,2020,217.52,51208.0,393.0,182191.0
06089,2021,247.53,54425.0,368.0,182323.0
06089,2022,274.67,54551.0,375.0,180957.0
06089,2023,277.31,57160.0,208.0,180695.0
06089,2024,281.16,61769.0,246.0,181392.0
06089,2025,281.06,,254.0,181648.0
06091,1969,,3828.0,,
06091,1970,,4044.0,,
06091,1971,,5245.0,,
06091,1972,,5149.0,,
06091,1973,,6056.0,,
06091,1974,,6279.0,,
06091,1975,,6103.0,,
06091,1976,,7062.0,,
06091,1977,,7342.0,,
06091,1978,,7985.0,,
06091,1979,,8673.0,,
06091,1980,,9560.0,,
06091,1981,,9858.0,,
06091,1982,,10114.0,,
06091,1983,,11014.0,,
06091,1984,,12040.0,,
06091,1985,,13423.0,,
06091,1986,,14416.0,,
06091,1987,,14920.0,,
06091,1988,,15334.0,,
06091,1989,,16390.0,,
06091,1990,,15392.0,11.0,
06091,1991,,15914.0,20.0,
06091,1992,,17175.0,28.0,
06091,1993,,18023.0,18.0,
06091,1994,,18209.0,19.0,
06091,1995,,18586.0,18.0,
06091,1996,,19831.0,20.0,
06091,1997,,21027.0,9.0,
06091,1998,,21672.0,8.0,
06091,1999,,23070.0,17.0,
06091,2000,,23421.0,19.0,3574.0
06091,2001,,25560.0,10.0,3518.0
06091,2002,,24537.0,17.0,3482.0
06091,2003,,24926.0,22.0,3511.0
06091,2004,,25664.0,18.0,3430.0
06091,2005,,26237.0,13.0,3378.0
06091,2006,,26359.0,17.0,3424.0
06091,2007,,27705.0,14.0,3373.0
06091,2008,,28172.0,8.0,3320.0
06091,2009,,29909.0,5.0,3248.0
06091,2010,,31945.0,7.0,3220.0
06091,2011,,33655.0,6.0,3132.486301369863
06091,2012,,35047.0,3.0,3132.301917808219
06091,2013,,35377.0,0.0,3126.2896575342465
06091,2014,,37087.0,4.0,3100.747397260274
06091,2015,,36501.0,1.0,3146.6678082191784
06091,2016,,37795.0,8.0,3141.863561643836
06091,2017,,38624.0,7.0,3228.655342465753
06091,2018,,39756.0,6.0,3209.237260273973
06091,2019,,41762.0,7.0,3238.078287671233
06091,2020,,45370.0,8.0,3226.0
06091,2021,,47424.0,4.0,3291.0
06091,2022,,51014.0,11.0,3203.0
06091,2023,,52839.0,6.0,3160.0
06091,2024,,56704.0,3.0,3121.0
06091,2025,,,1.0,3098.0
06093,1969,,3963.0,,
06093,1970,,4138.0,,
06093,1971,,4466.0,,
06093,1972,,4814.0,,
06093,1973,,5592.0,,
06093,1974,,5954.0,,
06093,1975,,6462.0,,
06093,1976,,7154.0,,
06093,1977,,7314.0,,
06093,1978,,8198.0,,
06093,1979,54.11,8885.0,,
06093,1980,56.68,10017.0,,
06093,1981,60.27,10171.0,,
06093,1982,57.4,10451.0,,
06093,1983,57.23,11033.0,,
06093,1984,56.73,11807.0,,
06093,1985,54.95,12126.0,,
06093,1986,55.4,12911.0,,
06093,1987,56.04,13503.0,,
06093,1988,57.94,14266.0,,
06093,1989,64.21,15177.0,,
06093,1990,71.5,15653.0,175.0,
06093,1991,76.88,16374.0,133.0,
06093,1992,79.69,16772.0,187.0,
06093,1993,82.7,17445.0,164.0,
06093,1994,85.43,17990.0,144.0,
06093,1995,88.04,18368.0,172.0,
06093,1996,88.75,19330.0,151.0,
06093,1997,89.51,19702.0,139.0,
06093,1998,93.25,20876.0,126.0,
06093,1999,95.24,21722.0,150.0,
06093,2000,100.0,23020.0,148.0,44218.0
06093,2001,108.54,24414.0,161.0,43908.0
06093,2002,120.09,25234.0,202.0,43965.0
06093,2003,134.9,25706.0,210.0,44287.0
06093,2004,159.6,27225.0,306.0,44394.0
06093,2005,196.77,26948.0,465.0,44641.0
06093,2006,220.21,28881.0,203.0,44487.0
06093,2007,222.54,30219.0,148.0,44465.0
06093,2008,204.36,31663.0,107.0,44780.0
06093,2009,181.4,30695.0,62.0,44788.0
06093,2010,155.28,31805.0,58.0,44941.0
06093,2011,135.37,33248.0,52.0,44698.14992715921
06093,2012,126.4,33570.0,56.0,44241.48749219563
06093,2013,128.91,34301.0,27.0,43772.96149843913
06093,2014,140.24,36558.0,19.0,43652.964536940686
06093,2015,148.9,39580.0,77.0,43644.255983350675
06093,2016,157.38,40616.0,67.0,43846.40757544225
06093,2017,168.89,41409.0,56.0,44168.40224765868
06093,2018,178.08,42266.0,54.0,44219.57427679501
06093,2019,189.63,43374.0,50.0,44333.62006243496
06093,2020,193.56,49601.0,17.0,43983.0
06093,2021,221.88,52859.0,97.0,44058.0
06093,2022,257.3,52374.0,50.0,43602.0
06093,2023,254.78,55090.0,54.0,42856.0
06093,2024,257.65,61164.0,48.0,42490.0
06093,2025,269.53,,41.0,42013.0
06095,1969,,4193.0,,
06095,1970,,4538.0,,
06095,1971,,4896.0,,
06095,1972,,5295.0,,
06095,1973,,5794.0,,
06095,1974,,6482.0,,
06095,1975,17.68,7214.0,,
06095,1976,20.68,7692.0,,
06095,1977,24.92,8350.0,,
06095,1978,28.45,9195.0,,
06095,1979,33.37,9847.0,,
06095,1980,40.09,10654.0,,
06095,1981,42.9,11563.0,,
06095,1982,41.97,12291.0,,
06095,1983,46.35,13257.0,,
06095,1984,46.54,14486.0,,
06095,1985,48.55,15673.0,,
06095,1986,51.79,16406.0,,
06095,1987,54.04,16939.0,,
06095,1988,58.68,17750.0,,
06095,1989,68.71,18710.0,,
06095,1990,77.88,19865.0,2314.0,
06095,1991,80.81,20047.0,1482.0,
06095,1992,80.05,20805.0,1909.0,
06095,1993,77.83,21313.0,1451.0,
06095,1994,76.0,21285.0,1513.0,
06095,1995,73.62,21895.0,1015.0,
06095,1996,72.53,22640.0,1583.0,
06095,1997,72.47,23731.0,1517.0,
06095,1998,76.78,24915.0,2213.0,
06095,1999,82.24,26106.0,2011.0,
06095,2000,100.0,28244.0,2233.0,396974.0
06095,2001,115.88,30187.0,2568.0,404209.0
06095,2002,129.26,30931.0,2474.0,408226.0
06095,2003,142.23,32098.0,2642.0,408409.0
06095,2004,169.0,32965.0,2961.0,409301.0
06095,2005,207.99,33987.0,2354.0,408181.0
06095,2006,224.26,35768.0,1205.0,408402.0
06095,2007,206.68,37429.0,1019.0,408243.0
06095,2008,151.76,38004.0,565.0,408972.0
06095,2009,114.01,37518.0,586.0,410290.0
06095,2010,108.78,37655.0,467.0,413963.0
06095,2011,98.95,38629.0,387.0,416880.18073097884
06095,2012,98.6,38966.0,538.0,420764.21608287556
06095,2013,115.51,40013.0,775.0,425328.7824448746
06095,2014,142.57,41183.0,646.0,431259.1780661617
06095,2015,153.25,43584.0,1434.0,436267.606855583
06095,2016,168.38,45437.0,944.0,442345.18257464736
06095,2017,182.91,46639.0,907.0,447694.43941065256
06095,2018,197.13,48563.0,990.0,450688.2891091546
06095,2019,203.92,51607.0,1089.0,452803.98887086485
06095,2020,208.43,58630.0,1733.0,452895.0
06095,2021,239.77,59802.0,1378.0,451048.0
06095,2022,268.22,60904.0,1154.0,449852.0
06095,2023,264.97,63212.0,1414.0,451377.0
06095,2024,270.8,67744.0,1455.0,455076.0
06095,2025,269.94,,881.0,455376.0
06097,1969,,4298.0,,
06097,1970,,4646.0,,
06097,1971,,5006.0,,
06097,1972,,5380.0,,
06097,1973,,5760.0,,
06097,1974,,6387.0,,
06097,1975,13.21,7003.0,,
06097,1976,15.52,7703.0,,
06097,1977,18.94,8381.0,,
06097,1978,22.75,9467.0,,
06097,1979,27.26,10427.0,,
06097,1980,31.33,11536.0,,
06097,1981,34.33,12842.0,,
06097,1982,33.09,13458.0,,
06097,1983,34.94,14466.0,,
06097,1984,35.93,15948.0,,
06097,1985,37.71,16893.0,,
06097,1986,39.17,17742.0,,
06097,1987,41.99,18376.0,,
06097,1988,47.98,19581.0,,
06097,1989,61.3,21144.0,,
06097,1990,68.06,22220.0,3645.0,
06097,1991,68.97,22812.0,2202.0,
06097,1992,68.4,23646.0,1976.0,
06097,1993,66.82,24469.0,1938.0,
06097,1994,66.26,25321.0,2511.0,
06097,1995,65.91,26055.0,1930.0,
06097,1996,65.9,27665.0,1487.0,
06097,1997,67.47,29260.0,1961.0,
06097,1998,72.09,31072.0,3062.0,
06097,1999,79.59,32460.0,3036.0,
06097,2000,100.0,36389.0,2505.0,460421.0
06097,2001,114.3,38091.0,2583.0,465293.0
06097,2002,121.49,38104.0,1928.0,465298.0
06097,2003,129.18,38524.0,2252.0,466489.0
06097,2004,149.3,38865.0,1929.0,466809.0
06097,2005,183.0,40023.0,2819.0,465938.0
06097,2006,189.78,42764.0,1912.0,465188.0
06097,2007,177.16,44055.0,1431.0,467356.0
06097,2008,147.36,43214.0,612.0,473091.0
06097,2009,128.95,41550.0,442.0,479479.0
06097,2010,123.08,42814.0,477.0,484675.0
06097,2011,113.81,44466.0,632.0,487101.1895077569
06097,2012,113.4,46257.0,560.0,489523.01864974614
06097,2013,129.11,47536.0,1046.0,493475.2621376468
06097,2014,150.81,49848.0,663.0,497785.9436832789
06097,2015,161.9,53609.0,621.0,499931.14102760406
06097,2016,176.44,55532.0,919.0,501641.8167118875
06097,2017,190.05,57881.0,1178.0,501266.4041543917
06097,2018,206.37,61096.0,3279.0,496161.2233804732
06097,2019,206.64,65926.0,2429.0,491137.5078365682
06097,2020,207.12,72602.0,1395.0,488514.0
06097,2021,224.55,78446.0,2618.0,484827.0
06097,2022,248.05,78666.0,2264.0,483236.0
06097,2023,252.09,83375.0,2353.0,483405.0
06097,2024,258.12,88832.0,1012.0,485363.0
06097,2025,259.39,,1690.0,486444.0
06099,1969,,3744.0,,
06099,1970,,4040.0,,
06099,1971,,4277.0,,
06099,1972,,4778.0,,
06099,1973,,5123.0,,
06099,1974,,5641.0,,
06099,1975,22.13,6054.0,,
06099,1976,25.11,6592.0,,
06099,1977,31.38,7314.0,,
06099,1978,37.37,8176.0,,
06099,1979,41.59,8819.0,,
06099,1980,48.12,9690.0,,
06099,1981,51.91,10450.0,,
06099,1982,49.51,11043.0,,
06099,1983,51.96,11418.0,,
06099,1984,51.39,12497.0,,
06099,1985,53.04,13354.0,,
06099,1986,56.72,13961.0,,
06099,1987,60.96,14720.0,,
06099,1988,67.66,15486.0,,
06099,1989,80.31,16275.0,,
06099,1990,92.83,16728.0,3957.0,
06099,1991,92.38,17160.0,1638.0,
06099,1992,90.82,17688.0,2055.0,
06099,1993,88.54,18099.0,1977.0,
06099,1994,85.99,18349.0,1483.0,
06099,1995,82.9,18719.0,1310.0,
06099,1996,82.63,19772.0,1401.0,
06099,1997,82.81,20770.0,1442.0,
06099,1998,86.71,22142.0,1951.0,
06099,1999,89.85,22772.0,2183.0,
06099,2000,100.0,24219.0,3023.0,449471.0
06099,2001,118.82,24837.0,3215.0,463761.0
06099,2002,132.75,25391.0,3173.0,477469.0
06099,2003,147.12,26164.0,4119.0,487357.0
06099,2004,177.04,27733.0,4521.0,492613.0
06099,2005,228.3,28371.0,4525.0,500020.0
06099,2006,250.25,29359.0,2644.0,504651.0
06099,2007,222.3,30799.0,1865.0,507834.0
06099,2008,148.62,31076.0,481.0,509032.0
06099,2009,114.79,30583.0,364.0,511536.0
06099,2010,108.13,31908.0,292.0,515137.0
06099,2011,99.17,32858.0,164.0,517855.66288692027
06099,2012,100.61,33791.0,285.0,521021.0397145148
06099,2013,119.05,34377.0,319.0,524346.4385515951
06099,2014,146.72,36748.0,454.0,529203.7695023097
06099,2015,157.64,39001.0,413.0,534708.1293318621
06099,2016,172.31,39774.0,573.0,541114.779186338
06099,2017,186.36,40587.0,719.0,547002.9558479569
06099,2018,201.95,41448.0,759.0,550740.0775867554
06099,2019,211.32,43430.0,699.0,553018.0041919282
06099,2020,221.47,48678.0,552.0,553702.0
06099,2021,257.28,52417.0,811.0,553047.0
06099,2022,293.02,51572.0,674.0,552453.0
06099,2023,294.57,52853.0,810.0,554459.0
06099,2024,307.27,56741.0,902.0,557372.0
06099,2025,311.57,,1205.0,557719.0
06101,1969,,4606.0,,
06101,1970,,4849.0,,
06101,1971,,5217.0,,
06101,1972,,5803.0,,
06101,1973,,6477.0,,
06101,1974,,7423.0,,
06101,1975,28.97,7862.0,,
06101,1976,31.03,7649.0,,
06101,1977,37.19,8434.0,,
06101,1978,39.22,9079.0,,
06101,1979,49.91,9715.0,,
06101,1980,53.45,11116.0,,
06101,1981,61.07,11857.0,,
06101,1982,56.69,11535.0,,
06101,1983,56.34,11535.0,,
06101,1984,62.22,13334.0,,
06101,1985,59.19,14270.0,,
06101,1986,63.29,14557.0,,
06101,1987,64.84,15276.0,,
06101,1988,67.86,15974.0,,
06101,1989,74.35,17122.0,,
06101,1990,88.3,17364.0,1070.0,
06101,1991,94.44,18592.0,567.0,
06101,1992,94.18,19498.0,739.0,
06101,1993,93.53,19967.0,616.0,
06101,1994,90.84,20728.0,462.0,
06101,1995,90.15,21216.0,383.0,
06101,1996,88.91,21742.0,292.0,
06101,1997,88.88,22291.0,232.0,
06101,1998,91.65,23623.0,204.0,
06101,1999,93.72,25268.0,180.0,
06101,2000,100.0,25940.0,240.0,79192.0
06101,2001,111.8,25509.0,440.0,80138.0
06101,2002,127.78,25920.0,675.0,82162.0
06101,2003,145.18,26987.0,989.0,84671.0
06101,2004,178.52,28460.0,1300.0,86484.0
06101,2005,226.24,28964.0,1291.0,88764.0
06101,2006,237.16,30870.0,356.0,91112.0
06101,2007,213.69,32772.0,269.0,92959.0
06101,2008,168.2,34076.0,98.0,93855.0
06101,2009,139.52,34369.0,59.0,94366.0
06101,2010,130.1,34431.0,88.0,94742.0
06101,2011,120.81,35298.0,77.0,94767.67178295378
06101,2012,117.14,34973.0,38.0,94754.34447061265
06101,2013,131.45,36451.0,55.0,95361.92912590134
06101,2014,155.58,36669.0,79.0,95930.9444436375
06101,2015,163.99,39109.0,165.0,96744.46206359912
06101,2016,179.01,39963.0,74.0,97603.99703480832
06101,2017,196.02,40329.0,78.0,98310.59268143383
06101,2018,209.25,42168.0,97.0,98809.45474088294
06101,2019,224.29,43870.0,140.0,99695.28901800074
06101,2020,236.24,49430.0,144.0,99463.0
06101,2021,270.77,53620.0,142.0,99214.0
06101,2022,307.39,52365.0,143.0,98657.0
06101,2023,305.77,54054.0,86.0,98693.0
06101,2024,318.95,57844.0,117.0,98933.0
06101,2025,320.85,,360.0,98787.0
06103,1969,,3702.0,,
06103,1970,,3878.0,,
06103,1971,,3990.0,,
06103,1972,,4397.0,,
06103,1973,,4951.0,,
06103,1974,,5059.0,,
06103,1975,,5342.0,,
06103,1976,,5876.0,,
06103,1977,,6570.0,,
06103,1978,,7373.0,,
06103,1979,48.4,7983.0,,
06103,1980,54.38,8618.0,,
06103,1981,51.37,9114.0,,
06103,1982,56.52,9675.0,,
06103,1983,56.49,10032.0,,
06103,1984,59.07,10595.0,,
06103,1985,56.03,11013.0,,
06103,1986,59.87,11570.0,,
06103,1987,57.91,11841.0,,
06103,1988,60.46,12471.0,,
06103,1989,66.3,13100.0,,
06103,1990,72.79,13393.0,319.0,
06103,1991,81.66,13727.0,329.0,
06103,1992,85.71,14536.0,306.0,
06103,1993,88.22,14774.0,269.0,
06103,1994,90.75,15096.0,253.0,
06103,1995,91.01,15587.0,235.0,
06103,1996,91.56,16516.0,150.0,
06103,1997,92.5,17135.0,94.0,
06103,1998,94.52,17506.0,154.0,
06103,1999,95.16,18418.0,156.0,
06103,2000,100.0,19440.0,217.0,56170.0
06103,2001,107.75,20686.0,182.0,56685.0
06103,2002,119.48,21572.0,286.0,57380.0
06103,2003,134.55,22233.0,424.0,58528.0
06103,2004,165.02,23381.0,715.0,59571.0
06103,2005,207.34,24620.0,685.0,60602.0
06103,2006,229.73,25377.0,525.0,61587.0
06103,2007,220.98,27142.0,247.0,62147.0
06103,2008,190.11,26953.0,156.0,62648.0
06103,2009,155.21,27719.0,62.0,62891.0
06103,2010,137.03,28724.0,77.0,63562.0
06103,2011,124.82,29959.0,48.0,63461.328839892085
06103,2012,116.59,31285.0,58.0,63461.17086240581
06103,2013,130.81,31580.0,70.0,63248.28350544237
06103,2014,146.98,33897.0,78.0,63290.075337240676
06103,2015,157.36,35477.0,73.0,63769.80881942507
06103,2016,166.98,35982.0,92.0,64215.51593636617
06103,2017,178.35,37969.0,115.0,64704.03487766304
06103,2018,191.62,38751.0,144.0,64907.53476602475
06103,2019,208.57,39991.0,152.0,66337.62539771142
06103,2020,217.17,44489.0,147.0,65760.0
06103,2021,244.75,48095.0,226.0,65479.0
06103,2022,280.71,46935.0,183.0,65312.0
06103,2023,260.8,49790.0,165.0,65048.0
06103,2024,272.12,53402.0,186.0,64767.0
06103,2025,278.82,,36.0,64665.0
06105,1969,,3422.0,,
06105,1970,,3393.0,,
06105,1971,,3953.0,,
06105,1972,,4249.0,,
06105,1973,,4839.0,,
06105,1974,,5345.0,,
06105,1975,,5736.0,,
06105,1976,,6331.0,,
06105,1977,,6644.0,,
06105,1978,,7112.0,,
06105,1979,,7638.0,,
06105,1980,,8359.0,,
06105,1981,,8899.0,,
06105,1982,,9146.0,,
06105,1983,,9967.0,,
06105,1984,,10472.0,,
06105,1985,,11037.0,,
06105,1986,,11839.0,,
06105,1987,,12354.0,,
06105,1988,,13093.0,,
06105,1989,,13887.0,,
06105,1990,,14438.0,65.0,
06105,1991,,14948.0,66.0,
06105,1992,,15776.0,64.0,
06105,1993,,16143.0,46.0,
06105,1994,,16199.0,54.0,
06105,1995,,16787.0,36.0,
06105,1996,,17574.0,34.0,
06105,1997,,18065.0,31.0,
06105,1998,,18641.0,49.0,
06105,1999,,19750.0,40.0,
06105,2000,,20493.0,34.0,12980.0
06105,2001,,22149.0,48.0,12859.0
06105,2002,,22583.0,43.0,13064.0
06105,2003,,23121.0,58.0,13210.0
06105,2004,,23956.0,78.0,13159.0
06105,2005,,22957.0,66.0,13440.0
06105,2006,,23284.0,64.0,13634.0
06105,2007,,25133.0,49.0,13648.0
06105,2008,,26170.0,25.0,13656.0
06105,2009,,26654.0,30.0,13762.0
06105,2010,,27813.0,40.0,13755.0
06105,2011,,27282.0,25.0,14119.993901440735
06105,2012,,26803.0,5.0,14351.845481335953
06105,2013,,26633.0,14.0,14707.379199410609
06105,2014,,28314.0,30.0,14794.901702685002
06105,2015,,29462.0,23.0,15175.041339227242
06105,2016,,29583.0,27.0,15273.328143418468
06105,2017,,29620.0,52.0,15558.799173215455
06105,2018,,30563.0,55.0,15801.538572364114
06105,2019,,31431.0,16.0,15866.31515225933
06105,2020,,33298.0,29.0,16099.0
06105,2021,,35893.0,44.0,16110.0
06105,2022,,36297.0,21.0,15813.0
06105,2023,,38483.0,22.0,15690.0
06105,2024,,42191.0,21.0,15697.0
06105,2025,,,33.0,15720.0
06107,1969,,3443.0,,
06107,1970,,3695.0,,
06107,1971,,3912.0,,
06107,1972,,4357.0,,
06107,1973,,5059.0,,
06107,1974,,5736.0,,
06107,1975,28.9,5922.0,,
06107,1976,31.53,6450.0,,
06107,1977,38.85,6884.0,,
06107,1978,48.32,7610.0,,
06107,1979,54.76,8751.0,,
06107,1980,58.83,9398.0,,
06107,1981,62.45,9646.0,,
06107,1982,59.67,10158.0,,
06107,1983,64.66,10161.0,,
06107,1984,65.6,10909.0,,
06107,1985,66.25,11254.0,,
06107,1986,68.71,11788.0,,
06107,1987,70.43,12721.0,,
06107,1988,71.85,13338.0,,
06107,1989,77.63,13917.0,,
06107,1990,85.84,14918.0,2138.0,
06107,1991,92.86,14864.0,1990.0,
06107,1992,96.35,16130.0,1966.0,
06107,1993,98.03,16217.0,1794.0,
06107,1994,97.23,16683.0,1918.0,
06107,1995,97.04,16918.0,1714.0,
06107,1996,97.42,18091.0,1375.0,
06107,1997,96.93,18195.0,1343.0,
06107,1998,99.75,19195.0,1476.0,
06107,1999,99.51,19682.0,1636.0,
06107,2000,100.0,20030.0,1627.0,368627.0
06107,2001,106.74,21583.0,1772.0,373171.0
06107,2002,112.84,21832.0,1993.0,379568.0
06107,2003,122.51,23125.0,2270.0,388743.0
06107,2004,152.04,24922.0,2492.0,398226.0
06107,2005,201.75,25606.0,3317.0,407970.0
06107,2006,230.98,25996.0,3575.0,414921.0
06107,2007,218.96,29074.0,2689.0,422140.0
06107,2008,179.4,28639.0,1487.0,429283.0
06107,2009,144.43,27740.0,1097.0,436987.0
06107,2010,133.42,30109.0,1367.0,442953.0
06107,2011,123.19,31641.0,922.0,447207.9591224289
06107,2012,122.26,31430.0,673.0,450629.43239523773
06107,2013,133.09,32011.0,946.0,453774.4748645131
06107,2014,150.83,34976.0,1092.0,456890.2451395409
06107,2015,159.65,35549.0,1275.0,459345.11866305367
06107,2016,169.51,37118.0,1316.0,462067.06625202694
06107,2017,181.2,37977.0,1314.0,465684.83358368184
06107,2018,191.12,38064.0,1528.0,468427.6738328923
06107,2019,200.26,39837.0,1872.0,470433.05563817534
06107,2020,209.98,45579.0,1575.0,473915.0
06107,2021,241.28,49104.0,1510.0,476987.0
06107,2022,281.3,47655.0,2385.0,478037.0
06107,2023,296.36,48757.0,1165.0,480816.0
06107,2024,310.1,53098.0,1447.0,483851.0
06107,2025,321.87,,1790.0,485146.0
06109,1969,,3687.0,,
06109,1970,,3763.0,,
06109,1971,,3900.0,,
06109,1972,,4087.0,,
06109,1973,,4393.0,,
06109,1974,,5124.0,,
06109,1975,,5902.0,,
06109,1976,,6871.0,,
06109,1977,32.17,7391.0,,
06109,1978,36.99,7937.0,,
06109,1979,40.57,8430.0,,
06109,1980,52.1,9260.0,,
06109,1981,52.79,9991.0,,
06109,1982,49.53,10241.0,,
06109,1983,54.05,10870.0,,
06109,1984,55.22,11846.0,,
06109,1985,55.95,12479.0,,
06109,1986,58.29,13295.0,,
06109,1987,59.88,13682.0,,
06109,1988,64.49,14372.0,,
06109,1989,72.35,15414.0,,
06109,1990,83.42,16181.0,848.0,
06109,1991,90.28,16105.0,561.0,
06109,1992,92.28,17195.0,363.0,
06109,1993,92.13,17381.0,251.0,
06109,1994,90.81,17912.0,230.0,
06109,1995,87.04,18491.0,185.0,
06109,1996,86.51,19173.0,157.0,
06109,1997,86.52,20065.0,250.0,
06109,1998,89.97,21484.0,413.0,
06109,1999,92.1,22082.0,198.0,
06109,2000,100.0,23720.0,279.0,54658.0
06109,2001,114.12,25554.0,253.0,55253.0
06109,2002,127.82,25953.0,370.0,55850.0
06109,2003,142.04,26900.0,358.0,56513.0
06109,2004,167.07,28296.0,400.0,56602.0
06109,2005,205.09,29132.0,384.0,56788.0
06109,2006,225.73,30459.0,222.0,56680.0
06109,2007,220.05,31811.0,149.0,56339.0
06109,2008,195.75,32424.0,106.0,56320.0
06109,2009,164.78,32168.0,52.0,55845.0
06109,2010,143.67,34577.0,57.0,55164.0
06109,2011,128.14,35828.0,46.0,54893.85899660643
06109,2012,123.9,36579.0,37.0,54370.81621205174
06109,2013,130.74,36078.0,34.0,54228.66220306338
06109,2014,143.73,38129.0,55.0,54167.30767678621
06109,2015,153.16,40840.0,49.0,54018.825240759434
06109,2016,161.31,42286.0,41.0,54234.01219114006
06109,2017,174.4,43071.0,74.0,54544.637226451436
06109,2018,181.66,43698.0,68.0,54929.878932403924
06109,2019,191.84,45744.0,66.0,55055.42775382923
06109,2020,194.33,49606.0,56.0,55369.0
06109,2021,220.35,52970.0,110.0,55135.0
06109,2022,246.92,53583.0,74.0,53987.0
06109,2023,248.77,56885.0,72.0,54172.0
06109,2024,251.98,61604.0,62.0,54185.0
06109,2025,252.07,,88.0,53160.0
06111,1969,,4237.0,,
06111,1970,,4394.0,,
06111,1971,,4667.0,,
06111,1972,,5107.0,,
06111,1973,,5646.0,,
06111,1974,,6217.0,,
06111,1975,14.83,6833.0,,
06111,1976,18.53,7418.0,,
06111,1977,23.45,8200.0,,
06111,1978,28.32,9373.0,,
06111,1979,32.56,10217.0,,
06111,1980,38.43,11406.0,,
06111,1981,41.1,12606.0,,
06111,1982,40.08,13342.0,,
06111,1983,44.23,14138.0,,
06111,1984,46.09,15404.0,,
06111,1985,49.0,16386.0,,
06111,1986,52.8,17572.0,,
06111,1987,58.25,18613.0,,
06111,1988,71.11,19876.0,,
06111,1989,89.6,20996.0,,
06111,1990,89.28,22338.0,2620.0,
06111,1991,84.52,23135.0,2194.0,
06111,1992,82.25,23679.0,1720.0,
06111,1993,77.32,24597.0,1372.0,
06111,1994,74.57,25270.0,2456.0,
06111,1995,74.11,26744.0,2142.0,
06111,1996,74.53,27555.0,2321.0,
06111,1997,76.1,28880.0,2329.0,
06111,1998,81.89,29813.0,3298.0,
06111,1999,88.07,31490.0,4418.0,
06111,2000,100.0,33818.0,3960.0,756506.0
06111,2001,109.31,35576.0,3453.0,766689.0
06111,2002,123.5,36021.0,2525.0,779489.0
06111,2003,138.91,37690.0,3567.0,788070.0
06111,2004,171.91,39950.0,2617.0,793994.0
06111,2005,213.05,41390.0,4511.0,794197.0
06111,2006,232.77,44042.0,2244.0,798183.0
06111,2007,217.75,45736.0,1595.0,800027.0
06111,2008,178.36,45775.0,893.0,806353.0
06111,2009,156.16,44435.0,352.0,815130.0
06111,2010,155.04,45947.0,590.0,825144.0
06111,2011,145.79,47869.0,568.0,830145.3175064506
06111,2012,144.18,49593.0,566.0,833763.5675062723
06111,2013,157.89,49789.0,1001.0,838447.6619144342
06111,2014,178.78,51946.0,1314.0,843076.2304173942
06111,2015,185.45,54244.0,1433.0,846808.0222418458
06111,2016,197.75,55760.0,1609.0,848374.0948964031
06111,2017,208.31,57462.0,2565.0,849961.965655281
06111,2018,217.43,59789.0,1204.0,849160.1484448892
06111,2019,223.83,62933.0,1146.0,846375.647279076
06111,2020,228.91,67737.0,1501.0,843793.0
06111,2021,254.9,74496.0,1477.0,839956.0
06111,2022,294.03,74454.0,1368.0,834675.0
06111,2023,305.98,77940.0,1163.0,832071.0
06111,2024,323.52,82558.0,1648.0,833431.0
06111,2025,329.85,,1609.0,830851.0
06113,1969,,4503.0,,
06113,1970,,4747.0,,
06113,1971,,5117.0,,
06113,1972,,5400.0,,
06113,1973,,6336.0,,
06113,1974,,7265.0,,
06113,1975,15.93,7752.0,,
06113,1976,20.16,8028.0,,
06113,1977,22.16,8730.0,,
06113,1978,25.11,9179.0,,
06113,1979,33.73,10486.0,,
06113,1980,38.31,11545.0,,
06113,1981,41.09,12380.0,,
06113,1982,40.06,12550.0,,
06113,1983,43.57,12817.0,,
06113,1984,43.67,14340.0,,
06113,1985,46.11,14994.0,,
06113,1986,48.51,16025.0,,
06113,1987,52.34,16894.0,,
06113,1988,57.88,17252.0,,
06113,1989,70.08,18669.0,,
06113,1990,83.72,20024.0,1114.0,
06113,1991,88.36,20573.0,1049.0,
06113,1992,86.55,21153.0,640.0,
06113,1993,82.75,21535.0,888.0,
06113,1994,81.19,22759.0,655.0,
06113,1995,79.28,23727.0,716.0,
06113,1996,79.11,24178.0,800.0,
06113,1997,79.45,25124.0,723.0,
06113,1998,82.1,25751.0,1612.0,
06113,1999,85.92,26871.0,1456.0,
06113,2000,100.0,27801.0,1202.0,169835.0
06113,2001,114.23,29787.0,1300.0,175337.0
06113,2002,132.58,30095.0,1409.0,180327.0
06113,2003,146.26,31555.0,1750.0,182954.0
06113,2004,176.57,33182.0,2195.0,185237.0
06113,2005,219.33,34286.0,1702.0,186269.0
06113,2006,228.9,36651.0,1264.0,189615.0
06113,2007,209.85,38498.0,922.0,194339.0
06113,2008,175.61,39765.0,324.0,197154.0
06113,2009,155.65,39447.0,323.0,199791.0
06113,2010,146.65,39972.0,254.0,201061.0
06113,2011,136.45,42852.0,252.0,201750.13993300806
06113,2012,134.77,43545.0,293.0,204191.57410616762
06113,2013,147.84,44606.0,813.0,205712.7691473094
06113,2014,169.7,46794.0,218.0,207621.49846355495
06113,2015,179.76,49060.0,354.0,211048.61698099467
06113,2016,194.75,49950.0,673.0,214410.55012014855
06113,2017,208.77,50784.0,579.0,217100.2871186194
06113,2018,222.61,52071.0,776.0,218505.06351125025
06113,2019,229.87,55300.0,895.0,218245.45428529818
06113,2020,233.18,59784.0,1206.0,217760.0
06113,2021,261.98,66164.0,1229.0,213524.0
06113,2022,300.32,63771.0,931.0,222854.0
06113,2023,294.69,67061.0,722.0,221962.0
06113,2024,305.88,71044.0,716.0,223260.0
06113,2025,303.24,,397.0,224410.0
06115,1969,,3559.0,,
06115,1970,,3951.0,,
06115,1971,,4236.0,,
06115,1972,,4581.0,,
06115,1973,,4892.0,,
06115,1974,,5464.0,,
06115,1975,,5874.0,,
06115,1976,,5813.0,,
06115,1977,,6575.0,,
06115,1978,,7165.0,,
06115,1979,47.36,8013.0,,
06115,1980,45.22,8597.0,,
06115,1981,48.87,9253.0,,
06115,1982,61.53,9411.0,,
06115,1983,52.57,9603.0,,
06115,1984,58.78,10510.0,,
06115,1985,58.76,11058.0,,
06115,1986,59.84,11541.0,,
06115,1987,60.55,12148.0,,
06115,1988,65.99,12673.0,,
06115,1989,69.96,13490.0,,
06115,1990,84.3,13836.0,373.0,
06115,1991,92.23,14531.0,306.0,
06115,1992,95.52,14998.0,270.0,
06115,1993,94.01,14965.0,314.0,
06115,1994,92.41,14912.0,149.0,
06115,1995,95.18,15506.0,112.0,
06115,1996,90.39,16124.0,106.0,
06115,1997,92.06,17049.0,143.0,
06115,1998,94.1,17724.0,85.0,
06115,1999,97.47,19375.0,219.0,
06115,2000,100.0,20109.0,82.0,60372.0
06115,2001,115.27,21583.0,208.0,61249.0
06115,2002,128.91,22751.0,366.0,62100.0
06115,2003,149.22,24304.0,608.0,62733.0
06115,2004,188.07,25627.0,1746.0,63742.0
06115,2005,239.53,26666.0,1703.0,66285.0
06115,2006,252.89,27744.0,993.0,69272.0
06115,2007,222.74,29421.0,759.0,70761.0
06115,2008,166.12,30658.0,163.0,71773.0
06115,2009,135.9,30832.0,112.0,71607.0
06115,2010,129.57,31372.0,62.0,72345.0
06115,2011,111.03,32306.0,69.0,72646.00958083832
06115,2012,111.55,32540.0,78.0,73103.34760479041
06115,2013,129.38,33425.0,147.0,73584.16523952097
06115,2014,155.79,34260.0,201.0,74200.6305988024
06115,2015,165.03,36535.0,206.0,74886.90172155689
06115,2016,182.38,37536.0,187.0,75949.58922155689
06115,2017,202.06,37724.0,225.0,77802.72193113771
06115,2018,217.16,39413.0,379.0,78836.55736526947
06115,2019,233.12,41231.0,538.0,80168.19121257485
06115,2020,244.87,45542.0,442.0,81996.0
06115,2021,289.8,49373.0,839.0,83090.0
06115,2022,330.27,48993.0,595.0,84355.0
06115,2023,324.21,50601.0,523.0,85709.0
06115,2024,334.29,54741.0,756.0,87441.0
06115,2025,336.42,,461.0,88691.0
